"Ensembl_ID","baseMean","log2FoldChange","lfcSE","stat","pvalue","padj","mgi_symbol"
"ENSMUSG00000000031",1790.85133598677,4.72935361613274,1.43332454386726,3.29956926808249,0.000968333270706856,0.0105805956459804,"H19"
"ENSMUSG00000000093",5745.44251359602,-0.995284493024842,0.205289254745041,-4.8482054955138,1.24583311194664e-06,4.88087906686989e-05,"Tbx2"
"ENSMUSG00000000094",2224.01504968471,-0.754092519855598,0.236658311754997,-3.18641891029917,0.00144045861242947,0.0143044986720692,"Tbx4"
"ENSMUSG00000000126",364.412786851211,-0.682334624302374,0.234605033681317,-2.90843983010716,0.00363237068596703,0.0288282107084855,"Wnt9a"
"ENSMUSG00000000142",867.380249232859,-0.641284541568171,0.173643673046844,-3.69310629241972,0.000221531372331524,0.00337972499291432,"Axin2"
"ENSMUSG00000000159",491.954549960183,0.767860821574499,0.210054344343317,3.65553411415996,0.000256647075136489,0.0037767710027293,"Igsf5"
"ENSMUSG00000000216",5300.04393183775,-0.551681091481913,0.152977279743076,-3.60629429682928,0.000310600862867126,0.00440387651993746,"Scnn1g"
"ENSMUSG00000000253",798.52815589557,0.908822359436482,0.192633697606087,4.71787839163486,2.38316869399197e-06,8.21917156721361e-05,"Gmpr"
"ENSMUSG00000000266",2445.98164115082,-0.660776276783201,0.24647558664087,-2.68089949917024,0.00734245637670534,0.0493826429958738,"Mid2"
"ENSMUSG00000000290",8251.1408453247,0.582053409929051,0.159334486052983,3.65302844567812,0.000259165508128744,0.00380497300237942,"Itgb2"
"ENSMUSG00000000308",1459.09723573989,1.15035925095831,0.233859654254398,4.91901544379656,8.69806074267872e-07,3.67774737306171e-05,"Ckmt1"
"ENSMUSG00000000318",123.299229482789,-1.14027091576056,0.382842492450623,-2.97843352879023,0.0028972586478691,0.0243002468282542,"Clec10a"
"ENSMUSG00000000325",1055.05909553478,-0.698730268841025,0.168441173151172,-4.1482154022635,3.35077057244871e-05,0.000722093079334091,NA
"ENSMUSG00000000402",5645.24271778941,1.30649582673586,0.17001643108586,7.68452683303341,1.53563489260528e-14,3.30531534414377e-12,"Egfl6"
"ENSMUSG00000000416",333.486956765866,-1.08274122175585,0.301711645177116,-3.58866235050437,0.00033237898410115,0.00466087170405577,"Cttnbp2"
"ENSMUSG00000000440",1004.07838397685,0.705554863107627,0.185789155360109,3.79761058572054,0.000146097603922426,0.00240556100836326,"Pparg"
"ENSMUSG00000000489",3242.9015718881,-0.694213633654903,0.171468564558182,-4.04863501040941,5.15172128224333e-05,0.00103063270668843,"Pdgfb"
"ENSMUSG00000000530",18219.7342156498,-1.01664139099064,0.207510295722238,-4.89923349322126,9.62112543050404e-07,3.99724199571988e-05,"Acvrl1"
"ENSMUSG00000000544",113.232916985214,6.20526824163986,1.60518100833086,3.86577476897286,0.000110737098183706,0.00191511932144425,"Gpa33"
"ENSMUSG00000000562",90.0340966484927,1.83051294516431,0.474383689114474,3.85871813717142,0.000113983303843677,0.00195423389939279,"Adora3"
"ENSMUSG00000000563",5080.20937972334,0.617761616668841,0.132912172690068,4.64789344847571,3.35342046673533e-06,0.000110283409266355,"Atp5pb"
"ENSMUSG00000000567",122.900534414,2.70327032705928,0.604354336075268,4.47298904913061,7.7133729095078e-06,0.000214975673991196,"Sox9"
"ENSMUSG00000000628",1610.7179413132,0.907659160004941,0.155531873794901,5.83584019055711,5.35201758098267e-09,4.06867208869172e-07,"Hk2"
"ENSMUSG00000000732",802.09239676859,-0.507907669951311,0.170331512746099,-2.98187729189262,0.00286486800811562,0.0240964533733453,"Icosl"
"ENSMUSG00000000782",1766.72731397301,-0.534583521091454,0.153958762366541,-3.47225135402641,0.000516112862574617,0.00654390084449648,"Tcf7"
"ENSMUSG00000000794",1686.72917884295,1.0812768413087,0.186740388434182,5.79026771002892,7.02743251499603e-09,5.29726083883561e-07,"Kcnn3"
"ENSMUSG00000000903",483.232960310102,-0.856610207591258,0.319613567344659,-2.68014344543616,0.00735906170396958,0.0494061019697168,"Vpreb3"
"ENSMUSG00000000982",136.178957772174,2.15734706483425,0.386440493312144,5.58261130023884,2.36933884713073e-08,1.56192762007345e-06,"Ccl3"
"ENSMUSG00000001029",4226.02473579229,-0.770653872600689,0.225368932982608,-3.41952132621652,0.000627314150745939,0.00762396074092654,"Icam2"
"ENSMUSG00000001036",4648.52619796621,-0.640159519510403,0.163119699617321,-3.92447706201162,8.69183402883653e-05,0.00156914319811098,"Epn2"
"ENSMUSG00000001056",933.60936798126,0.731352445469433,0.170380916210359,4.2924551747713,1.76708232236639e-05,0.00042374396898088,"Nhp2"
"ENSMUSG00000001089",3842.37188801882,-0.454498750195254,0.153582602436018,-2.95931142581463,0.00308327339793608,0.0255248745385209,"Luzp1"
"ENSMUSG00000001095",60.0423010260438,1.64415336451679,0.516844648930621,3.18113647479689,0.00146698504289325,0.0145275431215565,"Slc13a2"
"ENSMUSG00000001105",1953.63535217337,0.466620192256118,0.146930683893429,3.17578452567854,0.00149431900685169,0.0147410320582029,"Ift20"
"ENSMUSG00000001120",711.602943289961,-0.954912588763172,0.25588622340988,-3.73178585403399,0.000190127099237959,0.00299789993635141,"Pcbp3"
"ENSMUSG00000001228",305.890997420778,1.17778013559366,0.31059776557015,3.79197877818491,0.000149451688035379,0.00245400221208828,"Uhrf1"
"ENSMUSG00000001229",3138.52255485027,0.787796407216916,0.188225464824556,4.18538696637682,2.84680705422241e-05,0.000630995136770265,"Dpp9"
"ENSMUSG00000001240",9395.64494949377,-1.01095748597518,0.199654910256591,-5.06352428135092,4.11575933050003e-07,1.94518625501013e-05,"Ramp2"
"ENSMUSG00000001249",906.161107910437,1.49240637346032,0.208418768439132,7.16061410705521,8.03164440775905e-13,1.3092681390978e-10,"Hpn"
"ENSMUSG00000001281",1359.10199975827,-0.576931926457386,0.188974604384607,-3.05296009660216,0.00226596067582426,0.0201902181913219,"Itgb7"
"ENSMUSG00000001300",5454.19394572585,-1.27746847244918,0.207769125586742,-6.14850001818889,7.82191185501897e-10,7.0220329291414e-08,"Efnb2"
"ENSMUSG00000001348",1686.49550671106,1.3715020431546,0.171496470074728,7.9972610664055,1.27217318372261e-15,3.15657971211172e-13,"Acp5"
"ENSMUSG00000001403",150.473752447977,1.79321886709941,0.492375244878595,3.64197608582365,0.000270553211578537,0.00393410278095615,"Ube2c"
"ENSMUSG00000001435",2979.10277966216,0.58825637254647,0.202305203545198,2.907766890015,0.0036401957547085,0.0288774854164597,"Col18a1"
"ENSMUSG00000001496",7095.32364211596,0.543889408219339,0.177597995037508,3.06247493449727,0.00219514859044093,0.0197762630197817,"Nkx2-1"
"ENSMUSG00000001507",9645.5320845209,-0.432418681495708,0.121545192316011,-3.55767820393456,0.000374147269394674,0.00511019951661762,"Itga3"
"ENSMUSG00000001521",971.009461416442,-0.576683732330134,0.169334238711903,-3.40559438372813,0.000660201881849937,0.00792396945429462,"Tulp3"
"ENSMUSG00000001542",1543.12718019924,0.691659586051716,0.171722035763115,4.02778585158306,5.63045914786606e-05,0.00109812393751776,"Ell2"
"ENSMUSG00000001552",16528.6304798901,-0.430360963100584,0.125227677652384,-3.43662815735681,0.000589003625480394,0.00727700537289574,"Jup"
"ENSMUSG00000001672",535.001190555689,0.705734706377403,0.229155193552986,3.07972381264935,0.00207192631107853,0.0188738460941608,"Marveld3"
"ENSMUSG00000001739",475.105829157758,-0.930142866101381,0.22617875263782,-4.11242371466615,3.91526864305955e-05,0.000811441697311588,"Cldn15"
"ENSMUSG00000001864",468.426179246751,2.10247132269143,0.281805246469822,7.46072455722212,8.6047967103653e-14,1.67092057859431e-11,"Aif1l"
"ENSMUSG00000001870",2812.7774309553,-0.798535627478504,0.231871522521914,-3.44387106615491,0.000573449097136682,0.00715409784940421,"Ltbp1"
"ENSMUSG00000001930",16543.8522377483,-0.864666508902879,0.162599468706357,-5.31776958302617,1.05046977664067e-07,5.7215373657578e-06,"Vwf"
"ENSMUSG00000001946",6145.58628810998,-0.506166423270922,0.150740877667531,-3.35785774305563,0.000785490269148181,0.0090417420478945,"Esam"
"ENSMUSG00000001995",2850.97291584966,-0.68885920826671,0.170916610268574,-4.03038187560737,5.56863085622858e-05,0.00108963406622698,"Sipa1l2"
"ENSMUSG00000001999",910.121776360005,0.544068157996852,0.175827293324796,3.09433278365848,0.00197256093620225,0.0181461385814898,"Blvra"
"ENSMUSG00000002020",3195.1181244496,0.476644441627267,0.14109193379072,3.37825436806521,0.000729475697329525,0.00855453058297363,"Ltbp2"
"ENSMUSG00000002058",1652.13751900184,1.13093026530974,0.209213682757813,5.40562285602951,6.45835641361245e-08,3.7953466226706e-06,"Unc119"
"ENSMUSG00000002204",11810.6827443737,1.01085442461049,0.15509200980441,6.51777242351367,7.13591447567032e-11,7.91820572098449e-09,"Napsa"
"ENSMUSG00000002205",1626.96351151183,0.459226233617572,0.14898156700059,3.08243659174127,0.00205313466283059,0.0187385041092372,"Vrk3"
"ENSMUSG00000002500",131.327820276128,2.52703830412419,0.578042227476601,4.37171919974737,1.23272003299748e-05,0.000316871127906473,"Rpl3l"
"ENSMUSG00000002580",730.436084548977,0.541624743256597,0.183021371026874,2.95935245276393,0.00308286290024085,0.0255248745385209,"Mien1"
"ENSMUSG00000002588",1658.37106561645,-1.11354400716205,0.184266366545837,-6.04312131419304,1.51160906538919e-09,1.2859474263418e-07,"Pon1"
"ENSMUSG00000002602",7283.01615202487,0.503957332497488,0.130027551299388,3.87577346078853,0.000106286536479154,0.00185793441702552,"Axl"
"ENSMUSG00000002768",1265.75904637941,0.450866290199696,0.165116648384617,2.73059255145165,0.00632205790042161,0.044274231435136,"Mea1"
"ENSMUSG00000002799",1242.32983377454,-0.591919191913768,0.181308720741231,-3.26470337165178,0.00109578766285748,0.0116774050279512,"Jag2"
"ENSMUSG00000002885",13682.5374813047,-1.08194785694436,0.169654433174719,-6.37736271724838,1.80163421290289e-10,1.81842910810792e-08,"Adgre5"
"ENSMUSG00000002900",4048.04535649176,-0.510741116257303,0.167763461199421,-3.04441213006558,0.00233135523699326,0.0206288565175258,"Lamb1"
"ENSMUSG00000002983",876.103643355968,0.470480538159237,0.172243270376247,2.7314886505088,0.00630489125222532,0.0441886552455886,"Relb"
"ENSMUSG00000003051",1049.47183424729,0.889436591976309,0.171559805042384,5.18441130051746,2.16698243947788e-07,1.09051102200767e-05,"Elf3"
"ENSMUSG00000003228",2994.5010647837,-0.644991924926262,0.214543911561885,-3.00633991536141,0.00264413238282763,0.0226232878444519,"Grk5"
"ENSMUSG00000003271",166.197980208892,1.88387871941681,0.312889469470046,6.02090803058223,1.73441292521046e-09,1.46157013721155e-07,"Sult2b1"
"ENSMUSG00000003363",7396.99263454953,0.989862298238088,0.189974429960483,5.21050279473924,1.88329543502095e-07,9.69598643995655e-06,"Pld3"
"ENSMUSG00000003379",1026.7175887042,-0.568820412874811,0.169017145815418,-3.36545981847318,0.000764161962474084,0.00885327721115402,"Cd79a"
"ENSMUSG00000003418",787.255607300732,1.8992310084417,0.219884235299662,8.63741325454002,5.75000871291705e-18,2.05186054318414e-15,"St8sia6"
"ENSMUSG00000003477",40768.9541156002,-0.980091459285412,0.248008447596844,-3.95184707933264,7.75502931984991e-05,0.00142681358186528,"Inmt"
"ENSMUSG00000003484",270.464153147775,-1.12481040676491,0.276265276950811,-4.07148672167432,4.67140256544514e-05,0.000944704253491862,"Cyp4f18"
"ENSMUSG00000003518",5231.0102732671,-0.48537538860988,0.158883924182835,-3.05490559291157,0.00225131376503223,0.0200797405952575,"Dusp3"
"ENSMUSG00000003528",2803.38081297825,0.467464851851402,0.154712466180935,3.02150733803639,0.0025151954387361,0.021812605103408,"Slc25a1"
"ENSMUSG00000003779",188.115141686545,1.61902442791913,0.382601416467789,4.23162162562311,2.32012477194995e-05,0.000534592951501295,"Kif20a"
"ENSMUSG00000003812",1921.2800239946,0.637023758986009,0.152551701468621,4.17578927572328,2.96954620123196e-05,0.000650931814539987,"Dnase2a"
"ENSMUSG00000003824",114.415358065028,1.05870196573329,0.360662836148677,2.93543403872323,0.00333081418751923,0.0269741593200504,"Syce2"
"ENSMUSG00000003865",1641.15303856961,0.693275977845794,0.167014678449183,4.1509883100289,3.31042676021205e-05,0.000714260556415317,"Gys1"
"ENSMUSG00000003948",1573.53413395821,-0.60920190970855,0.204354887803725,-2.98109781594098,0.00287217036142244,0.0241465051796762,"Mmd"
"ENSMUSG00000003949",741.631878383258,-1.74303576974452,0.313168388633652,-5.56581006579033,2.6093734403382e-08,1.68900204752326e-06,"Hlf"
"ENSMUSG00000003955",1045.97317494892,0.852489457872876,0.18728055628957,4.55193787738847,5.31540322960624e-06,0.000156801834099202,"Fam162a"
"ENSMUSG00000004044",19063.8763908075,-0.60785911128982,0.180609314414272,-3.3656022296588,0.000763767595080956,0.00885327721115402,"Cavin1"
"ENSMUSG00000004105",2626.28812667505,-0.726759558107797,0.24252622449258,-2.99662256990288,0.00272988469860407,0.0232124655595248,"Angptl2"
"ENSMUSG00000004270",2594.48474733252,0.560268833105428,0.187134077257364,2.9939433870983,0.00275397039308529,0.0233616719242492,"Lpcat3"
"ENSMUSG00000004359",86.3868900774166,2.27003404329488,0.424169033564958,5.3517203370935,8.71219710609703e-08,4.87910348904149e-06,"Spic"
"ENSMUSG00000004568",4114.36626336882,-0.52134150735443,0.126103481660057,-4.13423563323838,3.56137938350065e-05,0.000757429079598085,"Arhgef18"
"ENSMUSG00000004609",1201.52713668313,0.921213653673043,0.237048561820836,3.88618115459948,0.000101833526432957,0.00179946186916398,"Cd33"
"ENSMUSG00000004626",3498.67803848695,0.576989667048064,0.173961838321732,3.31676000101215,0.000910678084896316,0.0100800892110735,"Stxbp2"
"ENSMUSG00000004655",26959.1917269843,-0.851358632574249,0.202806395449715,-4.19788848712781,2.69415229551422e-05,0.000606948685490057,"Aqp1"
"ENSMUSG00000004837",2451.52863141468,-0.650114317299334,0.23518469034179,-2.76427141730413,0.00570500631197774,0.0406703662264494,"Grap"
"ENSMUSG00000004864",669.923294378666,1.36209449761169,0.184115041190494,7.39806204210337,1.38186290127045e-13,2.51907966644864e-11,"Mapk13"
"ENSMUSG00000004880",1559.09642597973,-0.483209627503385,0.144329127314616,-3.3479702711017,0.000814057433910104,0.00927803761517308,"Lbr"
"ENSMUSG00000004885",54.7268836686334,5.32017526203461,1.15718226699154,4.59752574317102,4.27537816092385e-06,0.00013305021472601,"Crabp2"
"ENSMUSG00000004891",4920.05910110992,-0.650459606407272,0.185881925881645,-3.49931604873425,0.000466453332797144,0.00606491178342139,"Nes"
"ENSMUSG00000004897",6653.15053550081,0.396930169985963,0.143819327681693,2.75992230240753,0.00578151099627727,0.0411009526257435,"Hdgf"
"ENSMUSG00000004988",32.5514951735163,2.50760390548543,0.681207096644734,3.68111829403504,0.000232213230728611,0.0035008349088326,"Fxyd4"
"ENSMUSG00000005054",2106.32318994152,1.14195560607719,0.158658378600517,7.19757516842208,6.12927613943914e-13,1.03301432293472e-10,"Cstb"
"ENSMUSG00000005087",10127.9951405496,0.843215961887683,0.151814002124817,5.55427002836282,2.78774257891051e-08,1.77867932757987e-06,"Cd44"
"ENSMUSG00000005233",94.0270277228139,1.34252327975226,0.40198538799957,3.33973154206713,0.000838594119454863,0.00946996456641032,"Spc25"
"ENSMUSG00000005237",583.12423140898,-1.22350872200908,0.258502460937126,-4.73306411696662,2.2115559032083e-06,7.67173712831383e-05,"Dnah2"
"ENSMUSG00000005320",1375.40400880618,-1.02985633799614,0.196028810320901,-5.25359683768045,1.49157193757174e-07,7.83733313668212e-06,"Fgfr4"
"ENSMUSG00000005354",2698.79311740828,0.401918644112087,0.14047057631114,2.86123012140169,0.00422000619934375,0.0323009471942057,"Txn2"
"ENSMUSG00000005397",3664.45518971071,-0.477412708126834,0.176673536811443,-2.70223100042628,0.00688758918937001,0.047108262200649,"Nid1"
"ENSMUSG00000005413",2048.28830869632,1.01495127274336,0.206567276643454,4.91341750366016,8.95024021839171e-07,3.7446379742756e-05,"Hmox1"
"ENSMUSG00000005417",19960.7104553248,-0.512960046122984,0.144321878787839,-3.5542777743149,0.000379018670463566,0.00515702098083139,"Mprip"
"ENSMUSG00000005447",758.389645573668,1.10219224502445,0.207074088903005,5.32269513227571,1.02241015694192e-07,5.58573622439369e-06,"Pafah1b3"
"ENSMUSG00000005514",11344.0515955002,-0.567989082940834,0.185541066078365,-3.06125805432712,0.00220409043213593,0.0198268255640022,"Por"
"ENSMUSG00000005580",935.558308119015,-0.851748795208558,0.175224524489614,-4.86089945279917,1.16853597424645e-06,4.64941986189594e-05,"Adcy9"
"ENSMUSG00000005667",344.919814268998,1.04769822176102,0.275693488540887,3.8002283888023,0.000144562790885049,0.00239562604095813,"Mthfd2"
"ENSMUSG00000005672",3665.07718545199,-1.27552958456312,0.226948247328779,-5.62035441813863,1.90566115361941e-08,1.27228485279063e-06,"Kit"
"ENSMUSG00000005973",1837.37432585377,-0.591693468514601,0.21159380300442,-2.79636482785955,0.00516810246343507,0.0378084154419605,"Rcn1"
"ENSMUSG00000006127",3883.60310937874,-0.604349047192665,0.149677544037063,-4.03767346050933,5.39839254879539e-05,0.00106311444167964,"Inpp5k"
"ENSMUSG00000006154",1458.34887820079,0.432240296353125,0.149218889540185,2.89668618822365,0.00377126784462145,0.0297062169506888,"Eps8l1"
"ENSMUSG00000006269",143.851977687697,-1.92610512248153,0.461437199555384,-4.17414357649843,2.99109088280782e-05,0.00065485096349708,"Atp6v1b1"
"ENSMUSG00000006273",6249.09676942438,0.405406388714812,0.137185039850076,2.95517929037935,0.0031248739613399,0.0257975385024664,"Atp6v1b2"
"ENSMUSG00000006344",471.068761564746,1.11365290370629,0.20616307624185,5.40180581317997,6.59733476915933e-08,3.86430772626333e-06,"Ggt5"
"ENSMUSG00000006362",2637.23561935018,-1.05337245863079,0.232354172551351,-4.53347769512506,5.80203955933531e-06,0.000169241885584437,"Cbfa2t3"
"ENSMUSG00000006373",7393.05993370853,-0.521076603166058,0.19267373543833,-2.70445061949215,0.00684174378127594,0.0469204424769653,"Pgrmc1"
"ENSMUSG00000006386",10855.3354087527,-1.20094972871347,0.207745175924746,-5.78087901857468,7.43113173635135e-09,5.57803228865197e-07,"Tek"
"ENSMUSG00000006390",16372.9489121616,0.96041012708411,0.119434620677678,8.0413042854299,8.88872269967595e-16,2.3014062468074e-13,"Elovl1"
"ENSMUSG00000006398",286.109882699153,1.31820580420521,0.375630906262083,3.50931135385723,0.000449268638539221,0.00591465307848429,"Cdc20"
"ENSMUSG00000006403",59.4104506893357,2.47090544534692,0.62963023991564,3.92437543291755,8.6955038686251e-05,0.00156914319811098,"Adamts4"
"ENSMUSG00000006411",981.307272530119,0.632880889565001,0.165668963793591,3.82015360676436,0.000133368588874403,0.00223511242048894,"Nectin4"
"ENSMUSG00000006519",4008.30283799701,0.611752575725998,0.158444347765922,3.86099336676732,0.000112926969572635,0.00194323291942391,"Cyba"
"ENSMUSG00000006529",172.978523161706,1.3266683169355,0.410298754368752,3.23342028901987,0.00122317465334549,0.0126385281561695,"Itih1"
"ENSMUSG00000006574",107.165520496343,-1.72818926751223,0.430439322648539,-4.01494281906796,5.94602086052136e-05,0.00114615322032103,"Slc4a1"
"ENSMUSG00000006589",1305.78816916588,0.480322022380253,0.14963589151426,3.20993858839328,0.00132763333608185,0.0134685800960262,"Aprt"
"ENSMUSG00000006651",250.321410341476,-0.786663669189469,0.251100817549404,-3.13285984835431,0.00173112080937857,0.0165398757655511,"Aplp1"
"ENSMUSG00000006777",1923.16819947631,1.38306084094772,0.161221202504787,8.57865354841683,9.59901162268494e-18,3.2355913705522e-15,"Krt23"
"ENSMUSG00000006920",2886.0565735494,-0.472903605052982,0.156585808873098,-3.02009235994201,0.00252697614098748,0.0218730058034845,"Ezh1"
"ENSMUSG00000006932",31442.5836625155,0.338794546337455,0.121293032026378,2.79319051290413,0.0052190944002913,0.038080174326772,"Ctnnb1"
"ENSMUSG00000007038",1722.25679546825,0.725861036480433,0.190230032117767,3.81570159243347,0.000135796536284076,0.00226517751700748,"Neu1"
"ENSMUSG00000007279",2893.50226785248,-1.14980237978681,0.266384091160153,-4.31633276138678,1.58642771589551e-05,0.000389420740393104,"Scube2"
"ENSMUSG00000007480",115.070051486813,1.49612299710198,0.428418612672173,3.49219887476461,0.000479061417158983,0.00618830962946149,"Mc5r"
"ENSMUSG00000007613",3315.75905138735,0.737260490222901,0.153509107870933,4.80271496882629,1.56528627117405e-06,5.82579984052593e-05,"Tgfbr1"
"ENSMUSG00000007655",37305.9108449568,-0.749466884670493,0.223925805656165,-3.34694289688653,0.000817080397967072,0.00929754223546607,"Cav1"
"ENSMUSG00000007659",3963.08847671463,0.442951118725465,0.142658418301166,3.10497707741545,0.00190293771363322,0.017679050035763,"Bcl2l1"
"ENSMUSG00000007872",2736.410016925,-0.579169418953437,0.149673459301199,-3.86955323714361,0.000109034971446017,0.00189669889472551,"Id3"
"ENSMUSG00000007888",852.302720994521,0.743400342212651,0.19694867927387,3.77458912115326,0.000160271604458216,0.00260469855552629,"Crlf1"
"ENSMUSG00000007891",29124.1506789757,1.51116489100187,0.185002597554833,8.16834417989169,3.12650877132551e-16,8.86588558725877e-14,"Ctsd"
"ENSMUSG00000008036",2008.03090346173,0.410404209064664,0.140149840803652,2.92832447551356,0.00340794190708282,0.0274618322823791,"Ap2s1"
"ENSMUSG00000008206",2249.99258750566,-0.5525890534435,0.190249410225862,-2.90455067790998,0.0036778065831295,0.0291055409089026,"Cers4"
"ENSMUSG00000008398",3516.68698767356,-0.552592994887969,0.142996856984605,-3.86437161305902,0.000111375551709751,0.00192337035678091,"Elk3"
"ENSMUSG00000008461",49.9786172065645,4.98198050991429,0.813556193151638,6.12370792804684,9.14224148958673e-10,8.08545268373599e-08,"Fut1"
"ENSMUSG00000008601",1289.07659043278,0.712575627425762,0.163865176950941,4.34854824365215,1.37041674753725e-05,0.000346287060746153,"Rab25"
"ENSMUSG00000008668",8379.87630957065,0.537584648904836,0.175660750137016,3.06035724250021,0.00221073123976281,0.0198665561359973,"Rps18"
"ENSMUSG00000008683",6070.79768567451,0.512530292069165,0.147086968522965,3.48453909422399,0.0004929854381475,0.00634066584053642,"Rps15a"
"ENSMUSG00000009281",2921.08372146733,-0.746464237564174,0.261619673533532,-2.85324198857888,0.00432756536552742,0.0329127097723062,"Rarres2"
"ENSMUSG00000009376",3993.11713261241,0.422841668361081,0.132508031168719,3.19106445572863,0.00141749653154607,0.0141393498247183,"Met"
"ENSMUSG00000009418",2420.35964763152,-0.768599778818252,0.152439168658905,-5.0420097772775,4.60667744272037e-07,2.13815968434345e-05,"Nav1"
"ENSMUSG00000009621",2506.32402856474,0.480792701478806,0.178426349677594,2.69462835700877,0.00704671795062593,0.0479396862863413,"Vav2"
"ENSMUSG00000009900",573.616820961301,-0.917343671733682,0.210906691895365,-4.3495237798751,1.36433489270856e-05,0.000346219358781796,"Wnt3a"
"ENSMUSG00000010051",517.410920402491,-0.717263792939857,0.243400175536434,-2.94684994108598,0.00321028948972192,0.0262599916363929,"Hyal1"
"ENSMUSG00000010067",631.885877189275,-0.521049784784309,0.181606119410474,-2.86912019526507,0.00411615347549965,0.0316824997155542,"Rassf1"
"ENSMUSG00000010080",3042.23375616642,0.886026589316016,0.1553904265679,5.70193807228435,1.18452864789684e-08,8.60227816856789e-07,"Epn3"
"ENSMUSG00000010406",1034.90166852038,0.492580053347518,0.181819829572176,2.70916574119866,0.00674526344166971,0.0464523225111306,"Mrpl52"
"ENSMUSG00000010663",5594.42681452467,-0.413290316791094,0.123153860982433,-3.35588599085861,0.000791111742612058,0.00907738832909643,"Fads1"
"ENSMUSG00000010760",66.7445243220629,1.76570378263387,0.473952560857308,3.72548632175335,0.000194939023759008,0.00305222231328192,"Phlda2"
"ENSMUSG00000010797",694.330209721381,-0.806876736603922,0.284355443504207,-2.83756388363983,0.00454592487228392,0.0341374307874537,"Wnt2"
"ENSMUSG00000011034",262.370369822957,1.02766821638731,0.249234056019196,4.12330575043149,3.73473426853391e-05,0.00078161788173434,"Slc5a1"
"ENSMUSG00000011148",2164.09302806136,1.67468450215851,0.155702586423788,10.7556627068505,5.57319627566281e-27,4.1485479776965e-24,"Adss1"
"ENSMUSG00000011154",433.884096208453,-0.804524961643672,0.299967888190652,-2.68203695567686,0.00731753756600999,0.0493126399912367,"Cfap161"
"ENSMUSG00000011256",3432.03332732028,0.668315921226258,0.174744091713712,3.8245408738693,0.000131016009964371,0.00220188242522435,"Adam19"
"ENSMUSG00000011257",1176.05334917617,0.587529841690966,0.173017942900526,3.39577405580852,0.000684348257955646,0.00812350938762633,"Pabpc4"
"ENSMUSG00000011632",28.6229821042427,4.16362105249674,1.27675297206223,3.26110151580192,0.00110980299927832,0.0117735335998261,"Pinlyp"
"ENSMUSG00000012017",2853.50399576161,-0.425708960554013,0.153823403180869,-2.76751750221945,0.00564850124057185,0.0403803420019272,"Scarf2"
"ENSMUSG00000012350",2223.10938320624,0.598437446068231,0.141851598622648,4.21875715098698,2.45652688539499e-05,0.00056191872993062,"Ehf"
"ENSMUSG00000012443",207.944533445651,0.966927708946698,0.337413459847436,2.86570580018919,0.00416080726275481,0.0319986318334544,"Kif11"
"ENSMUSG00000013033",1447.59901982011,-0.57115898548057,0.201884689867563,-2.82913471970188,0.00466740469603008,0.034844623858996,"Adgrl1"
"ENSMUSG00000013160",4168.17579606703,0.447179050074194,0.135032595715567,3.3116378138515,0.000927515427089564,0.0102474107018893,"Atp6v0d1"
"ENSMUSG00000013415",71.2002995858306,-1.26693169390206,0.452977467033746,-2.79689782849104,0.00515958466469019,0.0377925297395204,"Igf2bp1"
"ENSMUSG00000013584",1817.62329230256,-0.995462247838461,0.216481858577142,-4.59836336578629,4.25822838493946e-06,0.00013305021472601,"Aldh1a2"
"ENSMUSG00000013766",67.639534164187,2.10057037849958,0.472676872367439,4.44398806308993,8.83065061268845e-06,0.000238668038117518,"Ly6g6e"
"ENSMUSG00000013974",1946.74470800613,1.3658210500308,0.168337793554629,8.11357343582842,4.91524675781888e-16,1.3304679292187e-13,"Mcemp1"
"ENSMUSG00000014030",648.213328421744,-0.634739075704005,0.194450669206277,-3.26426789012827,0.00109747344203359,0.0116774050279512,"Pax5"
"ENSMUSG00000014077",6171.65535595703,0.445583903480583,0.129974147407522,3.42825025105567,0.000607485196061821,0.00744867743832837,"Chp1"
"ENSMUSG00000014303",1660.76202819338,-0.715043636577382,0.155980763541806,-4.58417833289896,4.55775130030225e-06,0.000139372553265559,"Glis2"
"ENSMUSG00000014313",3089.94799492796,0.37205340759774,0.132971684142825,2.79798973740995,0.00514217464521695,0.0376959171263032,"Cox6c"
"ENSMUSG00000014361",2658.60079282876,0.396055302640419,0.138704155331708,2.85539608884292,0.00429831857487795,0.0327600091041786,"Mertk"
"ENSMUSG00000014599",1874.463060876,-0.723493653183465,0.175589370490125,-4.12037272623033,3.78259974638376e-05,0.000789440940060116,"Csf1"
"ENSMUSG00000014778",2647.81565303916,-0.60638110337972,0.172231018819326,-3.52074270672362,0.000430339961545296,0.00570751552561746,"Fhod1"
"ENSMUSG00000015027",871.667237192264,0.520082697285941,0.186769120978874,2.78462892880869,0.00535890115463094,0.0388384458935017,"Galns"
"ENSMUSG00000015053",2453.15371709056,-1.0902603717183,0.191658497295427,-5.68855744516114,1.28117015202665e-08,9.19200994616714e-07,"Gata2"
"ENSMUSG00000015134",109.319888032627,1.32387782340543,0.430808326661817,3.07300890320225,0.0021191216524837,0.0192075638364391,"Aldh1a3"
"ENSMUSG00000015217",582.482242293047,1.24336378077321,0.272811447705056,4.55759386650611,5.17429679579209e-06,0.000153298196114139,"Hmgb3"
"ENSMUSG00000015243",3429.99525087055,-0.474204074151066,0.171462388935428,-2.76564485713336,0.00568103671785529,0.0405480307488952,"Abca1"
"ENSMUSG00000015305",4378.28628990275,-0.79515025688835,0.163001835454485,-4.8781675045026,1.07075976438309e-06,4.34752799788726e-05,"Sash1"
"ENSMUSG00000015340",8759.98073987132,0.734946486738646,0.242608688775257,3.02934940396744,0.00245081056566295,0.0213579174417408,"Cybb"
"ENSMUSG00000015354",7280.81505701784,-0.678234624440746,0.207616414412408,-3.26676783413428,0.00108782852231335,0.0116274777257921,"Pcolce2"
"ENSMUSG00000015401",31.0584960824678,5.92371066391411,1.31641739956287,4.49987265883993,6.79941819229064e-06,0.000194253524177766,"Cltrn"
"ENSMUSG00000015405",1199.36513975755,0.833392838573631,0.154524782411184,5.39326330423821,6.91894489655396e-08,4.01321268106937e-06,"Ace2"
"ENSMUSG00000015468",3121.82976856148,-1.14290201095896,0.168701240458677,-6.77471017908085,1.24655893006392e-11,1.60214210687712e-09,"Notch4"
"ENSMUSG00000015501",2395.68095441691,-0.436009728203126,0.162560714691551,-2.68213466599497,0.00731540052179759,0.0493126399912367,"Hivep2"
"ENSMUSG00000015619",370.589600926891,-1.13540279673318,0.237245078997402,-4.78578017943045,1.70324396110768e-06,6.19724101124007e-05,"Gata3"
"ENSMUSG00000015627",381.342582198795,-1.04489803232084,0.253120916503502,-4.1280588216675,3.65838541498729e-05,0.000770719993381463,"Gata5"
"ENSMUSG00000015665",286.790827916924,5.73372678578396,0.556534158496435,10.3025604057701,6.86103991124841e-25,4.5397214079427e-22,"Awat1"
"ENSMUSG00000015672",946.041775549495,0.938236295235509,0.188553468413068,4.97596943260728,6.49218926138083e-07,2.86377681863132e-05,"Mrpl32"
"ENSMUSG00000015766",1314.71096700214,-0.487125600502521,0.173920877407375,-2.80084603852088,0.00509688296008028,0.0375333116578047,"Eps8"
"ENSMUSG00000015880",74.8554726802014,1.43622644966371,0.51889323101179,2.76786507093803,0.0056424810823074,0.0403696133501889,"Ncapg"
"ENSMUSG00000015968",1399.74247651863,-0.945055453030192,0.212002098169706,-4.457764622092,8.28187679397503e-06,0.00022588660904483,"Cacna1d"
"ENSMUSG00000015970",341.813423714149,1.23700903904026,0.369769421894643,3.34535244342815,0.000821780724847453,0.00933913018409653,"Chdh"
"ENSMUSG00000016024",5010.86041130775,1.00698475048698,0.187309788925386,5.37603910753489,7.61422604088128e-08,4.31914778388036e-06,"Lbp"
"ENSMUSG00000016028",2924.2191989959,0.506713776432159,0.143125530115167,3.54034515033362,0.00039960405729571,0.00537399037796864,"Celsr1"
"ENSMUSG00000016128",3617.71689589762,-0.777835015979822,0.213277191074302,-3.64706142303251,0.000265256532543122,0.00387474076360005,"Stard13"
"ENSMUSG00000016255",249.501455504741,-1.27496016629053,0.337912053999169,-3.77305322849971,0.000161261866030182,0.00261666052373224,"Tubb1"
"ENSMUSG00000016256",8323.87117360128,1.00156380830719,0.170719034374052,5.86673777753874,4.44452727654178e-09,3.48252104365872e-07,"Ctsz"
"ENSMUSG00000016262",307.837027025409,1.36821852614319,0.281991615685917,4.85198300245606,1.22233101291058e-06,4.80989945939372e-05,"Sertad4"
"ENSMUSG00000016458",194.822385480777,-0.929229160076453,0.281278742676459,-3.30358828838089,0.00095455906707011,0.0104685068957689,"Wt1"
"ENSMUSG00000016481",2788.2582573715,-0.405626623994857,0.137088707622622,-2.95886241127509,0.00308776929980486,0.0255502540717989,"Cr1l"
"ENSMUSG00000016496",1619.10460480462,0.741992368611978,0.186823398232475,3.97162440910465,7.13842047346403e-05,0.00132980064398785,"Cd274"
"ENSMUSG00000016918",2571.40519794432,-0.793049106539093,0.135242098163286,-5.863921939318,4.52060065130583e-09,3.52666072644448e-07,"Sulf1"
"ENSMUSG00000017002",2442.71544040645,1.17756320827177,0.211028372674939,5.58011794028119,2.40355551434993e-08,1.5786587964655e-06,"Slpi"
"ENSMUSG00000017007",1904.37926665603,0.908308902085656,0.252345420465456,3.59946655822112,0.000318870635636135,0.00450682271015787,"Rbpjl"
"ENSMUSG00000017009",8142.88385040636,0.538925148528844,0.12404339045051,4.34465025965136,1.39497731994696e-05,0.000350510124062622,"Sdc4"
"ENSMUSG00000017344",306.188957032868,-0.885130960420057,0.277083398404412,-3.19445685132019,0.00140094225656458,0.014005502749595,"Vtn"
"ENSMUSG00000017386",771.142639236557,0.875274941819746,0.271866489069443,3.21950287001416,0.00128413075308385,0.0131316519197728,"Traf4"
"ENSMUSG00000017390",632.650542763048,1.15534828479429,0.228095004739001,5.06520643061124,4.07958024250237e-07,1.93320161889403e-05,"Aldoc"
"ENSMUSG00000017466",23023.284438164,-0.524469883038087,0.144903997814299,-3.61943004298761,0.000295252615700619,0.00421637728176783,"Timp2"
"ENSMUSG00000017493",9179.98722965237,-0.485679124301649,0.149409193474716,-3.25066425302564,0.00115135738992789,0.0121136629982696,"Igfbp4"
"ENSMUSG00000017561",1679.07861917845,-0.427092626800213,0.144076323491707,-2.96434984215014,0.00303323235092522,0.02518339356768,"Crlf3"
"ENSMUSG00000017607",163.146842331399,0.996246753331859,0.325722863490916,3.05857176451981,0.0022239480519303,0.019915203983827,"Tns4"
"ENSMUSG00000017697",1277.51211279766,4.65546559063867,1.60753647699355,2.8960248537224,0.00377922467633946,0.0297557729584859,"Ada"
"ENSMUSG00000017715",2967.63250120807,0.495983293179425,0.149065234412757,3.32729019702919,0.000876949966771693,0.00976727628203011,"Pgs1"
"ENSMUSG00000017716",158.925613364211,1.43311774260266,0.338684046151945,4.23142973188562,2.32210540366642e-05,0.000534592951501295,"Birc5"
"ENSMUSG00000017724",153.291142600183,4.23312463788168,0.458341659808475,9.23574051647532,2.56505525799066e-20,1.15542869065781e-17,"Etv4"
"ENSMUSG00000017737",886.016044715757,-0.895907964180885,0.258090135978951,-3.47129874135892,0.000517947425858012,0.00655785312753606,"Mmp9"
"ENSMUSG00000017740",184.693018533497,-1.12331416465658,0.354495735172371,-3.16876637207039,0.00153087396860689,0.0150022289902151,"Slc12a5"
"ENSMUSG00000017754",9985.338535336,-1.17376561102515,0.20754242541674,-5.65554540797264,1.55352149832997e-08,1.05930005983454e-06,"Pltp"
"ENSMUSG00000017760",8918.00136272539,0.495015988088853,0.169741192131791,2.91629852407605,0.00354211410639528,0.0282751870021231,"Ctsa"
"ENSMUSG00000017774",18204.2354291476,-0.539754675986216,0.130502533302489,-4.13597086835954,3.53457033113098e-05,0.000752623348815911,"Myo1c"
"ENSMUSG00000017950",260.620461544646,6.43668081588464,1.44201493893151,4.46367138238806,8.05670995408221e-06,0.000221776769383172,"Hnf4a"
"ENSMUSG00000017969",1989.45531327241,-0.884390433659585,0.204978482250355,-4.31455255181086,1.59926488597101e-05,0.000391665779394139,"Ptgis"
"ENSMUSG00000018001",6796.33966548578,-0.755772601848155,0.193055390435699,-3.91479668162842,9.04804201384512e-05,0.00162455548318938,"Cyth3"
"ENSMUSG00000018076",2068.38026416,-0.474606555441107,0.156245265868202,-3.03757398858697,0.00238490849219254,0.0210090681523766,"Med13l"
"ENSMUSG00000018169",1397.18731508033,-0.698412782523255,0.238449244656725,-2.92897880020002,0.00340077616042211,0.0274288334564068,"Mfng"
"ENSMUSG00000018171",3068.56358400543,0.567182370997034,0.188163330711346,3.01430873301836,0.00257565557460051,0.0221968580994877,"Vmp1"
"ENSMUSG00000018217",17940.8842466862,-0.875780531933723,0.197807406697988,-4.42744054205646,9.53578463214791e-06,0.000254643934907806,"Pmp22"
"ENSMUSG00000018263",1142.52437228026,-0.657951179833189,0.181304114383214,-3.62899199541886,0.000284530062117455,0.00409929803203898,"Tbx5"
"ENSMUSG00000018334",879.4904697688,-0.547760185549472,0.181429315827647,-3.01913824152779,0.00253494832481102,0.021909459033744,"Ksr1"
"ENSMUSG00000018339",32692.6393884586,-0.544597660418846,0.171106823981492,-3.18279334363517,0.00145861679770569,0.0144687335319335,"Gpx3"
"ENSMUSG00000018362",762.710056114624,0.649571008187524,0.210231720760681,3.08978590784104,0.00200300820104447,0.0183789119217563,"Kpna2"
"ENSMUSG00000018363",5022.32328178161,-0.683154756100211,0.133273776555952,-5.12595030886216,2.96040684933991e-07,1.43716490118091e-05,"Smurf2"
"ENSMUSG00000018381",332.332895579098,-0.777406317301494,0.260815169077134,-2.98067907649798,0.00287610024425821,0.0241568081164424,"Abi3"
"ENSMUSG00000018411",3655.35402836712,-0.982056556748059,0.253109601625576,-3.879965637182,0.000104471223104558,0.0018339287385752,"Mapt"
"ENSMUSG00000018417",10917.10108113,-0.576464282749359,0.165627303401941,-3.4804906613157,0.000500496271750889,0.00640498989600976,"Myo1b"
"ENSMUSG00000018425",2079.95459956832,0.507599547837157,0.166532450052576,3.04805188224218,0.00230330156941483,0.0204210831452089,"Dhx40"
"ENSMUSG00000018500",611.655705896673,0.92740202895988,0.25110134789825,3.69333751778855,0.000221329948200031,0.00337953805520817,"Adora2b"
"ENSMUSG00000018567",10030.6560478134,0.463882674176175,0.125322863912162,3.70150074531736,0.000214328026695532,0.00329979419581141,"Gabarap"
"ENSMUSG00000018569",1882.18747330143,0.568119358381155,0.161961177125301,3.50775024277348,0.000451913103322144,0.00592762671868584,"Cldn7"
"ENSMUSG00000018570",70.6013870766644,1.66553776402257,0.481436558126879,3.45951659862032,0.000541145923067543,0.00680335813905816,"2810408A11Rik"
"ENSMUSG00000018581",718.641942232872,-1.2676555071402,0.317721702986418,-3.98982976367336,6.61207340934978e-05,0.00124999673500565,"Dnah11"
"ENSMUSG00000018585",1507.12032151905,0.668490373806572,0.145412917780348,4.59718699006063,4.28233268779489e-06,0.00013305021472601,"Atox1"
"ENSMUSG00000018604",3686.60034489143,-1.17940290937338,0.273633375915087,-4.31015736084535,1.63138417075502e-05,0.00039754009863986,"Tbx3"
"ENSMUSG00000018677",3936.48293258301,0.776806103554865,0.164111364029869,4.73340836661062,2.20780660576036e-06,7.67173712831383e-05,"Slc25a39"
"ENSMUSG00000018750",8480.71460695964,-0.54155863261339,0.121582671039656,-4.45424194075116,8.41901219645386e-06,0.000228927934383026,"Zbtb4"
"ENSMUSG00000018761",1381.87626264567,0.563740250030666,0.157197297666395,3.58619555424572,0.00033553737894934,0.00469043448742564,"Mpdu1"
"ENSMUSG00000018774",4842.10594819378,1.35141451860243,0.20240634997583,6.6767397305658,2.44316272313681e-11,2.98952753759172e-09,"Cd68"
"ENSMUSG00000018776",45.2861230738451,-1.57611224128857,0.578802979387148,-2.72305481730139,0.00646813244711741,0.044976771463795,"Slc35g3"
"ENSMUSG00000018800",2576.97911129711,-0.672690068932598,0.139030035308097,-4.83845139966975,1.30854683485532e-06,5.08199765319356e-05,"Abca5"
"ENSMUSG00000018821",1679.78252794266,0.704548624417419,0.176561152296894,3.99039434922068,6.5963527797445e-05,0.00124966959077556,"Avpi1"
"ENSMUSG00000018845",865.586403123297,-0.972205767792984,0.320685095126482,-3.03165249201724,0.00243219033629886,0.0212474720576915,"Unc45b"
"ENSMUSG00000018862",27.9351890192943,8.19901280858595,2.99468304459517,2.73785662338576,0.0061841030223358,0.0434272800684076,"Otop3"
"ENSMUSG00000018882",674.855340461027,0.483459313005813,0.177138803369481,2.72926825635939,0.00634750456571789,0.0444002228138411,"Mrpl45"
"ENSMUSG00000018893",1881.82626904398,1.54887171832671,0.27850687634443,5.56134102919318,2.67709473943411e-08,1.72037041438814e-06,"Mb"
"ENSMUSG00000018909",9884.7956967984,-0.593578346969262,0.161741740417431,-3.66991442924581,0.000242631676632039,0.00361283793458093,"Arrb1"
"ENSMUSG00000018916",81.7186929639762,1.26958889669442,0.430738647381208,2.94746920067013,0.00320386666154094,0.0262599916363929,"Csf2"
"ENSMUSG00000018924",347.083027226975,-1.30219414295562,0.22634674988854,-5.75309406296692,8.76246969352971e-09,6.46865789565737e-07,"Alox15"
"ENSMUSG00000018927",18893.9474007494,1.99987579235894,0.264105440519148,7.57226276152362,3.66778629515033e-14,7.61918629800705e-12,"Ccl6"
"ENSMUSG00000019027",909.89744658946,-0.977405304966658,0.350596793050501,-2.78783298746794,0.00530618912581035,0.0385502516196022,"Dnah1"
"ENSMUSG00000019124",1334.28203411462,-0.746927146427236,0.255054226024812,-2.92850331503457,0.00340598200687128,0.027458424437164,"Scrn1"
"ENSMUSG00000019139",1642.59094769907,0.558217995357163,0.165590982263786,3.37106518559038,0.000748781379298229,0.00873741302492675,"Isyna1"
"ENSMUSG00000019188",5396.59548573512,0.562042844181699,0.172250066867632,3.26294703045664,0.0011026012618997,0.0117110413459204,"H13"
"ENSMUSG00000019210",4489.41136217482,0.571702454602455,0.155746818448438,3.67071674592008,0.000241871265393541,0.00360686991340201,"Atp6v1e1"
"ENSMUSG00000019256",3028.77773152555,-0.700644873690136,0.197385938319038,-3.54961898328174,0.000385789081288378,0.00524115736670485,"Ahr"
"ENSMUSG00000019302",5798.19198362352,0.651555639186701,0.152726011583344,4.26617334160618,1.98854298899285e-05,0.000469290891655975,"Atp6v0a1"
"ENSMUSG00000019312",1549.68929151652,0.810065487625321,0.166942331269218,4.85236717054692,1.21996491363635e-06,4.80989945939372e-05,"Grb7"
"ENSMUSG00000019359",506.874862045535,1.12321504388627,0.383164424391753,2.93141787802794,0.00337418564253093,0.0272512778046181,"Gdpd2"
"ENSMUSG00000019433",1801.44350077539,0.405838585504497,0.14912274989535,2.72150685116323,0.0064985038052178,0.0451032519348158,"Gipc1"
"ENSMUSG00000019467",897.777122587087,-0.642225111963616,0.231189137064891,-2.77792079730525,0.00547079516316526,0.0394145711543194,"Arhgef25"
"ENSMUSG00000019579",1489.89761569589,0.555794126710697,0.148429726079747,3.7444933800665,0.000180758142618978,0.00288325376597147,"Mydgf"
"ENSMUSG00000019647",2102.85243744585,-0.798623985686995,0.260068993568658,-3.07081584285887,0.00213474772428633,0.0193295834234036,"Sema6a"
"ENSMUSG00000019699",3391.04340266955,-0.607694884930595,0.187780863204935,-3.23619177459731,0.00121135970652605,0.0125600354945374,"Akt3"
"ENSMUSG00000019726",3375.51361280599,0.554517973278282,0.201841911819313,2.74728855013364,0.00600902419747847,0.042356443165357,"Lyst"
"ENSMUSG00000019734",2366.22863946975,0.656509409031739,0.194142283650481,3.38158899075108,0.000720678853408997,0.00847034718167877,"Tmc4"
"ENSMUSG00000019779",476.000440703245,0.712260747724899,0.202574895722301,3.51603660061265,0.000438040593423263,0.00579244648520103,"Frk"
"ENSMUSG00000019787",202.048225359069,1.2552678806451,0.365018800489552,3.43891295177556,0.000584055003564942,0.00724980971923,"Trdn"
"ENSMUSG00000019820",15076.0620741846,-0.737534394446663,0.175875892637429,-4.193493396887,2.74691076398838e-05,0.000616502020083573,"Utrn"
"ENSMUSG00000019832",870.496980396553,0.783885284823367,0.205940727123514,3.80636358709769,0.000141025018504892,0.00234363902845571,"Rab32"
"ENSMUSG00000019836",20.7152090019933,-3.91286293106731,1.18081938655764,-3.31368452755014,0.000920753289278742,0.0101852987696376,"Amd-ps4"
"ENSMUSG00000019843",2042.3376885068,-0.469015726606999,0.173776709162405,-2.69895619998578,0.00695573303001855,0.0474290727409471,"Fyn"
"ENSMUSG00000019846",3042.35021604271,-0.754499111033887,0.191642204403799,-3.93701957969615,8.24998779342242e-05,0.00150302555803535,"Lama4"
"ENSMUSG00000019851",1430.28407378526,1.01935704504191,0.307896576400243,3.31071250274905,0.000930587641310667,0.0102686523854324,"Perp"
"ENSMUSG00000019852",1681.28272380152,0.927543573073214,0.188609988376604,4.91778606773018,8.75284920001089e-07,3.67774737306171e-05,"Arfgef3"
"ENSMUSG00000019876",294.392682059168,1.47745937718843,0.259197771394125,5.70012376742958,1.19720476058338e-08,8.65913483717496e-07,"Pkib"
"ENSMUSG00000019880",72.0157009814666,-1.33162797785868,0.456409369151037,-2.91761753343414,0.00352716691570583,0.0281810540917194,"Rspo3"
"ENSMUSG00000019893",661.738158525312,3.33525183325317,0.361186698057671,9.23414912893783,2.6034692881872e-20,1.15542869065781e-17,"Ros1"
"ENSMUSG00000019899",1772.21131103111,-0.808659232518884,0.205229374627071,-3.94027041201253,8.13898122639183e-05,0.00148673721482096,"Lama2"
"ENSMUSG00000019905",35.3703898014468,-2.02308572158731,0.647779172434727,-3.12311017037393,0.00178950749424957,0.0169240610824609,"Gprc6a"
"ENSMUSG00000019942",206.033120306699,2.00937942900562,0.399392632560928,5.03108786990226,4.87704544512561e-07,2.25721287246552e-05,"Cdk1"
"ENSMUSG00000019944",872.238426420703,-0.599074272698863,0.218807046031744,-2.73791124903697,0.00618307595448186,0.0434272800684076,"Rhobtb1"
"ENSMUSG00000019951",3945.41075244999,0.712830944826246,0.153376145559782,4.64759980911375,3.35819617357385e-06,0.000110283409266355,"Bltp3b"
"ENSMUSG00000019966",5892.29702835628,-0.785190010136025,0.274248390185425,-2.8630615100608,0.00419569103736914,0.0321976032571304,"Kitl"
"ENSMUSG00000019978",8267.4333475158,-0.586044018256266,0.175664100252131,-3.33616269582184,0.000849434370849226,0.00955432186540231,"Epb41l2"
"ENSMUSG00000019987",177.156733097874,1.84299767460546,0.311778698923439,5.91123665910874,3.39548772174464e-09,2.74481394339221e-07,"Arg1"
"ENSMUSG00000019990",1410.12485850812,0.978929219465559,0.187955450141936,5.20830451432142,1.9057398491586e-07,9.78334551874092e-06,"Pde7b"
"ENSMUSG00000020000",50.7280491329765,2.25183295203816,0.767662490631325,2.93336326773796,0.00335311311434019,0.0271178659066037,"Moxd1"
"ENSMUSG00000020017",373.552078897178,1.75314303795755,0.271475856191467,6.45782303646586,1.0621984447246e-10,1.11624560088265e-08,"Hal"
"ENSMUSG00000020019",4627.02273990381,-0.838766240020574,0.167480912178401,-5.00813035414518,5.49613078956026e-07,2.48578168494922e-05,"Ntn4"
"ENSMUSG00000020023",4521.61589458224,-0.735014579082552,0.178637314710467,-4.11456352371763,3.87912724861486e-05,0.00080488511378054,"Tmcc3"
"ENSMUSG00000020027",2793.05270842869,0.441931187602289,0.142230792497066,3.10714142727852,0.00188906000861601,0.0176138084832594,"Socs2"
"ENSMUSG00000020029",6227.35485942646,0.357479152519702,0.133375342849481,2.68024917411557,0.00735673754391911,0.0494061019697168,"Nudt4"
"ENSMUSG00000020032",1392.92197241593,-0.653161255681956,0.229384800323234,-2.84744784642036,0.00440713147584589,0.0333474814976649,"Nuak1"
"ENSMUSG00000020044",18598.2246399334,-0.780237600072793,0.168803342188623,-4.62216914639608,3.79748171128059e-06,0.000122679947146524,"Timp3"
"ENSMUSG00000020053",1360.74141922843,2.05470234472588,0.230392197346912,8.91828095042652,4.73581744432732e-19,1.88011952539795e-16,"Igf1"
"ENSMUSG00000020057",18881.4954454639,1.09620020782569,0.167203476303533,6.55608502921138,5.52387423290432e-11,6.22525121948354e-09,"Dram1"
"ENSMUSG00000020061",483.956082827833,6.13900383256146,1.85691958792671,3.30601490364792,0.000946330540572326,0.0104038123737382,"Mybpc1"
"ENSMUSG00000020072",159.064188766807,1.00784998477224,0.36917662177564,2.7299940606335,0.00633354666033575,0.0443373084196309,"Pbld2"
"ENSMUSG00000020080",604.190093520932,1.3825090030968,0.288121639625608,4.79835185199301,1.59976569899618e-06,5.89274519846737e-05,"Hkdc1"
"ENSMUSG00000020089",772.507246833658,0.591643621128863,0.171299268688145,3.4538595853901,0.000552625026593107,0.00691846257889689,"Ppa1"
"ENSMUSG00000020092",2437.95520610016,-0.422536936403781,0.136313564125576,-3.09974241458853,0.00193689006839673,0.0179287777574651,"Pald1"
"ENSMUSG00000020096",104.950774827172,-1.42784068673788,0.419855518474869,-3.40079056701346,0.00067191284400573,0.00800782051912099,"Tbata"
"ENSMUSG00000020098",431.583552335906,1.11641473398256,0.276650035276471,4.03547656470337,5.44915787864875e-05,0.00106977148903363,"Pcbd1"
"ENSMUSG00000020101",3750.38069170669,-0.493469191046587,0.146245236114511,-3.37425822650521,0.000740149013797883,0.0086536401384157,"Vsir"
"ENSMUSG00000020108",874.242613439274,0.502819747853611,0.18644505634244,2.69687895038682,0.00699927085693234,0.0476895399920276,"Ddit4"
"ENSMUSG00000020120",4802.2880458277,0.831132318950643,0.135533662774842,6.13229438306689,8.66206258860423e-10,7.69889294255794e-08,"Plek"
"ENSMUSG00000020122",1054.69759351014,-0.713685630540203,0.224952990795128,-3.1725989862041,0.00151081046842062,0.0148492558524871,"Egfr"
"ENSMUSG00000020135",155.461700190934,-1.06436544093796,0.375646803633484,-2.83342073097062,0.00460527282714782,0.034481642521792,"Apc2"
"ENSMUSG00000020142",1380.02106677569,-0.735331803739504,0.23756546275411,-3.09528075004995,0.00196626683073029,0.018116223275398,"Slc1a4"
"ENSMUSG00000020154",30483.2887934512,-1.25513593347627,0.229310981849988,-5.47350991806124,4.41208177552296e-08,2.69937811368896e-06,"Ptprb"
"ENSMUSG00000020160",1317.47222672241,-1.00941112188678,0.263641678772702,-3.82872361678837,0.000128809562073329,0.00217708876673607,"Meis1"
"ENSMUSG00000020163",1718.9539190919,0.491074289913604,0.16457915235246,2.98381832020818,0.00284675749614996,0.0240011089564256,"Uqcr11"
"ENSMUSG00000020169",85.8551594198685,-1.11806985351445,0.405882322324185,-2.75466506427799,0.00587522457730245,0.0417006543874327,"Best3"
"ENSMUSG00000020171",1260.02579393403,0.472948882973991,0.164158409851635,2.88105180478684,0.00396350489594625,0.0308263016830996,"Yeats4"
"ENSMUSG00000020175",414.212175909206,-0.90496548260935,0.271817736968798,-3.32930989971868,0.000870614741643483,0.00971974587042478,"Rab36"
"ENSMUSG00000020183",10259.4360524678,0.386915588183288,0.132468308243672,2.92081625645561,0.00349115660998211,0.0279558551489602,"Cpm"
"ENSMUSG00000020205",1265.47063871945,0.92830614109501,0.229923405983972,4.03745820101378,5.40334684044284e-05,0.00106311444167964,"Phlda1"
"ENSMUSG00000020216",37.13436959753,8.61286826711637,1.6939636583562,5.08444689744654,3.68698900614953e-07,1.76117803729576e-05,"Jsrp1"
"ENSMUSG00000020218",305.85037305596,-0.936762788513649,0.254735605465739,-3.67739243519156,0.000235630386455138,0.00353445579682707,"Wif1"
"ENSMUSG00000020241",6394.96253769064,-0.409134382435659,0.132538105349266,-3.08691890047397,0.00202242765453429,0.0185285487426949,"Col6a2"
"ENSMUSG00000020262",2346.65282983499,-0.639243604748877,0.165617955242688,-3.85974820068369,0.000113503920797737,0.00194788428919459,"Adarb1"
"ENSMUSG00000020264",1115.53074563224,-0.8550502185165,0.197414352658187,-4.33124647222068,1.48267599469363e-05,0.000369944226888292,"Slc36a2"
"ENSMUSG00000020277",2838.99250106988,0.491088968527052,0.17371582536685,2.82696736172413,0.00469911170804292,0.0350227912658268,"Pfkl"
"ENSMUSG00000020307",1209.30809531881,0.580146106042778,0.155631020594913,3.7277022525787,0.000193233475489181,0.00303083058789659,"Cdc34"
"ENSMUSG00000020315",78324.6916538475,-0.722521035885442,0.190184044716795,-3.79906230809928,0.000145244576921258,0.0023979956830415,"Sptbn1"
"ENSMUSG00000020330",118.292121674678,1.49071127934083,0.474133996837994,3.14407169551732,0.00166614613427491,0.0160202910058241,"Hmmr"
"ENSMUSG00000020340",1963.94670041334,-0.420583513501767,0.141289401570001,-2.97675203396903,0.00291319525247095,0.0243995467348305,"Cyfip2"
"ENSMUSG00000020357",2390.47563846571,-0.972298616043823,0.216798283918065,-4.48480771375148,7.29797170597075e-06,0.000204997271269131,"Flt4"
"ENSMUSG00000020372",20540.6276836455,0.446024053411436,0.153310890970642,2.90927833363676,0.00362264182254633,0.028767772432742,"Rack1"
"ENSMUSG00000020377",242.659427617409,1.17288527007732,0.299246060630391,3.91946770362331,8.87447517987076e-05,0.00159982340149739,"Ltc4s"
"ENSMUSG00000020387",2517.16884805608,-0.407716751720053,0.149282791862387,-2.73117046267393,0.0063109819946635,0.0442139973861425,"Jade2"
"ENSMUSG00000020399",558.368771551213,0.586466841956931,0.193803083328448,3.02609655060551,0.00247733183114242,0.0215365124882527,"Havcr2"
"ENSMUSG00000020411",34.7051309668375,3.12120720388283,1.16134627212171,2.68757671919898,0.00719725667066865,0.0487515569174828,"Nipal4"
"ENSMUSG00000020413",793.062179551606,-0.627926355857888,0.199393521973799,-3.14918132566212,0.00163728570482109,0.0158085911757288,"Hus1"
"ENSMUSG00000020422",13324.9448940441,-0.865528290339604,0.198870990052967,-4.35220989300189,1.34772142618431e-05,0.000342977824484084,"Tns3"
"ENSMUSG00000020431",212.641071186749,-1.07099326588002,0.364557674738627,-2.93778828452283,0.00330562679554409,0.0268106141418628,"Adcy1"
"ENSMUSG00000020440",2493.8955550927,0.46760190012667,0.150633623699016,3.10423322923568,0.0019077288097615,0.0177047143825399,"Arf5"
"ENSMUSG00000020467",5943.37652773465,-0.84977401739003,0.179001726193519,-4.74729509854748,2.06155063794047e-06,7.27857749936888e-05,"Efemp1"
"ENSMUSG00000020473",4496.21837907679,-0.560137929005733,0.172170711727808,-3.25338684718502,0.00114038132534016,0.0120327645884266,"Aebp1"
"ENSMUSG00000020475",518.597697023372,0.968195928769262,0.331708837006074,2.91881258729183,0.00351367398282736,0.0280983821410971,"Pgam2"
"ENSMUSG00000020486",6138.59057445763,-0.674876906953147,0.200747864345786,-3.36181363200298,0.000774323659403142,0.00894201174869886,"Septin4"
"ENSMUSG00000020524",614.122995531281,-1.23521907676398,0.297417412028252,-4.15314983860679,3.27929856144319e-05,0.000709257491527635,"Gria1"
"ENSMUSG00000020534",576.737944339631,1.2674135103268,0.28400524082106,4.46264127613526,8.09555186286903e-06,0.000222503129277162,"Shmt1"
"ENSMUSG00000020566",2438.5933572787,0.715939619627044,0.157827896643906,4.53620452943348,5.72756372865296e-06,0.000167742501659648,"Atp6v1c2"
"ENSMUSG00000020571",7544.25054155244,0.499466056264733,0.139346487173418,3.58434623215971,0.000337923576363192,0.00472009749157813,"Pdia6"
"ENSMUSG00000020577",6932.70827145366,-0.892810503623091,0.215560948207691,-4.14180078092287,3.44589594985242e-05,0.00073902678444314,"Tspan13"
"ENSMUSG00000020589",2252.5080250599,-0.64534743580684,0.197478428930832,-3.26793887970861,0.0010833375802082,0.0115891172876763,"Cyria"
"ENSMUSG00000020592",13537.397502691,0.748172655185147,0.200764262734307,3.72662268172342,0.000194062635712151,0.00304116577806804,"Sdc1"
"ENSMUSG00000020598",436.842649888424,-0.867354475587736,0.205961036278802,-4.21125515417212,2.53955707092263e-05,0.000577951427669208,"Nrcam"
"ENSMUSG00000020599",337.91372315509,-1.68761519482558,0.255392129414699,-6.60793736554531,3.89711491698082e-11,4.49743212681504e-09,"Rgs9"
"ENSMUSG00000020601",2090.16192262062,-0.720357148087905,0.193192000620331,-3.72871105312265,0.000192461680177938,0.00302403510675361,"Trib2"
"ENSMUSG00000020604",351.898172775154,0.850463465591413,0.223888450627804,3.7986035599721,0.000145513627538657,0.00239815586344844,"Arsg"
"ENSMUSG00000020609",145.591585436483,2.00551109853125,0.366090294212439,5.47818702171729,4.29705825670876e-08,2.63803937306193e-06,"Apob"
"ENSMUSG00000020620",902.360049709909,-0.628913878796,0.227464684046302,-2.76488581703514,0.00569427241119321,0.0406100505492881,"Abca8b"
"ENSMUSG00000020638",614.26125488131,-0.69953050380672,0.26118990820816,-2.6782447629991,0.00740091139950377,0.0496294433825173,"Cmpk2"
"ENSMUSG00000020641",180.247624017251,-0.993362977258194,0.367389048831086,-2.70384482177342,0.00685422902480481,0.0469846183338473,"Rsad2"
"ENSMUSG00000020642",5325.00259739931,-0.711776684536701,0.205417541149058,-3.46502387554241,0.00053018440799251,0.00668436446632758,"Rnf144a"
"ENSMUSG00000020644",3762.15305796299,0.726224425533913,0.148618571287831,4.88649849908344,1.02645109640946e-06,4.2252416675933e-05,"Id2"
"ENSMUSG00000020646",192.022588381736,-0.868323835914609,0.282921479540999,-3.06913365971133,0.00214680520019944,0.0194092484319651,"Mboat2"
"ENSMUSG00000020649",271.744466253965,1.0244508651284,0.295352321588577,3.46857224489824,0.000523231823406161,0.00661070475611815,"Rrm2"
"ENSMUSG00000020651",680.198529018841,1.84297583164962,0.292827615656696,6.29372276763093,3.0994117057788e-10,2.96101551463841e-08,"Slc26a4"
"ENSMUSG00000020674",5857.93023225962,-1.06746724087151,0.160390042397089,-6.65544584263342,2.82442545566472e-11,3.38646716546646e-09,"Pxdn"
"ENSMUSG00000020679",1169.99272967219,1.0983012607127,0.193239151533003,5.68363735816301,1.31859726455303e-08,9.38515543077284e-07,"Hnf1b"
"ENSMUSG00000020681",36828.8680566727,-1.07886695982178,0.155841559077918,-6.92284501133852,4.42662002807749e-12,6.03676082454996e-10,"Ace"
"ENSMUSG00000020682",527.070887274789,-1.25310536151153,0.324319493781488,-3.86379907942204,0.000111637057865496,0.00192509270151263,"Mmp28"
"ENSMUSG00000020689",1201.11024615077,-0.772987524092426,0.206449157186107,-3.74420285666559,0.000180967402448505,0.00288401663224135,"Itgb3"
"ENSMUSG00000020700",3738.83726756635,-0.417754313756472,0.12841706582367,-3.25310589427492,0.00114150948736309,0.0120327645884266,"Map3k3"
"ENSMUSG00000020717",24714.5137622255,-0.808000735872964,0.221589266101191,-3.64638933143983,0.000265950937845473,0.00387895935378438,"Pecam1"
"ENSMUSG00000020734",221.111899528285,-1.36915267302178,0.267473604855553,-5.11883284244506,3.07432288703529e-07,1.48842217823538e-05,"Grin2c"
"ENSMUSG00000020787",85.0135161825942,-1.40480107689738,0.467198170663617,-3.00686339354021,0.00263958351973931,0.0225951890657129,"P2rx1"
"ENSMUSG00000020788",10692.3796462327,-0.458137569502847,0.128478188975625,-3.56587817088365,0.00036263981697161,0.00501048749435252,"Atp2a3"
"ENSMUSG00000020811",1228.92277800225,-0.808282875738739,0.221920507121506,-3.64221804565446,0.000270298966122654,0.00393410278095615,"Wscd1"
"ENSMUSG00000020814",1487.04061486514,-0.641701048887865,0.235640647663884,-2.72321883023842,0.00646492197859679,0.0449750121291401,"Mxra7"
"ENSMUSG00000020841",8399.11433366963,-0.66043812056313,0.169658113262875,-3.89275884224778,9.91106625532021e-05,0.00175655951042952,"Cpd"
"ENSMUSG00000020865",2386.56646904157,-0.475771408170992,0.166414151875518,-2.85896002719096,0.0042503233895208,0.0324634576117097,"Abcc3"
"ENSMUSG00000020884",83.2597959734472,-1.50971099968363,0.47032153121037,-3.2099551041144,0.00132755705711239,0.0134685800960262,"Asgr1"
"ENSMUSG00000020894",4055.09333241847,-0.390874021769111,0.139941530156847,-2.79312382343552,0.00522017055282757,0.038080174326772,"Vamp2"
"ENSMUSG00000020897",130.063664008302,1.34224495720415,0.418623865982961,3.20632688738959,0.00134441169671002,0.0136022489572369,"Aurkb"
"ENSMUSG00000020900",12259.5711880182,-0.845178696410827,0.233430009904392,-3.62069425759351,0.000293813554710178,0.00420591278437285,"Myh10"
"ENSMUSG00000020901",1501.434016365,0.840097331178479,0.19441330726167,4.32119253054911,1.55188187976508e-05,0.000383068158598022,"Pik3r5"
"ENSMUSG00000020902",4060.48938108765,-0.77030079061537,0.153989849622733,-5.00228289398663,5.66553697515322e-07,2.53037045152781e-05,"Ntn1"
"ENSMUSG00000020908",24.6635020514645,2.83295210012179,0.81339081328084,3.48289168486546,0.000496029012797283,0.00636925312840345,"Myh3"
"ENSMUSG00000020914",726.383376901922,1.08282095884665,0.234427850431769,4.61899453009662,3.85604021178478e-06,0.00012367712456649,"Top2a"
"ENSMUSG00000020919",2819.78609580338,-0.429509627737309,0.135912705880601,-3.16018745233896,0.00157667664400189,0.0153622943419093,"Stat5b"
"ENSMUSG00000020935",1106.64590415149,0.676117956511491,0.190965530204488,3.54052354782299,0.000399333998310569,0.00537399037796864,"Dcakd"
"ENSMUSG00000021000",4493.86629304385,0.466598593311461,0.14600115702183,3.19585544956808,0.00139416939454724,0.0139618021501186,"Mia2"
"ENSMUSG00000021028",1451.4145415103,0.634327237873255,0.147445104414831,4.302124783259,1.69167990018966e-05,0.000409510317302008,"Mbip"
"ENSMUSG00000021036",8003.26809483784,0.378108882968744,0.133506194827012,2.83214485633922,0.00462368969827557,0.0345760638173684,"Sptlc2"
"ENSMUSG00000021055",129.505743978463,-1.30411704960059,0.351081334526792,-3.71457244048123,0.000203547556027292,0.00315657733370449,"Esr2"
"ENSMUSG00000021062",2682.7012605172,1.33142941458891,0.176406087308284,7.54752534283087,4.43606242661994e-14,9.10922474155922e-12,"Rab15"
"ENSMUSG00000021068",2953.63633958905,-0.547688237338842,0.167251387352598,-3.27464092231541,0.00105796356514853,0.0113721534845839,"Nin"
"ENSMUSG00000021070",732.281128271776,-1.01226292979638,0.272247451618987,-3.71817228692762,0.000200669398730635,0.00312550898720384,"Bdkrb2"
"ENSMUSG00000021087",440.258237846938,-1.17004061265314,0.346959798478847,-3.3722656566636,0.000745525003906887,0.00871079411039669,"Rtn1"
"ENSMUSG00000021097",2024.66546187219,0.695502338302371,0.208911593566141,3.32917061437367,0.000871050273638403,0.00971974587042478,"Clmn"
"ENSMUSG00000021108",2760.30639509061,-0.687326383160682,0.200213611468893,-3.43296531198864,0.000597018474323414,0.00735060995436787,"Prkch"
"ENSMUSG00000021109",3254.57934816765,0.447609117556812,0.161713851010589,2.76790834402616,0.00564173196436723,0.0403696133501889,"Hif1a"
"ENSMUSG00000021114",2035.85625190677,0.407699985549571,0.146443697483698,2.78400499683475,0.00536922069920294,0.038863990739692,"Atp6v1d"
"ENSMUSG00000021116",1602.95446511109,0.42474846136312,0.143311968089987,2.96380314236153,0.00303862606296268,0.0252136807314576,"Eif2s1"
"ENSMUSG00000021118",83.7571313075374,1.60321906160592,0.441295794494836,3.63298060304692,0.000280166086613195,0.00403968291956799,"Plek2"
"ENSMUSG00000021125",388.357085752731,2.33384471380207,0.312620066777687,7.46543476193975,8.30250185569693e-14,1.62993621595633e-11,"Arg2"
"ENSMUSG00000021140",4992.06431093946,-0.750493560688777,0.149790257109407,-5.01029623135378,5.43463150400232e-07,2.47047561880411e-05,"Pcnx1"
"ENSMUSG00000021156",5303.28594954571,-0.379554577178014,0.127211910848031,-2.98364024758213,0.00284841461409632,0.0240032674909579,"Zmynd11"
"ENSMUSG00000021186",4529.66480651835,-0.583877119043773,0.163781835810324,-3.56496870458798,0.000363899606725448,0.00502095462715459,"Fbln5"
"ENSMUSG00000021187",1429.21546010944,2.42058694885048,0.259862249088214,9.31488493362793,1.22084798140118e-20,5.73959189150843e-18,"Tc2n"
"ENSMUSG00000021198",256.118304274072,-1.72357532750908,0.293310849611967,-5.87627539107154,4.19600067872869e-09,3.30227101874397e-07,"Unc79"
"ENSMUSG00000021208",31.638425993457,2.54018505491478,0.937708320224931,2.70892877894637,0.00675008280094571,0.0464523225111306,"Ifi27l2b"
"ENSMUSG00000021209",352.163442570844,-0.89857347125512,0.248432074987045,-3.61697848919862,0.000298062063417018,0.00424631480298647,"Ppp4r4"
"ENSMUSG00000021219",385.526120063484,-0.844329413539237,0.261543457060002,-3.22825668449253,0.00124547161979325,0.0128352320629699,"Rgs6"
"ENSMUSG00000021224",3978.14309368973,-0.480766671086127,0.147826682646731,-3.25223202251681,0.00114502510389717,0.0120612461563225,"Numb"
"ENSMUSG00000021236",2215.17141041655,-0.561223784606524,0.170876286359113,-3.28438659666946,0.00102204620268836,0.0110659729763803,"Entpd5"
"ENSMUSG00000021238",3116.36458024038,-0.507136449754444,0.169623380634859,-2.98977916756733,0.00279179203932124,0.0236264162872922,"Aldh6a1"
"ENSMUSG00000021242",56619.6546015289,1.20293647798141,0.160433193752874,7.49805230353001,6.47730561872157e-14,1.30019174020743e-11,"Npc2"
"ENSMUSG00000021250",1843.1068892075,1.2301775356688,0.252704134500278,4.86805464462019,1.12702170136317e-06,4.50430485343468e-05,"Fos"
"ENSMUSG00000021268",1755.57202098696,3.82924148006038,0.32220763476781,11.8843908922885,1.4267131150397e-32,2.12401915001536e-29,"Meg3"
"ENSMUSG00000021279",6469.68503900809,-0.418718877812061,0.125366777368704,-3.33995087534722,0.000837932105459406,0.00946996456641032,"Cdc42bpb"
"ENSMUSG00000021280",293.621491100191,-0.734247433836076,0.250359860355658,-2.93276818733248,0.00335954628814782,0.0271575992931044,"Exoc3l4"
"ENSMUSG00000021281",3065.71267481408,0.793600932453258,0.196527766747715,4.03811097834339,5.38833614489016e-05,0.00106250138221261,"Tnfaip2"
"ENSMUSG00000021285",2683.53361552073,-0.46741504405201,0.141789218553557,-3.29654855863005,0.000978806926218221,0.0106819705173418,"Ppp1r13b"
"ENSMUSG00000021288",4985.82338801897,-0.411001531167281,0.134419849467957,-3.05759553216325,0.00223120509029749,0.0199701798287398,"Klc1"
"ENSMUSG00000021290",851.433424575625,0.545554744501501,0.166469230428869,3.27721070792487,0.00104838101160407,0.0112963370158665,"Atp5mj"
"ENSMUSG00000021294",1175.61621171474,-1.05271169955827,0.229223967731665,-4.59250273859058,4.37961761445608e-06,0.000135132761109254,"Kif26a"
"ENSMUSG00000021301",35.2636400049015,4.00019593775276,0.854199979195904,4.68297358367805,2.82742963050192e-06,9.53057176394658e-05,"Hecw1"
"ENSMUSG00000021306",3388.04331391863,0.711146742642137,0.227642933891966,3.12395702552152,0.00178436515798653,0.0169078979695419,"Gpr137b"
"ENSMUSG00000021313",1024.35439981312,-0.883111828717516,0.179547532955994,-4.91854059021775,8.71918384098801e-07,3.67774737306171e-05,"Ryr2"
"ENSMUSG00000021367",1537.49044064645,-0.987368626332278,0.147612317301827,-6.68893114328242,2.24806469729619e-11,2.76977074601355e-09,"Edn1"
"ENSMUSG00000021411",3642.20699291315,-0.691571271894362,0.16764517153904,-4.12520841218092,3.70399188980337e-05,0.000777702832602234,"Pxdc1"
"ENSMUSG00000021453",880.09190351243,0.92564378684912,0.228208705789901,4.056128286803,4.9892862993154e-05,0.00100150112064348,"Gadd45g"
"ENSMUSG00000021456",2275.38899340278,1.6127191182347,0.272635016644876,5.91530441717018,3.31262331016716e-09,2.69707483224174e-07,"Fbp2"
"ENSMUSG00000021466",3037.05588102754,-0.550513577987286,0.189794158248218,-2.9005823101642,0.00372470001100844,0.0294042269980848,"Ptch1"
"ENSMUSG00000021474",1268.67623507219,0.465795222202326,0.156700255773605,2.97252368799761,0.00295362417626745,0.0246457243853424,"Sfxn1"
"ENSMUSG00000021481",823.415155783447,-0.684400438692258,0.237515626281502,-2.88149646996746,0.00395791668061056,0.0307962462975208,"Zfp346"
"ENSMUSG00000021486",3365.5412286989,0.67801814658213,0.146897638804103,4.61558233407896,3.9199459340515e-06,0.000125276984099875,"Prelid1"
"ENSMUSG00000021494",1479.36468376714,0.431901300578788,0.160239430492427,2.69534969795839,0.00703147925795435,0.0478542388355636,"Ddx41"
"ENSMUSG00000021506",59.0782856982148,3.89973374288516,1.02634691978825,3.79962531937029,0.000144915017378573,0.00239650930894863,"Pitx1"
"ENSMUSG00000021520",1380.27545318206,0.523382206256587,0.151329605198669,3.45855793101077,0.000543075467792447,0.00682281521245574,"Uqcrb"
"ENSMUSG00000021556",3211.29567451179,1.46225516984951,0.214823036454548,6.80678941133435,9.98008515190441e-12,1.30141767327571e-09,"Golm1"
"ENSMUSG00000021565",21.1861792471533,5.38290663396505,1.44820245173258,3.71695727177173,0.000201636528418694,0.00313709297290162,"Slc6a19"
"ENSMUSG00000021573",1411.8924771329,-0.88290760528596,0.168646395401929,-5.23525927240698,1.64753426786021e-07,8.5561627021287e-06,"Tppp"
"ENSMUSG00000021591",1255.02424268936,0.820450700873403,0.177374161330681,4.62553674513971,3.73629556751476e-06,0.000120921957089948,"Glrx"
"ENSMUSG00000021594",70.0248348848855,1.61222765886157,0.49706150214597,3.24351745589043,0.00118063576031968,0.0123634571266771,"Srd5a1"
"ENSMUSG00000021608",24968.2767482362,1.01905579001333,0.126838146930492,8.03430052137062,9.41142606460421e-16,2.40193038063078e-13,"Lpcat1"
"ENSMUSG00000021611",99.5405034872169,1.1758607490891,0.421358333257352,2.79064315638187,0.00526034320440738,0.0382638564115382,"Tert"
"ENSMUSG00000021684",1995.96103085986,-0.641667807553698,0.168024015583498,-3.81890532329783,0.000134045193302702,0.00224224473628536,"Pde8b"
"ENSMUSG00000021687",3550.53478971166,0.569369664981189,0.131866403027721,4.3177765671025,1.57608856608133e-05,0.000388369961835076,"Scamp1"
"ENSMUSG00000021700",252.965353205105,1.33005674850047,0.278659197612019,4.77305884714535,1.8144874437342e-06,6.54865013784071e-05,"Rab3c"
"ENSMUSG00000021702",45.0031488140004,2.92139849167833,0.716339291970846,4.07823293294545,4.53792899941209e-05,0.000923349676247119,"Thbs4"
"ENSMUSG00000021708",2094.49831872859,-0.753046590761242,0.221284221057641,-3.40307405183257,0.000666322184777788,0.00796243868298006,"Rasgrf2"
"ENSMUSG00000021730",133.55775646208,-1.62567658915565,0.444697460941353,-3.65569118769951,0.000256489968291898,0.0037767710027293,"Hcn1"
"ENSMUSG00000021732",506.912446768103,-0.718977358379649,0.246898993048973,-2.91203033880757,0.00359087756278942,0.0286005473291275,"Fgf10"
"ENSMUSG00000021749",117.4655177236,1.19403604316793,0.444627008885014,2.68547798336002,0.00724261462885349,0.0489369555009333,"Fam3d"
"ENSMUSG00000021750",689.196658860589,-0.848613154454681,0.205701643518784,-4.12545636455834,3.7000033232031e-05,0.000777702832602234,"Fam107a"
"ENSMUSG00000021756",16249.2512391617,-0.540148277860508,0.167013743728188,-3.23415466178395,0.00122003367321553,0.0126152922150221,"Il6st"
"ENSMUSG00000021759",2435.39795404006,-0.948229796984598,0.232180049370353,-4.08402788937333,4.42617150901444e-05,0.000902788285971615,"Plpp1"
"ENSMUSG00000021763",794.024630016088,-0.840410122591725,0.178305895441258,-4.71330530329321,2.43730598451727e-06,8.37355219488481e-05,"Cspg4b"
"ENSMUSG00000021789",195882.631499086,1.45503027452152,0.130723894740981,11.1305609231162,8.90732150122721e-29,8.37522624312758e-26,"Sftpa1"
"ENSMUSG00000021795",56655.9930937892,1.56153625226833,0.1344958784904,11.6102907374949,3.65371159522885e-31,4.07959735304772e-28,"Sftpd"
"ENSMUSG00000021823",7212.04276213045,-0.846994465792159,0.16861812404707,-5.02315199258011,5.08302862182603e-07,2.34646786379643e-05,"Vcl"
"ENSMUSG00000021835",3396.54890412734,0.422380160990328,0.14378401861869,2.93760158498884,0.00330761788797456,0.0268106141418628,"Bmp4"
"ENSMUSG00000021838",1887.08462370053,-0.584529272799037,0.216305696969822,-2.70232953171172,0.00688554822291499,0.047108262200649,"Samd4"
"ENSMUSG00000021876",14142.9804007619,0.633493020314118,0.161259061582535,3.92841812483131,8.5506451544492e-05,0.00154769276275821,"Rnase4"
"ENSMUSG00000021879",1113.63180514536,-0.854255081328151,0.296175516771568,-2.88428662382318,0.00392301513196579,0.0306152104211446,"Dnah12"
"ENSMUSG00000021892",3999.16607932577,-0.679366293877989,0.221531278706004,-3.06668339498723,0.00216447983825769,0.0195591463381252,"Sh3bp5"
"ENSMUSG00000021895",5784.38154361409,-0.639740099548037,0.176037381789854,-3.63411505581088,0.000278936374540563,0.0040317138601676,"Arhgef3"
"ENSMUSG00000021903",1178.99280704122,-0.879667548283725,0.280826882393021,-3.13241930682625,0.00173372077461111,0.0165542071824839,"Galnt15"
"ENSMUSG00000021904",5586.83918960878,-1.56093794200816,0.192003737160729,-8.1297268745424,4.30258767950796e-16,1.18254967529861e-13,"Sema3g"
"ENSMUSG00000021910",12383.5300303138,-0.406320242258182,0.121797155523329,-3.33604048889596,0.000849807861411938,0.00955432186540231,"Nisch"
"ENSMUSG00000021922",5020.8895565539,1.39926690253192,0.258646968913483,5.40994896793078,6.30427110894511e-08,3.71702321324437e-06,"Itih4"
"ENSMUSG00000021939",25565.3522494022,0.708549951785977,0.145214265537754,4.87934122148464,1.06440773679094e-06,4.33158182637133e-05,"Ctsb"
"ENSMUSG00000021943",498.036021660576,-1.00189991213329,0.286337242761045,-3.49902060406931,0.000466970494728655,0.00606722028241994,"Gdf10"
"ENSMUSG00000021959",2005.88703839594,-0.603320720531269,0.170910102359401,-3.53004715462967,0.000415485607900453,0.00552280534608749,"Lats2"
"ENSMUSG00000021972",3032.63342363997,-0.614606735799422,0.178602845583837,-3.44119229338327,0.000579156783528395,0.00720517822962032,"Hmbox1"
"ENSMUSG00000021978",3085.26875719086,-0.473567728052626,0.14480300654663,-3.27042745414354,0.001073850819973,0.0115152130245004,"Extl3"
"ENSMUSG00000021998",19878.1939288294,0.720062084930741,0.165188058279196,4.35904442749556,1.30631593655872e-05,0.000333390488666021,"Lcp1"
"ENSMUSG00000022018",2258.19398152021,0.602069549766244,0.154970029417443,3.8850708877679,0.000102300034594977,0.00180413634554715,"Rgcc"
"ENSMUSG00000022033",67.4426100970608,1.44837180448882,0.498639416484619,2.9046476403726,0.0036766675446894,0.0291055409089026,"Pbk"
"ENSMUSG00000022035",936.800717361541,0.614959778808052,0.173584801388637,3.5427052016566,0.000396045163785602,0.00534391756120074,"Ccdc25"
"ENSMUSG00000022037",23570.2412122707,1.96887660211899,0.262700622584962,7.49475422915003,6.64227052734398e-14,1.31849069967778e-11,"Clu"
"ENSMUSG00000022043",3518.99837118786,-0.577224017004739,0.127717918668996,-4.51952257772629,6.19792381259398e-06,0.000178878689680116,"Trim35"
"ENSMUSG00000022057",96.9583136931011,-1.43031016662431,0.511087245329717,-2.79856361060541,0.00513304578336107,0.0376727561997349,"Adamdec1"
"ENSMUSG00000022091",6094.41855436804,-0.509682712095638,0.155251257764853,-3.28295383517997,0.0010272548667939,0.0111089032659038,"Sorbs3"
"ENSMUSG00000022097",672126.600452268,1.1100256979763,0.15969797597257,6.95078125578095,3.63268774667052e-12,5.11007610978494e-10,"Sftpc"
"ENSMUSG00000022098",2307.68828484255,0.693954171750725,0.208754928431787,3.32425287854933,0.000886557665038766,0.00984972181960047,"Bmp1"
"ENSMUSG00000022103",965.386184479109,-0.805312887201572,0.300140964589224,-2.68311554307067,0.00729397854567665,0.0492214468365278,"Gfra2"
"ENSMUSG00000022106",1803.37924434541,0.501965230300308,0.160401915767251,3.12942166494244,0.00175150766371189,0.0166883650198469,"Rcbtb2"
"ENSMUSG00000022111",415.43606290461,0.988998977279697,0.214099586774421,4.61934089728872,3.8496093516035e-06,0.00012367712456649,"Uchl3"
"ENSMUSG00000022114",1656.99990420267,0.640982845094559,0.173321542387248,3.69822952338162,0.000217108530604667,0.00333090105623054,"Spry2"
"ENSMUSG00000022122",4204.28799762711,-1.14002834627715,0.237467763861861,-4.80077096670825,1.58055953305009e-06,5.85823569666802e-05,"Ednrb"
"ENSMUSG00000022156",374.70250678125,11.9437309392474,2.28498690208227,5.22704569044281,1.72239948461546e-07,8.91903385294353e-06,"Gzme"
"ENSMUSG00000022157",53.2091210540578,3.30140332158021,0.58155431467931,5.67686153854902,1.37188427731101e-08,9.68723818741548e-07,"Mcpt8"
"ENSMUSG00000022180",643.700866365911,0.581001419001272,0.210263775987469,2.76320263094628,0.0057237220885056,0.0407611778867797,"Slc7a8"
"ENSMUSG00000022181",3107.05431118355,1.07909961856336,0.171147135237184,6.30509892594984,2.88009881400587e-10,2.76628845764596e-08,"C6"
"ENSMUSG00000022184",818.909957983988,0.694624631022328,0.17252310093019,4.02627026338578,5.66685525032039e-05,0.00110401711065402,"Fbxo4"
"ENSMUSG00000022186",4559.30584600128,0.399086810468607,0.127952567280408,3.11902151673134,0.00181452710001386,0.0171063465127956,"Oxct1"
"ENSMUSG00000022197",11539.7126133266,-1.10746711583808,0.200897320965938,-5.51260270925092,3.53565733397082e-08,2.2201481976665e-06,"Pdzd2"
"ENSMUSG00000022206",1711.26615818312,-1.08166669318025,0.246110951385523,-4.39503682014483,1.10753979228337e-05,0.000288008710176746,"Npr3"
"ENSMUSG00000022218",405.203914300851,2.18370380479163,0.236531667011385,9.23218371722938,2.65169752683853e-20,1.15542869065781e-17,"Tgm1"
"ENSMUSG00000022219",57.0224884359337,1.80010595009411,0.518424420889896,3.47226302920714,0.000516090415861206,0.00654390084449648,"Cideb"
"ENSMUSG00000022220",2378.73908610311,-0.952859530289697,0.210897563584435,-4.51811540206916,6.23924778971449e-06,0.000179780906069757,"Adcy4"
"ENSMUSG00000022226",100.373380595193,10.0411986187173,1.51960938622617,6.60774980052856,3.90205418223527e-11,4.49743212681504e-09,"Mcpt2"
"ENSMUSG00000022227",72.5996103536273,6.07806446535171,0.901583887437918,6.74154069303977,1.56715829206853e-11,1.97163963998622e-09,"Mcpt1"
"ENSMUSG00000022237",2080.4668572072,-1.03742353007475,0.214916239231856,-4.82710628932769,1.38531194634271e-06,5.32227912288443e-05,"Ankrd33b"
"ENSMUSG00000022246",6606.489980993,0.927897741148467,0.133828664191823,6.93347532647019,4.10625558814672e-12,5.68668651800319e-10,"Rai14"
"ENSMUSG00000022261",2271.91646288515,-0.569941753261703,0.191115941465522,-2.98217798521282,0.00286205556052155,0.0240954866110827,"Sdc2"
"ENSMUSG00000022272",7287.99295976133,-0.748555471856687,0.17341180157083,-4.31663511408098,1.58425721860877e-05,0.000389420740393104,"Myo10"
"ENSMUSG00000022295",2202.97028536237,0.466535894393357,0.166977163608923,2.79401017666122,0.00520588403727624,0.0380536490695335,"Atp6v1c1"
"ENSMUSG00000022303",107.495631850355,1.66155609585329,0.439263713393304,3.7825935655322,0.000155202723690003,0.00253909950432409,"Dcstamp"
"ENSMUSG00000022305",1076.11626390024,1.21515604136296,0.252095658565857,4.82021804054796,1.43401402790217e-06,5.43920607398561e-05,"Lrp12"
"ENSMUSG00000022323",545.140982823609,0.677517321217358,0.200755030150943,3.37484605346102,0.000738569937055612,0.00864083295710446,"Rida"
"ENSMUSG00000022337",1274.906090032,0.616839614967241,0.164612061876985,3.7472321768754,0.000178796577421355,0.00285706695494857,"Emc2"
"ENSMUSG00000022346",724.796819511989,0.907797781928519,0.224363735184229,4.04609854254348,5.20783171897157e-05,0.00103605694498249,"Myc"
"ENSMUSG00000022372",2186.49825175895,0.500455881506166,0.15355142260153,3.25920706579752,0.00111724091695529,0.0118454059236832,"Sla"
"ENSMUSG00000022376",924.285904540512,-1.20037718279515,0.26824692313422,-4.47489637073873,7.64483819758162e-06,0.000213398491249681,"Adcy8"
"ENSMUSG00000022377",2689.5255220865,-0.425729333636742,0.137048260670101,-3.1064190932094,0.00189368121029163,0.0176292938102449,"Asap1"
"ENSMUSG00000022378",1914.47722927246,0.443510917909262,0.159130371679281,2.78709157295966,0.00531834479523053,0.0386071636598104,"Cyrib"
"ENSMUSG00000022382",318.115047681144,0.763891065111958,0.271029363799395,2.81848082585383,0.00482514928259101,0.0357681709267587,"Wnt7b"
"ENSMUSG00000022385",83.0028689542137,1.38974719919739,0.480031924862898,2.89511411057569,0.00379020723568563,0.0298159631288084,"Gtse1"
"ENSMUSG00000022389",6236.04666076856,-1.22576483805134,0.196463450478637,-6.23914949607702,4.39956379552434e-10,4.13674774773907e-08,"Tef"
"ENSMUSG00000022415",528.74254340307,0.705136597177814,0.244017426905243,2.88969769954846,0.00385612450066183,0.0302412924514151,"Syngr1"
"ENSMUSG00000022416",105.07953314243,-1.11083481972269,0.398082328286168,-2.790465038991,0.00526323840790823,0.0382693342113474,"Cacna1i"
"ENSMUSG00000022425",1716.27551320718,-0.510516484262155,0.149917130134153,-3.40532455367389,0.000660854622049949,0.00792396945429462,"Enpp2"
"ENSMUSG00000022438",2512.3093278636,-0.861277482738958,0.211524435558441,-4.07176353155189,4.66585341853978e-05,0.000944704253491862,"Parvb"
"ENSMUSG00000022439",893.254793057854,0.632330659315274,0.201510228893495,3.13795812146827,0.00170129182305571,0.0162968248894853,"Parvg"
"ENSMUSG00000022462",5995.42051591453,0.469729266734989,0.168656066574576,2.78513116234266,0.0053506074603335,0.0387940756001859,"Slc38a2"
"ENSMUSG00000022469",1711.02212330453,-0.807859457391019,0.168677567379705,-4.78937104643244,1.67304871386632e-06,6.11227306200855e-05,"Rapgef3"
"ENSMUSG00000022475",6039.96966119034,-0.414435704367083,0.143570837654384,-2.88662872724019,0.00389393421967718,0.0304606645026679,"Hdac7"
"ENSMUSG00000022500",2721.38455876791,0.461717942110516,0.139903416471998,3.30026209333445,0.000965945727474559,0.0105609672101181,"Litaf"
"ENSMUSG00000022505",55730.9291938508,-0.55141256611679,0.144066941741775,-3.82747464095642,0.000129464717502297,0.00218402944115065,"Emp2"
"ENSMUSG00000022537",1538.19032157177,-0.794363368768135,0.17703429415794,-4.48705925903515,7.22129941363988e-06,0.000203483460606745,"Tmem44"
"ENSMUSG00000022540",1291.9259235332,0.444505666912929,0.163652904071426,2.71614897049994,0.00660461923542498,0.045662353963184,"Rogdi"
"ENSMUSG00000022574",417.885328520958,0.605636661759525,0.20633629623278,2.93519207631929,0.00333341275325202,0.0269829718336417,"Naprt"
"ENSMUSG00000022579",3687.34775054194,-0.85288588836772,0.186288348646419,-4.57831042340992,4.68746715053168e-06,0.000142417688170491,"Gpihbp1"
"ENSMUSG00000022598",1630.49725969137,1.23194158137438,0.236728841735691,5.20401980739572,1.95023206274167e-07,9.97101317069871e-06,"Psca"
"ENSMUSG00000022607",3680.55337090716,-0.415887006233971,0.143340677830876,-2.90138858366964,0.00371512866745011,0.0293416329106968,"Ptk2"
"ENSMUSG00000022623",3017.03667243452,-0.988241974029135,0.211407950997242,-4.67457335151046,2.94565342490284e-06,9.85470008162721e-05,"Shank3"
"ENSMUSG00000022637",1742.68520373101,-0.474311045249272,0.159649303782789,-2.97095592658893,0.00296874381889518,0.0247487673003091,"Cblb"
"ENSMUSG00000022651",829.114913452823,-1.02713651622128,0.29508566486289,-3.48080790945414,0.000499903867956313,0.00640199469608568,"Retnlg"
"ENSMUSG00000022656",4983.07184814608,-0.641769784305988,0.203796897449628,-3.14906552718554,0.00163793463567165,0.0158085911757288,"Nectin3"
"ENSMUSG00000022687",1029.543822213,-0.714901707241024,0.21004869407762,-3.40350465105412,0.000665272807099217,0.00795593740476209,"Boc"
"ENSMUSG00000022723",3405.26938313751,-0.56617058615246,0.186723446778177,-3.03213439940971,0.0024283105822687,0.0212474720576915,"Crybg3"
"ENSMUSG00000022761",3430.15097303678,0.619060323921462,0.195739031041334,3.16268207024452,0.00156322949710284,0.0152523730014977,"Lztr1"
"ENSMUSG00000022763",143.990585195924,1.12137145587992,0.402493051574138,2.78606413575159,0.00533523145097064,0.0386982987704387,"Aifm3"
"ENSMUSG00000022769",583.345290139806,0.545982363796448,0.189735258203575,2.87760097393518,0.00400711645992678,0.0310035234112568,"Sdf2l1"
"ENSMUSG00000022797",2962.33390037127,0.833386775124751,0.179486717053332,4.64316685271547,3.43109041405582e-06,0.000112264524262101,"Tfrc"
"ENSMUSG00000022799",10429.4216248591,-0.460666435148613,0.137457726785858,-3.35133168516801,0.000804239117734427,0.00920418439354615,"Arhgap31"
"ENSMUSG00000022816",5223.32199281849,0.820284229969591,0.278938358918118,2.94073655968696,0.00327432876388268,0.0266253451828694,"Fstl1"
"ENSMUSG00000022861",132.622790651823,-1.0158170029605,0.365697957641269,-2.77774863582083,0.00547369443234628,0.0394145711543194,"Dgkg"
"ENSMUSG00000022871",617.608111357469,2.56214146904473,0.199909081386108,12.8165336525966,1.3249249700261e-37,4.73395691790325e-34,"Fetub"
"ENSMUSG00000022895",7179.61972285125,-0.495853836140657,0.149181002514719,-3.32384035354457,0.000887870071686386,0.00985817205138427,"Ets2"
"ENSMUSG00000022899",1526.42450662522,0.972457484955267,0.221478295270039,4.39075749508361,1.12956462675396e-05,0.000292459015318254,"Slc15a2"
"ENSMUSG00000022945",272.006921409176,0.854067157466418,0.275703531926305,3.09777372636165,0.00194980238940067,0.0180109719165682,"Chaf1b"
"ENSMUSG00000022964",5721.47278035923,0.355580037343835,0.123597653924576,2.87691575085093,0.00401582797222371,0.0310574747721977,"Tmem50b"
"ENSMUSG00000022973",2258.24816979626,-0.429157530618303,0.143807552650016,-2.98424889868436,0.00284275423220228,0.0239895155211591,"Synj1"
"ENSMUSG00000022996",769.021586660668,-1.15700343037306,0.21980596884819,-5.26374891653717,1.41147184263838e-07,7.46033860021736e-06,"Wnt10b"
"ENSMUSG00000023008",2838.95164844071,-0.442672415441,0.156224782255354,-2.83356077729998,0.00460325535156566,0.0344809881994635,"Fmnl3"
"ENSMUSG00000023011",989.994085968248,-1.0359879959357,0.308493033832986,-3.35822168515017,0.000784456730890165,0.00904042902455964,"Faim2"
"ENSMUSG00000023019",2557.93275721324,0.657243693819616,0.184471717698415,3.5628425973358,0.000366860666133152,0.00504191145552484,"Gpd1"
"ENSMUSG00000023031",117.618119012293,1.76707950674381,0.431554728140372,4.09468229987515,4.22747673059098e-05,0.000868090480367907,"Cela1"
"ENSMUSG00000023043",6968.19933763575,0.744308955607254,0.185779137831912,4.00641839710056,6.16464096337256e-05,0.00117787498193209,"Krt18"
"ENSMUSG00000023046",5046.16287336185,-0.902464821905292,0.254782365352165,-3.54210080692943,0.000396953743008581,0.00535213480667796,"Igfbp6"
"ENSMUSG00000023067",1873.97823655886,0.667973253881207,0.154757127648975,4.31626810363348,1.58689224184819e-05,0.000389420740393104,"Cdkn1a"
"ENSMUSG00000023088",1650.46055284844,-0.435083215345299,0.151258948747961,-2.87641305818055,0.00402222983281769,0.0310935248651181,"Abcc1"
"ENSMUSG00000023175",17585.2670095208,0.459398367796672,0.132683690142297,3.46235748571651,0.000535465411040413,0.00673668279453308,"Bsg"
"ENSMUSG00000023224",16127.3873628459,-0.658706338386647,0.169660595602403,-3.88249455359874,0.000103390332792482,0.00181977171954452,"Serping1"
"ENSMUSG00000023232",884.853724063361,0.919949867748019,0.271779907306276,3.38490757784866,0.000712022241922954,0.00838515316542754,"Serinc2"
"ENSMUSG00000023349",1614.78494991779,1.79727714440765,0.245129148566789,7.33196013169344,2.26810577897514e-13,4.05197097413908e-11,"Clec4n"
"ENSMUSG00000023456",6519.59858863833,0.886127380811058,0.190825774081247,4.64364620071592,3.42313558728708e-06,0.000112209756452998,"Tpi1"
"ENSMUSG00000023505",208.762262645811,1.61891248427883,0.396403987652957,4.08399646498045,4.42677043667022e-05,0.000902788285971615,"Cdca3"
"ENSMUSG00000023809",914.575291392234,-0.491606958191275,0.169949545391883,-2.89266415545679,0.00381989509898477,0.03000986189242,"Rps6ka2"
"ENSMUSG00000023827",1308.69615706582,-0.477414598295315,0.173327592837228,-2.75440621126986,0.00587987396596379,0.0417006543874327,"Agpat4"
"ENSMUSG00000023904",2446.55274254906,0.42934671530427,0.147481450163768,2.91119130458449,0.00360053493491132,0.0286391614479923,"Hcfc1r1"
"ENSMUSG00000023905",966.623757117724,0.9184934357322,0.212890571344088,4.31439227173508,1.60042551893491e-05,0.000391665779394139,"Tnfrsf12a"
"ENSMUSG00000023915",2154.22116272416,0.413728688641724,0.14048721738101,2.94495610600405,0.0032300048231335,0.0263448569756342,"Tnfrsf21"
"ENSMUSG00000023927",708.029849767113,-0.678559310794541,0.193413649014126,-3.50833208645467,0.000450925787962075,0.00592049812553672,"Satb1"
"ENSMUSG00000023951",23817.3326863842,-0.828781785336935,0.118055626523786,-7.02026502032033,2.21447797515968e-12,3.21639422977461e-10,"Vegfa"
"ENSMUSG00000023959",37204.915687012,-0.690761884435245,0.179793472974121,-3.8419741996678,0.000122048668004351,0.00207855048036008,"Clic5"
"ENSMUSG00000023992",522.122628136012,1.57286316410243,0.355502220456846,4.4243413222038,9.67369745851198e-06,0.000257294028845058,"Trem2"
"ENSMUSG00000024027",1806.85096140075,-1.21494507166096,0.27140391912647,-4.47651999857385,7.58695642834565e-06,0.000212114204369945,"Glp1r"
"ENSMUSG00000024039",184.88384575478,-0.793649408086576,0.292093151224708,-2.71711063665446,0.00658545899144886,0.0455828070059023,"Cbs"
"ENSMUSG00000024043",570.696032714404,-0.988965280923362,0.244312046839309,-4.04795954075008,5.16660744266682e-05,0.00103245460808996,"Arhgap28"
"ENSMUSG00000024044",415.62251822912,-1.14171636369881,0.276196984442701,-4.13370321910833,3.56964371662706e-05,0.000758284007105142,"Epb41l3"
"ENSMUSG00000024059",2749.54242395807,0.737592005617582,0.131905014846897,5.59184202718682,2.24673191359449e-08,1.48658761616169e-06,"Clip4"
"ENSMUSG00000024063",8099.3323094162,-0.620336671314609,0.229597807436361,-2.70184057174219,0.0068956818318912,0.0471315859806882,"Lbh"
"ENSMUSG00000024065",1027.13013509837,-0.820367824935183,0.185427249873559,-4.42420316050948,9.67988969424089e-06,0.000257294028845058,"Ehd3"
"ENSMUSG00000024074",4920.03823319772,-1.01142405595217,0.236557181936849,-4.27560071383578,1.90622601346352e-05,0.000451055996430806,"Crim1"
"ENSMUSG00000024084",243.9660955495,0.87890579845695,0.298398455230833,2.94541001486435,0.00322526948321214,0.0263448569756342,"Qpct"
"ENSMUSG00000024121",1135.59183904194,0.665230405884474,0.173395833323936,3.83648437873185,0.000124808130881316,0.00211747128033686,"Atp6v0c"
"ENSMUSG00000024130",28695.6413977982,0.404425491254239,0.148733002546343,2.71913754399078,0.00654523848861253,0.0453571317296598,"Abca3"
"ENSMUSG00000024140",76826.4415385555,-0.956581789049525,0.208067767255753,-4.59745303977676,4.27686983294176e-06,0.00013305021472601,"Epas1"
"ENSMUSG00000024163",2796.32062780904,-0.37770684527939,0.134536681751842,-2.80746366240906,0.00499333130063061,0.0368924167434929,"Mapk8ip3"
"ENSMUSG00000024165",1182.87219180206,0.698070671882606,0.205080811558471,3.40388097051966,0.000664356968599545,0.00795593740476209,"Jpt2"
"ENSMUSG00000024168",4918.5821192019,-0.912169498580569,0.198374623777746,-4.59821665296536,4.26122746476306e-06,0.00013305021472601,"Tmem204"
"ENSMUSG00000024173",69.87227954129,3.73580832860426,0.660755643171023,5.65384248657461,1.56900006948189e-08,1.06578654909863e-06,"Tpsab1"
"ENSMUSG00000024219",3320.37430853914,-0.531754463371948,0.13469111321251,-3.94795507059897,7.8821592309369e-05,0.00144573690616723,"Anks1"
"ENSMUSG00000024238",3313.77288057013,-1.05509176160644,0.185546899962705,-5.68638851858214,1.29754020221162e-08,9.27222228500424e-07,"Zeb1"
"ENSMUSG00000024240",1480.41562869994,-0.392410385099495,0.145386202572362,-2.69908958454419,0.00695294570394906,0.0474281691489309,"Epc1"
"ENSMUSG00000024245",271.604843263253,-0.762471213319428,0.262956779868293,-2.89960659581139,0.00373631277567566,0.0294698577207266,"Tmem178"
"ENSMUSG00000024248",2988.69478887969,0.458487057603404,0.139534675225873,3.28582882255771,0.0010168278273324,0.0110295258866384,"Cox7a2l"
"ENSMUSG00000024256",33.181112712993,6.01364356686461,1.23297872857943,4.87732953332714,1.0753170764439e-06,4.35613142192068e-05,"Adcyap1"
"ENSMUSG00000024268",185.21171629934,2.02483520866354,0.397450062551273,5.09456507734811,3.49542754108625e-07,1.67415048315029e-05,"Celf4"
"ENSMUSG00000024299",3479.33303520423,-0.479688285368745,0.140517148014328,-3.41373485120716,0.000640789046335055,0.00775064069923884,"Adamts10"
"ENSMUSG00000024331",316.976599370818,2.02596757270772,0.473041196920014,4.28285651630101,1.8450916081526e-05,0.000440087604534661,"Dsc2"
"ENSMUSG00000024346",1524.25369194391,0.681735037288637,0.146564745411593,4.65142579393251,3.29647895026353e-06,0.000108656082004535,"Pfdn1"
"ENSMUSG00000024349",1122.59003733588,0.564132852704259,0.187102748683098,3.01509655349719,0.00256897460525881,0.022149966854705,"Sting1"
"ENSMUSG00000024365",30.1990376899961,8.30672725374982,1.65780720202541,5.01067147229254,5.42404432999594e-07,2.47047561880411e-05,"Cyp21a1"
"ENSMUSG00000024395",2282.03973495252,-0.793204852033579,0.2104830105815,-3.76849822625683,0.000164232652088661,0.00266003293704799,"Lims2"
"ENSMUSG00000024421",6519.90894975621,-0.487323782545716,0.149662365118704,-3.25615449254191,0.00112932284219858,0.0119310186729023,"Lama3"
"ENSMUSG00000024431",6232.86503071696,-0.412589146343356,0.15321153588374,-2.69293786504717,0.00708254669672272,0.048091864970335,"Nr3c1"
"ENSMUSG00000024440",1395.93747757768,-0.755930321358872,0.217886687275983,-3.46937360336009,0.000521673468475385,0.00659568047722063,"Pcdh12"
"ENSMUSG00000024451",6091.11733961189,-1.02278881046443,0.181988051118225,-5.62008771553903,1.90860532072706e-08,1.27228485279063e-06,"Arap3"
"ENSMUSG00000024471",170.63441508446,6.13040000781789,1.42240166273897,4.30989373002645,1.63333015618056e-05,0.00039754009863986,"Myot"
"ENSMUSG00000024480",742.522184128629,0.716978778061422,0.192100470544898,3.7323114098976,0.000189730737580954,0.00299722626878157,"Ap3s1"
"ENSMUSG00000024511",1530.71104371736,0.673213153961898,0.164555388961128,4.09110365945492,4.29325167643188e-05,0.000879575013755223,"Rab27b"
"ENSMUSG00000024516",1606.38442271879,0.479280098903737,0.168675231333886,2.84143732967539,0.00449106780349651,0.0338250110916801,"Sec11c"
"ENSMUSG00000024525",296.100177818929,0.802417284736057,0.262583910504304,3.0558509209303,0.00224422810669754,0.0200419939127046,"Impa2"
"ENSMUSG00000024535",566.835547294154,0.627952780853632,0.217992805902612,2.8806124048615,0.00396903397844314,0.0308458959980408,"Snx24"
"ENSMUSG00000024538",3331.31085719479,0.493327539300218,0.128454141859841,3.84049538736165,0.000122786279574989,0.00208912084248302,"Ppic"
"ENSMUSG00000024539",835.922188188143,0.840243434363121,0.167890451236969,5.00471246680466,5.59454753485931e-07,2.51754639068669e-05,"Ptpn2"
"ENSMUSG00000024548",1311.95724508784,-0.424055910653025,0.156739009123316,-2.7054905669296,0.00682035853138649,0.0468097215379254,"Setbp1"
"ENSMUSG00000024597",9252.82426707815,1.31337023099343,0.138834413355233,9.45997609132348,3.08013625165029e-21,1.57218954673521e-18,"Slc12a2"
"ENSMUSG00000024610",78151.6503384078,0.687922382890612,0.132624618050304,5.18698860742195,2.13721799697997e-07,1.07857060779794e-05,"Cd74"
"ENSMUSG00000024620",3623.97455415183,-0.717991995666835,0.166133146312478,-4.32178654051594,1.54770886270944e-05,0.000382961479671803,"Pdgfrb"
"ENSMUSG00000024640",895.615609777382,1.18306534264018,0.295802167363777,3.99951546394605,6.34723005614412e-05,0.00121017358541104,"Psat1"
"ENSMUSG00000024642",1207.4824424097,-0.582392760346539,0.192207578400854,-3.03001975880443,0.00244537740168586,0.0213418013097791,"Tle4"
"ENSMUSG00000024644",4114.59722161068,0.530382674717719,0.164189671579178,3.23030474217101,0.00123658336711137,0.0127623118737404,"Cndp2"
"ENSMUSG00000024653",885281.716647405,-0.753288801557316,0.263153504631292,-2.86254520004497,0.00420253313662542,0.0322224268179456,"Scgb1a1"
"ENSMUSG00000024661",106093.492277986,0.668867807929054,0.147813429051733,4.5250814639782,6.03722462143895e-06,0.00017508931471105,"Fth1"
"ENSMUSG00000024675",189.614749254569,-1.00283718639325,0.315867778427804,-3.17486383506654,0.00149906827815563,0.0147715691060399,"Ms4a4c"
"ENSMUSG00000024679",400.556902821941,0.829251838996305,0.258760318402836,3.20471022803942,0.00135198517325579,0.0136535981459665,"Ms4a6d"
"ENSMUSG00000024691",1271.82618951308,0.628152196494054,0.215058994405114,2.92083666731364,0.00349092790855711,0.0279558551489602,"Fam111a"
"ENSMUSG00000024713",881.31992257287,-0.942782321061457,0.207865512657646,-4.53553987387131,5.74563213534706e-06,0.000167996265299468,"Pcsk5"
"ENSMUSG00000024730",695.677951107075,1.097011603742,0.190457153747685,5.75988657897991,8.41704754883328e-09,6.26543976916277e-07,"Ms4a8a"
"ENSMUSG00000024737",1456.69330795933,0.480377544612398,0.157131058564187,3.05717754975962,0.00223431888396868,0.0199880354842767,"Slc15a3"
"ENSMUSG00000024754",6115.65087848045,-0.979199445599757,0.203921878678541,-4.80183613423526,1.57217327478794e-06,5.83926726696187e-05,"Cemip2"
"ENSMUSG00000024768",106.459980843508,1.78927327075922,0.506343696206313,3.53371293879043,0.000409765862520236,0.00546303517457016,"Lipf"
"ENSMUSG00000024769",12593.7817725218,-0.471495218945467,0.155454100326767,-3.03301886508222,0.002421204634821,0.0212033435299398,"Cdc42bpg"
"ENSMUSG00000024772",5785.48191330438,-0.52170634601612,0.150054011936077,-3.47679038557373,0.000507454380148698,0.00647085831645717,"Ehd1"
"ENSMUSG00000024774",89.4984055726023,3.14797582727997,0.619626206770383,5.08044332677253,3.76555063161687e-07,1.78913728813392e-05,"Ankrd22"
"ENSMUSG00000024776",508.880379989981,0.632641239019832,0.223760310599903,2.82731659302634,0.00469398954272913,0.0349992166865008,"Stambpl1"
"ENSMUSG00000024781",6183.52947163924,0.74523545713789,0.18544030209578,4.01873513316957,5.85114000848503e-05,0.00113128372566651,"Lipa"
"ENSMUSG00000024791",50.5551106904815,1.89357644945573,0.579743175454071,3.26623327298786,0.00108988427479593,0.0116381134150594,"Cdca5"
"ENSMUSG00000024810",4758.91898421842,0.63533343863009,0.237337433346669,2.6769204910971,0.00743022650166302,0.0497716522130521,"Il33"
"ENSMUSG00000024867",1264.53221873935,1.00235701681342,0.207801573195045,4.82362573777339,1.4097182792723e-06,5.37361555065062e-05,"Pip5k1b"
"ENSMUSG00000024883",356.770306049587,0.84631740798129,0.256890200407162,3.29447136029287,0.000986069924899619,0.0107493300887821,"Rin1"
"ENSMUSG00000024892",3325.47223232953,0.499109323476883,0.137812732433795,3.62164884668153,0.000292731298034317,0.00419714658056426,"Pcx"
"ENSMUSG00000024897",383.434846795157,-0.709651523027329,0.246486829680179,-2.87906467030354,0.00398856534938847,0.0309038181599429,"Apba1"
"ENSMUSG00000024899",1426.47812848487,-0.628460388034635,0.205759780652879,-3.05434028963543,0.00225556075487911,0.0201075812803968,"Papss2"
"ENSMUSG00000024921",10681.2941572867,-0.633928044226026,0.207156907097769,-3.06013472158493,0.00221237449147114,0.019871327446019,"Smarca2"
"ENSMUSG00000024922",147.92454103955,1.11913147711528,0.32850721167367,3.40671813995668,0.000657489869039779,0.00789916375951288,"Ovol1"
"ENSMUSG00000024948",3893.9841731991,-0.82114999622475,0.1625960107508,-5.050246881415,4.41239427126062e-07,2.07440588568608e-05,"Map4k2"
"ENSMUSG00000024953",4230.18428388045,0.435826600440813,0.140474536443406,3.10253097447592,0.00191873467610819,0.0177976090283867,"Prdx5"
"ENSMUSG00000024978",4647.75013705556,-0.625983886118861,0.133738145264983,-4.68066821831995,2.8594137506414e-06,9.61495321457241e-05,"Gpam"
"ENSMUSG00000024981",10193.2392848112,0.387146164061405,0.136705528059973,2.83197153440323,0.00462619668772824,0.0345803363289812,"Acsl5"
"ENSMUSG00000024989",119.714173355281,1.4267363594626,0.37782063229702,3.77622669992514,0.000159222085678474,0.00259560668887657,"Cep55"
"ENSMUSG00000024990",1359.21753436023,0.780232841172676,0.190683119599734,4.09177719984062,4.28079838831068e-05,0.000878030576431347,"Rbp4"
"ENSMUSG00000024998",2426.15775103549,-1.05505298757695,0.175343640666922,-6.01705875139832,1.77614631857342e-09,1.48971145452179e-07,"Plce1"
"ENSMUSG00000025001",184.318244737378,0.973057903141556,0.323807868451367,3.00504712190989,0.0026553970729473,0.0226870725529428,"Hells"
"ENSMUSG00000025006",1431.78798521055,-0.98519649451644,0.214925413701025,-4.58389949122961,4.56383675680673e-06,0.000139372553265559,"Sorbs1"
"ENSMUSG00000025007",691.618681093106,0.619891554526978,0.222469042619488,2.78641714473165,0.00532942404656126,0.0386718767635324,"Aldh18a1"
"ENSMUSG00000025017",3758.32277477157,0.419097660555511,0.138015527368119,3.03659789987022,0.00239264396755441,0.0210359771822497,"Pik3ap1"
"ENSMUSG00000025026",5670.60710896785,-0.621904020604727,0.159890423241463,-3.88956391506664,0.000100424517862686,0.00177632080358108,"Add3"
"ENSMUSG00000025044",396.398600938707,1.69650580855362,0.351342410721107,4.82863940357116,1.37469082711148e-06,5.29285595395401e-05,"Msr1"
"ENSMUSG00000025059",756.085968259033,0.6991108167895,0.183975996455794,3.80001103544768,0.000144689644455293,0.00239562604095813,"Gk"
"ENSMUSG00000025075",54.195108081653,4.053274398873,0.909139543249233,4.45836332713758,8.25878295033753e-06,0.000225601158115872,"Habp2"
"ENSMUSG00000025078",4175.19374956074,-0.707054648796592,0.148471455112832,-4.76222616838542,1.9146891571111e-06,6.82752929975845e-05,"Nhlrc2"
"ENSMUSG00000025085",6497.98912326468,-0.563097456377087,0.15773409630057,-3.56991588745706,0.000357095870444766,0.00494919916640477,"Ablim1"
"ENSMUSG00000025089",552.431540519903,-0.977649132634029,0.292718206188561,-3.33989861909803,0.000838089786577574,0.00946996456641032,"Gfra1"
"ENSMUSG00000025092",883.558930122134,-0.541610356880986,0.178634779354145,-3.0319423733675,0.00242985587176811,0.0212474720576915,"Hspa12a"
"ENSMUSG00000025105",245.155939723225,-1.17200519581393,0.269510014497459,-4.34865174861612,1.36977023490997e-05,0.000346287060746153,"Bnc1"
"ENSMUSG00000025130",24704.5667957502,0.476123529154718,0.161679400447108,2.94486204079213,0.00323098693723003,0.0263448569756342,"P4hb"
"ENSMUSG00000025150",109186.358612454,-0.883020486541054,0.188700633167527,-4.67947813273693,2.87606030413731e-06,9.63992820514317e-05,"Cbr2"
"ENSMUSG00000025153",39059.2262232567,0.973094166939839,0.218256957986245,4.4584794726277,8.25431000601093e-06,0.000225601158115872,"Fasn"
"ENSMUSG00000025207",283.526207098544,1.76847321829484,0.370060052098036,4.77888172005753,1.76272847585858e-06,6.37472555085295e-05,"Sema4g"
"ENSMUSG00000025232",5666.63439652972,0.818837151201484,0.183411367234142,4.46448420045939,8.02618707630611e-06,0.000221619524139426,"Hexa"
"ENSMUSG00000025260",1957.72049921083,0.632119768943083,0.163386792421083,3.86885475610522,0.000109347752193785,0.00190028948729764,"Hsd17b10"
"ENSMUSG00000025270",2506.25708860882,-1.22737144639193,0.227946481491772,-5.38447199693336,7.26576140129813e-08,4.1871879817481e-06,"Alas2"
"ENSMUSG00000025289",1398.18249076533,0.445117999872989,0.165773783459555,2.6850928451035,0.00725096605387423,0.0489748614565078,"Prdx4"
"ENSMUSG00000025290",13683.773216075,0.465193890499211,0.127043910385298,3.66167799061266,0.000250568683243307,0.00370563702495172,"Rps24"
"ENSMUSG00000025314",2035.50606427201,-0.411218336394871,0.151958498474764,-2.70612266192642,0.00680738963727571,0.0467917649007195,"Ptprj"
"ENSMUSG00000025348",1381.13662280879,1.52466384314038,0.193845531972838,7.86535458219393,3.68053429017236e-15,8.53931754466614e-13,"Itga7"
"ENSMUSG00000025351",5284.53573257796,0.929917820096498,0.163901577163185,5.67363558174089,1.39798360108597e-08,9.75585040367218e-07,"Cd63"
"ENSMUSG00000025362",6509.7889821346,0.571876183775103,0.135856322162016,4.20941899997196,2.56028206854888e-05,0.000581926706801855,"Rps26"
"ENSMUSG00000025375",656.794919268688,-0.78380030740493,0.208648654200036,-3.75655577751048,0.000172267889640994,0.00276759518744277,"Aatk"
"ENSMUSG00000025402",980.149914712747,0.92025799562057,0.169062049981514,5.44331501789546,5.22980397390605e-08,3.12476414695089e-06,"Nab2"
"ENSMUSG00000025417",3613.73968607545,0.472729813810166,0.152468552570624,3.10050699531102,0.00193189650445116,0.01791039494137,"Pip4k2c"
"ENSMUSG00000025473",827.058052216012,-0.652023128894283,0.221795979383154,-2.9397427794122,0.00328484815613994,0.0266865904090223,"Adam8"
"ENSMUSG00000025477",2964.4165302654,-0.529301250151444,0.166522367457851,-3.17855948261976,0.00148008845627387,0.0146158584121888,"Inpp5a"
"ENSMUSG00000025481",245.66732810671,1.13896273075068,0.265236372830965,4.29414231009915,1.75369964479231e-05,0.000421528206554806,"Urah"
"ENSMUSG00000025499",1998.66725291209,0.40469797158451,0.150592104467683,2.68737841877599,0.00720153141367127,0.0487515569174828,"Hras"
"ENSMUSG00000025525",405.103713637013,0.739832468351536,0.211104625250492,3.50457725629492,0.000457332853900623,0.00597240601968905,"Apool"
"ENSMUSG00000025534",2842.66981225749,0.41197946948963,0.15134450313372,2.72213037777545,0.00648625471198643,0.04503573277483,"Gusb"
"ENSMUSG00000025571",1812.96416324356,-0.427508077479254,0.158685466353239,-2.69405943281288,0.0070587576734892,0.0480008281774943,"Tnrc6c"
"ENSMUSG00000025574",247.65062142176,0.837124767067838,0.296301976229328,2.82524192960472,0.00472449290397003,0.0351386618357305,"Tk1"
"ENSMUSG00000025576",85.6257626626903,-1.09055640895332,0.399720840001616,-2.72829509952224,0.00636626273658827,0.0444965899018582,"Rbfox3"
"ENSMUSG00000025582",1071.87082866885,-0.886337739414149,0.242146517496343,-3.66033651269643,0.000251884226544027,0.00371893529521408,"Nptx1"
"ENSMUSG00000025584",1312.94721282647,-0.485533014708661,0.15542583669409,-3.12388869853273,0.00178477955386422,0.0169078979695419,"Pde8a"
"ENSMUSG00000025608",15773.7425861834,-0.708541805922116,0.194201616570799,-3.64848562248609,0.000263790662432076,0.00386914629256899,"Podxl"
"ENSMUSG00000025630",2514.480734245,0.414455288422653,0.136398077211581,3.03857134129354,0.00237702815491244,0.0209499792735623,"Hprt1"
"ENSMUSG00000025648",2029.99527277517,0.56099967705978,0.162231771212687,3.45801363608553,0.000544173840518157,0.00683181002168438,"Pfkfb4"
"ENSMUSG00000025731",892.519098143893,0.463635821571973,0.165559857102914,2.80041206657825,0.00510374103679229,0.0375528556928725,"Mettl26"
"ENSMUSG00000025743",5276.10576470345,-0.463647520612005,0.149055986399808,-3.11055954081829,0.00186733245339647,0.0174585619020007,"Sdc3"
"ENSMUSG00000025747",292.582471392037,0.679930130276125,0.235640726171806,2.88545253327894,0.00390851395915526,0.030544882712296,"Tyms"
"ENSMUSG00000025785",1791.19265559713,0.791651265114219,0.184191485004978,4.29797970895791,1.72361937462798e-05,0.00041611432605039,"Exosc7"
"ENSMUSG00000025786",10497.2339693703,0.756295407396059,0.128107981003353,5.90357760283695,3.55702187633703e-09,2.86237688413758e-07,"Zdhhc3"
"ENSMUSG00000025790",4820.22798750694,-0.663515331142263,0.169522228298449,-3.91403143883954,9.07678097172982e-05,0.00162807923754973,"Slco3a1"
"ENSMUSG00000025791",2053.18353557102,0.832707441629618,0.189267794261075,4.39962564619413,1.08437778215409e-05,0.000282965322453577,"Pgm1"
"ENSMUSG00000025792",2552.76231794877,0.49650701244175,0.148998491784,3.33229555881361,0.000861327284554632,0.00964136086376472,"Slc25a10"
"ENSMUSG00000025810",10696.9954327695,-0.432735079681411,0.153151429299348,-2.82553732381819,0.00472013885511928,0.0351208998945047,"Nrp1"
"ENSMUSG00000025856",2576.95830035243,-0.599947199264464,0.142057445738881,-4.22327176265888,2.4078119314122e-05,0.00055218947566982,"Pdgfa"
"ENSMUSG00000025868",1708.91808101468,0.471144217421099,0.157053365116015,2.99989890107139,0.0027006923094185,0.0229970772677605,"Higd2a"
"ENSMUSG00000025877",338.579479976136,0.975463524126024,0.263628697002886,3.70014165838458,0.000215479151115014,0.0033128528697674,"Hk3"
"ENSMUSG00000025880",1597.91400063592,-0.691186956389442,0.163982573097849,-4.21500250503455,2.49775416739962e-05,0.000569889887619338,"Smad7"
"ENSMUSG00000025889",301.155181835321,-0.982091438923403,0.321288468722427,-3.05672793931446,0.00223767273821873,0.0200080197538927,"Snca"
"ENSMUSG00000025900",543.693713976701,-1.01088653354747,0.334789172382325,-3.01947200488625,0.00253215693613377,0.0218985623301077,"Rp1"
"ENSMUSG00000025902",979.385654704075,-0.726699081707073,0.198932577307734,-3.65299184046122,0.000259202470970935,0.00380497300237942,"Sox17"
"ENSMUSG00000025931",2560.37772497156,0.740592058194797,0.186785238424176,3.96493890225397,7.34147487963019e-05,0.00135631280997511,"Paqr8"
"ENSMUSG00000025934",3889.81988890206,-0.650191490234878,0.189523492534689,-3.43066435479428,0.000602105101564052,0.00740303347518362,"Gsta3"
"ENSMUSG00000025950",3987.45178733608,0.525970272824583,0.163993253336804,3.20726775109683,0.00134002212019197,0.0135711423907197,"Idh1"
"ENSMUSG00000025967",10111.5878869996,0.521027420267918,0.148012908937412,3.52014850602143,0.0004313052361304,0.00571607421622374,"Eef1b2"
"ENSMUSG00000025993",775.905174939264,0.553535955604555,0.200539894200378,2.76022862090206,0.00577609245962493,0.0410852057069054,"Slc40a1"
"ENSMUSG00000026028",4956.11762134116,-0.566879334920246,0.183177065966726,-3.09470692702994,0.00197007457270552,0.0181326029064318,"Trak2"
"ENSMUSG00000026065",596.49914596296,1.21905153384371,0.241613240064779,5.04546660405228,4.52415914578293e-07,2.11581421830921e-05,"Slc9a4"
"ENSMUSG00000026077",444.198219421234,1.93573205775349,0.39222167382264,4.93530109870678,8.00272010504759e-07,3.44502637775121e-05,"Npas2"
"ENSMUSG00000026107",1826.72576470314,0.837802756196207,0.183841473590097,4.55720213635917,5.18395298407906e-06,0.000153330000100285,"Nabp1"
"ENSMUSG00000026109",555.170733968228,-0.744422960343885,0.265959872898582,-2.79900479809506,0.00512603757473272,0.037670366627972,"Tmeff2"
"ENSMUSG00000026158",1012.11414134723,0.596297265084686,0.15889156858791,3.75285655736209,0.000174830904434262,0.00279870439759686,"Ogfrl1"
"ENSMUSG00000026175",219.68105605692,3.40157764801467,1.24612825944732,2.72971712359957,0.00633886916001264,0.044357186660253,"Vil1"
"ENSMUSG00000026181",4563.15639737657,-0.847094249879989,0.214493469628793,-3.94927757635693,7.83874106257906e-05,0.00144073157492773,"Ppm1f"
"ENSMUSG00000026185",25168.8380980457,-1.08022487708277,0.153751930339795,-7.02576465020929,2.12897058815565e-12,3.11754586536072e-10,"Igfbp5"
"ENSMUSG00000026187",1060.49934052528,0.62398858426838,0.171058476036284,3.64780862502261,0.000264486518589993,0.0038718715772361,"Xrcc5"
"ENSMUSG00000026202",2733.89036672623,0.726707347757789,0.157784182072927,4.6057046923874,4.11071403210696e-06,0.000129748950854401,"Tuba4a"
"ENSMUSG00000026204",268.956481128179,1.40599040409014,0.2947264946469,4.77049206510805,1.83776425565257e-06,6.58936956469818e-05,"Ptprn"
"ENSMUSG00000026205",102.873409991549,1.59269096576753,0.458413735238946,3.47435262806284,0.000512087574635141,0.00651598612596638,"Slc23a3"
"ENSMUSG00000026211",384.61758461626,-0.604898406963276,0.225640510015408,-2.68080588420036,0.00734451063196399,0.0493826429958738,"Obsl1"
"ENSMUSG00000026222",3277.61530529525,-0.511576818551488,0.16035090721295,-3.19035811797498,0.00142096593654041,0.0141660471296286,"Sp100"
"ENSMUSG00000026249",3512.97909707439,0.864808452345576,0.16338555319338,5.29305336636467,1.20290798168297e-07,6.49243235431003e-06,"Serpine2"
"ENSMUSG00000026301",624.65425515347,-1.01474455201844,0.363241974284027,-2.79357735024585,0.00521285604798383,0.0380734559677968,"Iqca1"
"ENSMUSG00000026303",2483.26107489687,1.07679548517451,0.20929841669483,5.14478562322113,2.67826477005054e-07,1.31810468641743e-05,"Mlph"
"ENSMUSG00000026311",861.632202203534,-0.613191106237856,0.17367383611632,-3.53070514217907,0.000414453485785183,0.00551509742855854,"Asb1"
"ENSMUSG00000026327",43.11598240131,7.31941101710892,2.50630530214872,2.92039880809165,0.00349583706523163,0.0279682620556933,"Serpinb11"
"ENSMUSG00000026335",12088.1477920036,-0.533374211280747,0.128233696653384,-4.15939199446507,3.19095863431438e-05,0.000691826165073136,"Pam"
"ENSMUSG00000026355",620.204519487526,0.546955983848268,0.197226883892937,2.77323239637644,0.00555024683336047,0.0398535249833927,"Mcm6"
"ENSMUSG00000026360",2109.92686987072,-0.678953064038622,0.193595149028041,-3.50707684282049,0.000453058296592379,0.00593828794469761,"Rgs2"
"ENSMUSG00000026365",5025.77589094888,-0.700299381258408,0.185201560021267,-3.78128230225486,0.00015602262493236,0.00254784661281226,"Cfh"
"ENSMUSG00000026380",2870.04233106528,0.757308120726003,0.159752278301141,4.74051530769684,2.13175344919791e-06,7.48207767581937e-05,"Tfcp2l1"
"ENSMUSG00000026385",3780.97150264732,0.565787825407562,0.141802425842003,3.98997282344074,6.60808662421072e-05,0.00124999673500565,"Dbi"
"ENSMUSG00000026389",1466.1317970305,-0.44567493623885,0.156514401663683,-2.84750113409061,0.00440639371964573,0.0333474814976649,"Steap3"
"ENSMUSG00000026390",5523.28341215906,1.66481704774816,0.136717701091706,12.177040971684,4.11958411054305e-34,6.69057910316833e-31,"Marco"
"ENSMUSG00000026394",45.5340660927765,2.31410566111908,0.587198985179156,3.94092244626928,8.11688678439341e-05,0.00148421885776037,"Atp6v1g3"
"ENSMUSG00000026407",106.540067292837,5.05342869602685,1.58991956638581,3.17841782871712,0.00148081185144483,0.0146158584121888,"Cacna1s"
"ENSMUSG00000026413",370.791898283484,11.9287008678764,3.02458183462451,3.9439173810145,8.01612848202186e-05,0.00146880138801354,"Pkp1"
"ENSMUSG00000026450",37.0818334029147,4.48866755479341,1.12427760507091,3.9924904085502,6.53829784077275e-05,0.00123998610324209,"Chit1"
"ENSMUSG00000026463",2161.96908464775,-0.779234661765563,0.21233316908258,-3.66986780790007,0.000242675931793849,0.00361283793458093,"Atp2b4"
"ENSMUSG00000026475",138.060114286882,1.92213401919461,0.364017911397177,5.28032813500043,1.28952733908562e-07,6.8974269199894e-06,"Rgs16"
"ENSMUSG00000026479",11038.7445086421,0.922941220403147,0.170930928519844,5.39949808027867,6.68275991723117e-08,3.88884384108582e-06,"Lamc2"
"ENSMUSG00000026482",3167.19461667527,-0.599098921581158,0.207533576541421,-2.88675659893322,0.00389235214234647,0.0304606645026679,"Rgl1"
"ENSMUSG00000026494",831.276035014897,-1.47232044826468,0.250319709198515,-5.88175998197992,4.05926706900481e-09,3.20879673397217e-07,"Kif26b"
"ENSMUSG00000026509",8596.56964599977,-0.414372670321956,0.151132418420131,-2.74178547960536,0.006110623500032,0.0429619397198236,"Capn2"
"ENSMUSG00000026510",3858.32995448438,-0.637418184019242,0.14170798841508,-4.49811045339352,6.85600779683426e-06,0.000195035954284147,"Trp53bp2"
"ENSMUSG00000026532",148.838429533876,-1.26903546813235,0.374309401182678,-3.39033821785578,0.000698064430049367,0.00825342226527594,"Spta1"
"ENSMUSG00000026548",318.231350304308,0.736900036245177,0.228271027622829,3.22818030793971,0.00124580422038566,0.0128352320629699,"Slamf9"
"ENSMUSG00000026576",14940.0552561485,0.955712800569612,0.130803022571164,7.30650394603574,2.74182453882511e-13,4.80222503785398e-11,"Atp1b1"
"ENSMUSG00000026579",420.160045191165,-1.56520153203632,0.293447386659701,-5.33384041975273,9.61570363449244e-08,5.2694645837487e-06,"F5"
"ENSMUSG00000026581",1803.55245161912,-0.697960560131778,0.155412860165091,-4.49100904127467,7.08865415960269e-06,0.000200377858483073,"Sell"
"ENSMUSG00000026600",8925.71112666411,1.13571159376305,0.171786834512002,6.61116782895083,3.81299897913723e-11,4.45223704328671e-09,"Soat1"
"ENSMUSG00000026604",3489.46489050498,-0.793375194098861,0.16508480450483,-4.80586445541479,1.54084268238542e-06,5.77089193308502e-05,"Ptpn14"
"ENSMUSG00000026605",186.938528984195,1.56180635011671,0.342245982383051,4.56340302153991,5.03310642299222e-06,0.000150110928625636,"Cenpf"
"ENSMUSG00000026639",5795.62106148374,0.78323006860431,0.231539275047926,3.38270934139441,0.000717745519314758,0.00844698531130313,"Lamb3"
"ENSMUSG00000026657",3439.65525078401,-0.548749323290492,0.138295751433887,-3.9679405737408,7.24964049006997e-05,0.00134478898362558,"Frmd4a"
"ENSMUSG00000026678",903.954103999111,1.24013811162888,0.264104708865913,4.69563044503877,2.65785687353069e-06,9.00998350011876e-05,"Rgs5"
"ENSMUSG00000026683",83.9379331789156,1.58952350116455,0.428072745128532,3.71320883950994,0.000204647877129316,0.00317088839975302,"Nuf2"
"ENSMUSG00000026691",1131.64285872656,-1.36938187594635,0.29562546163537,-4.63215133219944,3.61885466541695e-06,0.000117761090341847,"Fmo3"
"ENSMUSG00000026692",319.368334355026,0.977585317204351,0.319589931614965,3.05887395220612,0.00222170606113473,0.019910732749185,"Fmo4"
"ENSMUSG00000026701",25898.3348803746,-0.695449843928026,0.165899830278001,-4.19198647016486,2.76522491241835e-05,0.000619056930580875,"Prdx6"
"ENSMUSG00000026712",5546.71198082543,0.696396311630722,0.182292253087827,3.82021890582044,0.000133333283683883,0.00223511242048894,"Mrc1"
"ENSMUSG00000026725",1646.92224796271,-1.35988778319455,0.160239000840275,-8.48662170921841,2.1273084716489e-17,6.9098846992741e-15,"Tnn"
"ENSMUSG00000026748",5908.97378329191,-0.838333085809694,0.287045254111999,-2.92056069139048,0.00349402134289665,0.0279662595389107,"Plxdc2"
"ENSMUSG00000026749",2566.67231570465,1.41000290715541,0.207471734028318,6.79612051135102,1.07473887724212e-11,1.39131956825584e-09,"Nek6"
"ENSMUSG00000026768",8535.87923439432,-1.11886557591662,0.241042333526126,-4.64178038583148,3.45419887672694e-06,0.000112814009017782,"Itga8"
"ENSMUSG00000026773",2843.33506326909,-0.613382506601817,0.175468212120274,-3.4956901833671,0.000472837359467095,0.00611675555892806,"Pfkfb3"
"ENSMUSG00000026797",2270.73633457768,-0.763070779365976,0.151925907398697,-5.02265079360993,5.09631558362927e-07,2.3465380902458e-05,"Stxbp1"
"ENSMUSG00000026814",18250.6831216532,-1.31619077659187,0.15129550490391,-8.6994704662759,3.33436417195255e-18,1.21568195779454e-15,"Eng"
"ENSMUSG00000026817",1384.32904857479,0.745732364079633,0.217732547165559,3.42499260577976,0.000614816153273687,0.00749228552403439,"Ak1"
"ENSMUSG00000026822",13406.3265068426,2.4513388929022,0.200450154698196,12.2291693742667,2.17147710865804e-34,3.87934385461759e-31,"Lcn2"
"ENSMUSG00000026837",1610.63043448399,-0.50104966629053,0.172091279698296,-2.91153431579422,0.00359658398866679,0.0286204779320856,"Col5a1"
"ENSMUSG00000026840",423.177319486781,-1.04872425110513,0.238458848363096,-4.3979255049838,1.09290475446523e-05,0.000284617251290399,"Lamc3"
"ENSMUSG00000026866",321.052924174362,2.13549890864943,0.287681718762526,7.42313038810863,1.14384069074002e-13,2.15102252000742e-11,"Kynu"
"ENSMUSG00000026870",495.807879506715,0.712447460610351,0.215644538979237,3.30380478904197,0.000953822240801426,0.0104668515552319,"Cutal"
"ENSMUSG00000026872",4455.84271315553,-0.416349812318228,0.153738646584193,-2.70816623906091,0.00676561241542387,0.0465233509628743,"Zeb2"
"ENSMUSG00000026874",28364.7936287386,1.20049659243946,0.182359854085591,6.58311884739724,4.60680598279072e-11,5.2572443525579e-09,"Hc"
"ENSMUSG00000026879",94976.1937360647,-0.811768856139894,0.225509912852355,-3.59970364882086,0.000318580049558466,0.00450628074850515,"Gsn"
"ENSMUSG00000026921",6866.78411071547,-0.770097227664327,0.193589254020167,-3.97799573928882,6.9498616821612e-05,0.00130282559235897,"Egfl7"
"ENSMUSG00000026922",1468.38362566969,0.492312796404115,0.165578933158359,2.97328160662364,0.0029463399604811,0.0246079305254768,"Agpat2"
"ENSMUSG00000026923",4615.93001861713,-0.694698640892515,0.1523778337456,-4.55905313664149,5.13847699657952e-06,0.000152689014584273,"Notch1"
"ENSMUSG00000026950",1257.72192835913,5.16031425947048,1.43841723086567,3.58749474682314,0.000333870457184276,0.00467444805454318,"Neb"
"ENSMUSG00000026958",827.698096873238,0.679130426792434,0.224634000092452,3.02327531234331,0.00250054639943868,0.0217066382050399,"Dpp7"
"ENSMUSG00000026980",2409.48205177843,1.46528652350875,0.192248059557758,7.62185338504562,2.50058970222239e-14,5.31821845597655e-12,"Ly75"
"ENSMUSG00000026981",562.637780653009,1.14486611847656,0.212722768831611,5.38196322267139,7.3677820369886e-08,4.21876365675645e-06,"Il1rn"
"ENSMUSG00000026986",685.177503137514,1.05373090641615,0.17851252588197,5.9028401576305,3.57296414868558e-09,2.86237688413758e-07,"Hnmt"
"ENSMUSG00000026994",876.849337082961,0.720254455257085,0.18977709376519,3.79526549262183,0.00014748554472156,0.00242617795253284,"Galnt3"
"ENSMUSG00000027009",2111.0378365729,-0.471950388932111,0.137318951070178,-3.43689188749277,0.00058843042782828,0.00727638132617363,"Itga4"
"ENSMUSG00000027015",968.751097904817,-0.834693689144053,0.168501550129829,-4.95362617436415,7.28430869319631e-07,3.1817646651333e-05,"Cybrd1"
"ENSMUSG00000027016",496.688333944264,1.64125300645744,0.246548087290056,6.65692857120629,2.79608986624967e-11,3.38367644331484e-09,"Zfp385b"
"ENSMUSG00000027022",462.075170295081,3.21843138588155,1.07722020153114,2.98771911379578,0.00281067739332498,0.0237749770983668,"Xirp2"
"ENSMUSG00000027030",1435.06449400556,1.52462878764113,0.223946199757047,6.80801366263486,9.89554689081713e-12,1.29988195003271e-09,"Stk39"
"ENSMUSG00000027070",5630.74716002428,1.1082530542892,0.186959713715496,5.92776396724523,3.07087464257625e-09,2.5165676830103e-07,"Lrp2"
"ENSMUSG00000027073",286.076085650328,-0.80827680759291,0.255346208168106,-3.1654153527151,0.00154861713537464,0.0151511747664118,"Prg2"
"ENSMUSG00000027074",9346.66628854238,-0.718190687591242,0.214521145294546,-3.3478783017177,0.000814327622759104,0.00927803761517308,"Slc43a3"
"ENSMUSG00000027077",122.509781316173,3.61488756796955,1.27616667765172,2.83261397689941,0.00461691034354274,0.0345398254972325,"Smtnl1"
"ENSMUSG00000027082",1212.93619275592,-0.529147592505711,0.193352643804095,-2.73669695999525,0.00620594321462751,0.0435464161544856,"Tfpi"
"ENSMUSG00000027108",1239.88689962421,0.490806092559064,0.151451823189136,3.24067470581807,0.00119247175812546,0.0124261505844496,"Ola1"
"ENSMUSG00000027186",2115.63631807773,1.14237246571947,0.229056598878271,4.98729340832727,6.12310389390052e-07,2.71437347554672e-05,"Elf5"
"ENSMUSG00000027188",730.719369749752,-0.899846690432879,0.284077970097849,-3.16760461968569,0.00153700396589822,0.0150457949867243,"Pamr1"
"ENSMUSG00000027200",2186.50126892138,-0.885965308531164,0.171016435171506,-5.18058575857148,2.21190206100187e-07,1.1068804011148e-05,"Sema6d"
"ENSMUSG00000027210",797.569716480576,-0.703929144146879,0.250113417570333,-2.81443974891483,0.00488623362634718,0.0361459891240962,"Meis2"
"ENSMUSG00000027217",4687.10415211013,-1.13124875561738,0.253009412561156,-4.47117261040217,7.77918780479663e-06,0.000216472258773663,"Tspan18"
"ENSMUSG00000027221",894.499098559336,-0.776882258284682,0.229197585538965,-3.3895743554969,0.000700012218700551,0.00827097770309877,"Chst1"
"ENSMUSG00000027230",1858.25502726681,1.11576220315921,0.200552390682743,5.5634450397764,2.64500192666744e-08,1.70588301154924e-06,"Creb3l1"
"ENSMUSG00000027238",169.217082954937,-0.958257789137412,0.346798651217451,-2.76315316040996,0.00572458971832804,0.0407611778867797,"Frmd5"
"ENSMUSG00000027253",5202.08051467563,-0.594229979604178,0.160415674661412,-3.70431368916046,0.000211963828929394,0.00327289006380607,"Lrp4"
"ENSMUSG00000027257",1126.59408192541,0.488179024385511,0.171851768251895,2.84069829104087,0.00450148779119547,0.033889203282641,"Pacsin3"
"ENSMUSG00000027293",18546.430356998,-0.846257884535162,0.184059758220095,-4.59773441364204,4.27109958978444e-06,0.00013305021472601,"Ehd4"
"ENSMUSG00000027303",2897.58742428191,-0.435777635478666,0.156908491253193,-2.77727248537161,0.0054817202225165,0.0394564592164614,"Ptpra"
"ENSMUSG00000027306",213.804114093562,1.09689004401047,0.333678750577226,3.28726369933051,0.0010116605259423,0.0109840015693878,"Nusap1"
"ENSMUSG00000027309",3016.26504005997,-0.57352096397364,0.166302914644793,-3.44865250978087,0.000563391214726774,0.00703845038538029,"Dnaaf9"
"ENSMUSG00000027314",2409.77104657651,-1.32139845477157,0.180588506213773,-7.31717916314869,2.53237656101784e-13,4.47929774877067e-11,"Dll4"
"ENSMUSG00000027315",3126.52396334194,0.788233584026003,0.173379962488599,4.54627843213333,5.46027932498329e-06,0.000160177159508746,"Spint1"
"ENSMUSG00000027322",1879.33101969594,1.14494110636671,0.187164551610992,6.11729676646455,9.51760240222964e-10,8.37595896137106e-08,"Siglec1"
"ENSMUSG00000027323",95.5335015830627,1.36240263814584,0.424483490703676,3.20955388839116,0.00132941124349573,0.0134789624659769,"Rad51"
"ENSMUSG00000027331",173.945269704856,1.3222674848219,0.368335604796995,3.58984433652743,0.000330875491307814,0.00464708384608027,"Knstrn"
"ENSMUSG00000027333",906.321832317015,0.633006565399954,0.193085844477807,3.27836857803789,0.00104408969233856,0.0112636849961524,"Smox"
"ENSMUSG00000027340",7235.47075076513,-0.770644407228774,0.177603250451216,-4.33913458943398,1.43044901301445e-05,0.000357412190454589,"Slc23a2"
"ENSMUSG00000027351",3757.30164952785,0.70622162278717,0.141443113954117,4.9929728146134,5.94569292732534e-07,2.64228368524048e-05,"Spred1"
"ENSMUSG00000027360",5503.36918246557,0.814494136700459,0.164680508042104,4.94590493060792,7.57909438402432e-07,3.27846298233885e-05,"Hdc"
"ENSMUSG00000027375",2258.28801065609,1.44354555263254,0.176390430604653,8.18380876833383,2.75010375328126e-16,7.9242908955435e-14,"Mal"
"ENSMUSG00000027379",177.1581289563,0.981716175793102,0.320949269080727,3.05878925540153,0.00222233423464175,0.019910732749185,"Bub1"
"ENSMUSG00000027380",3962.12493045872,0.934240157359479,0.148115684673966,6.30750321558407,2.83572689532548e-10,2.73839248567512e-08,"Acoxl"
"ENSMUSG00000027401",960.166276871261,5.38510531281294,1.47684345054755,3.64636164436817,0.000265979580654121,0.00387895935378438,"Tgm3"
"ENSMUSG00000027419",19.0183798865611,5.2251217814455,1.46629405743895,3.5634883432398,0.000365958953271513,0.0050368695687177,"Pcsk2"
"ENSMUSG00000027423",3997.3626214942,0.482371762415278,0.135325319190648,3.56453445149984,0.000364502575027498,0.00502095462715459,"Snx5"
"ENSMUSG00000027435",9553.81248057117,-1.00276426229326,0.154854938166011,-6.47550716928547,9.44940004156228e-11,9.98896637529645e-09,"Cd93"
"ENSMUSG00000027456",169.977364931132,1.38696804641117,0.337000973763492,4.1156202930872,3.86139543091214e-05,0.000803071354752565,"Sdcbp2"
"ENSMUSG00000027463",959.175304062827,-0.453229341050925,0.163462887967412,-2.77267425460684,0.00555977437437871,0.0399057329040883,"Slc52a3"
"ENSMUSG00000027469",315.817407287532,1.39433942911343,0.317616223502458,4.39001324849718,1.13343755088834e-05,0.000293037074480757,"Tpx2"
"ENSMUSG00000027470",65.1231653608524,4.28108140388075,1.00949657469577,4.24080825154947,2.22716341234288e-05,0.000517022070881265,"Mylk2"
"ENSMUSG00000027474",1108.12481561723,-0.902037356202435,0.214665028301784,-4.2020694443732,2.64485965442582e-05,0.000599624590435499,"Ccm2l"
"ENSMUSG00000027496",139.586018440067,1.53974915892961,0.417844108922032,3.68498472528883,0.000228716356589418,0.00345686777535529,"Aurka"
"ENSMUSG00000027500",2145.57290763508,-0.571693183511082,0.188468795658042,-3.03335722773101,0.00241849120874861,0.02120036577247,"Stmn2"
"ENSMUSG00000027506",2944.1345558108,0.475650894903636,0.139104801655747,3.41937078549427,0.000627661347592175,0.00762396074092654,"Tpd52"
"ENSMUSG00000027533",2929.7263198199,1.10917987813472,0.138847413806054,7.9884806474253,1.36611906657187e-15,3.34324892113787e-13,"Fabp5"
"ENSMUSG00000027555",381.346536316246,1.11224222549895,0.216042465030273,5.14825742866381,2.62917503509035e-07,1.3011139058695e-05,"Car13"
"ENSMUSG00000027574",586.426807352035,-0.991697756044343,0.26872823391718,-3.69033704270157,0.000223957120378732,0.00341090703799322,"Nkain4"
"ENSMUSG00000027580",3673.64143540177,-0.509765929547674,0.172218309234547,-2.95999845668798,0.00307640583471406,0.0254916466777211,"Helz2"
"ENSMUSG00000027583",823.719297092133,-0.64081249250545,0.222221773673891,-2.8836620368526,0.00393080360933784,0.0306520325101792,"Zbtb46"
"ENSMUSG00000027611",1131.23270124405,0.555324270900371,0.182123241948568,3.04916750305376,0.0022947649518551,0.020411913225706,"Procr"
"ENSMUSG00000027654",61.6809920370542,1.53836083310238,0.479378009418207,3.20907676797566,0.00133161932755969,0.0134936921649767,"Fam83d"
"ENSMUSG00000027669",1478.92164692516,-0.640910384079629,0.155544672922592,-4.12042644751058,3.78171783027243e-05,0.000789440940060116,"Gnb4"
"ENSMUSG00000027676",535.853095421176,-0.878957719800882,0.273441518951832,-3.21442670143927,0.0013070528071517,0.0133279100455281,"Ccdc39"
"ENSMUSG00000027678",3113.7484030227,-0.499661386899041,0.135566492410325,-3.68572925370596,0.000228048691177481,0.00345352258755454,"Ncoa3"
"ENSMUSG00000027692",928.281204730801,-0.804498691548108,0.212258494616017,-3.79018372387628,0.000150535898969459,0.00246953520210228,"Tnik"
"ENSMUSG00000027699",192.865470209211,1.06223295731842,0.33388180623037,3.1814640315726,0.00146532717157897,0.014519173555329,"Ect2"
"ENSMUSG00000027715",240.231094808549,1.15919494952413,0.312018302006393,3.71515049620513,0.000203082788884387,0.00315210601513429,"Ccna2"
"ENSMUSG00000027737",229.447329130397,1.61716008254453,0.310253281388346,5.21238671613055,1.86426412729314e-07,9.62574526996876e-06,"Slc7a11"
"ENSMUSG00000027750",4879.11519467771,-0.547351612225056,0.17086305369147,-3.20345212378926,0.00135790615618901,0.013690176907628,"Postn"
"ENSMUSG00000027784",1503.92551495231,-0.580922326299059,0.189711356954088,-3.06213784786562,0.00219762222471385,0.0197885690748553,"Ppm1l"
"ENSMUSG00000027796",647.798917802432,-1.04341245284423,0.252937974815336,-4.12517121482453,3.70459059918557e-05,0.000777702832602234,"Smad9"
"ENSMUSG00000027797",353.480429148406,0.643646207774167,0.239997914285173,2.68188250590114,0.00732091671406156,0.0493168088599961,"Dclk1"
"ENSMUSG00000027800",6112.91005619129,-0.842009643061357,0.2273235564396,-3.7040140329015,0.000212214510886744,0.00327393112002736,"Tm4sf1"
"ENSMUSG00000027858",5298.41542407472,-0.550639025351158,0.185401451104395,-2.96998228477244,0.00297816922757462,0.0248157617773417,"Tspan2"
"ENSMUSG00000027867",413.754791422986,-1.12138770062521,0.304150810882517,-3.68694627961509,0.00022696124527115,0.00344423852320972,"Spag17"
"ENSMUSG00000027868",53.5535055147808,3.57639695304769,1.04318379341499,3.42834788617634,0.000607266740208401,0.00744867743832837,"Tbx15"
"ENSMUSG00000027878",4615.86935561605,-0.492569154940975,0.145675797130981,-3.38126967308162,0.00072151693733313,0.00847462201542168,"Notch2"
"ENSMUSG00000027887",56.2848658102958,3.65594677258941,0.869531940692786,4.2044996871266,2.61660300537465e-05,0.000593972207001502,"Sypl2"
"ENSMUSG00000027900",3159.07711298526,0.460110166685873,0.135513740015442,3.39530269501412,0.000685527641797292,0.00813210579064317,"Dram2"
"ENSMUSG00000027901",1283.40616796307,0.64568136428042,0.199386642732783,3.23833811247707,0.00120228231688538,0.0124804030163611,"Dennd2d"
"ENSMUSG00000027907",8029.21370473887,0.477489834488754,0.135680739494995,3.51921603807567,0.000432824099372848,0.0057319514716797,"S100a11"
"ENSMUSG00000027913",199.052948390895,11.0312466482787,3.44111544571366,3.20571826848167,0.00134725825518036,0.0136212613066197,"Crct1"
"ENSMUSG00000027931",3977.87397737348,-0.465051635686886,0.131878196926833,-3.5263724142733,0.000421294098276158,0.00559585060647105,"Npr1"
"ENSMUSG00000027932",404.57907674681,-0.801780100325297,0.28635484233442,-2.79995300162914,0.00511100473647105,0.0375908191095328,"Slc27a3"
"ENSMUSG00000027947",2505.36794880406,-0.637724847198246,0.146900419334471,-4.34120508360318,1.41703382496821e-05,0.000354556152423768,"Il6ra"
"ENSMUSG00000027952",1239.23158678353,0.768523352389442,0.245641805691805,3.12863419247809,0.00175620797806139,0.016699266877008,"Pmvk"
"ENSMUSG00000027995",1653.49364643747,0.686455093893277,0.148531303783748,4.62161898809367,3.80756841262918e-06,0.000122783772006535,"Tlr2"
"ENSMUSG00000027996",256.794496577961,-1.80904290583728,0.30742691530497,-5.88446494361983,3.99343768281777e-09,3.17078952015731e-07,"Sfrp2"
"ENSMUSG00000028004",18.521462490674,7.60540640221862,1.68526316084924,4.51288948747096,6.39503482718331e-06,0.000183677326668215,"Npy2r"
"ENSMUSG00000028005",3307.96441364187,-0.939394744620204,0.224711910560211,-4.18044037932068,2.90945089651713e-05,0.000640115027909835,"Gucy1b1"
"ENSMUSG00000028007",1963.01392637065,1.35816924660591,0.189685667601108,7.16010473422806,8.06154465719329e-13,1.3092681390978e-10,"Snx7"
"ENSMUSG00000028019",195.694988732689,0.906266988330833,0.30168940723202,3.00397351251332,0.00266478523395602,0.0227238129855009,"Pdgfc"
"ENSMUSG00000028031",129.554425891345,1.58166740806722,0.345336938238481,4.58007016606766,4.64819963951274e-06,0.000141465224122479,"Dkk2"
"ENSMUSG00000028039",86.3932435367152,1.17227437527764,0.426245129138926,2.75023524056638,0.00595524950412043,0.0421181838444622,"Efna3"
"ENSMUSG00000028040",137.885793568279,1.15361999200874,0.336397146700412,3.4293394082683,0.000605052374637481,0.007434154520563,"Efna4"
"ENSMUSG00000028044",258.276004333004,1.49102182325028,0.34820311731642,4.28204616529999,1.85182549187274e-05,0.000441104832164087,"Cks1b"
"ENSMUSG00000028048",1858.91705761437,0.444379259981307,0.150509288439362,2.95250389254442,0.0031520809601445,0.0259382433684853,"Gba1"
"ENSMUSG00000028064",2343.48253876672,0.723412032712576,0.161495637190495,4.47945248117918,7.4834747041236e-06,0.000209549021299636,"Sema4a"
"ENSMUSG00000028068",155.833101696345,1.5898423931124,0.392237946028434,4.0532600407742,5.05088050036669e-05,0.00101159170559474,"Iqgap3"
"ENSMUSG00000028073",1193.20848595103,-0.859514777317822,0.187291037941989,-4.58919330450849,4.4496223430423e-06,0.00013680899616651,"Pear1"
"ENSMUSG00000028088",1252.47150506688,-0.788743203509562,0.227765370736812,-3.46296366720722,0.000534260532081836,0.00672626103286962,"Fmo5"
"ENSMUSG00000028101",970.055980780749,-0.436776291614427,0.160881062081626,-2.71490184091911,0.00662954170527695,0.0457815085290965,"Pias3"
"ENSMUSG00000028111",2744.31963593377,1.82253469748041,0.262256215401185,6.94944329419382,3.66730493136768e-12,5.11846895303777e-10,"Ctsk"
"ENSMUSG00000028115",511.135542308608,1.2635743226059,0.208934362433966,6.04770947146262,1.46919582847974e-09,1.25584609932013e-07,"Bnipl"
"ENSMUSG00000028125",325.022629963767,-0.712642659476009,0.231052355130994,-3.08433410718528,0.00204008349047548,0.0186496080988769,"Abca4"
"ENSMUSG00000028132",994.390665826252,1.02659350608433,0.204945597610249,5.00910250356601,5.46844441996041e-07,2.47953704473585e-05,"Tlcd4"
"ENSMUSG00000028148",136.8187550265,4.90448319431442,1.55946276464732,3.14498255777436,0.00166096732471274,0.01599632412722,"Them5"
"ENSMUSG00000028179",249.848512753916,0.969156465187201,0.33394098101381,2.90217888875137,0.00370576859093725,0.0292936087951743,"Cth"
"ENSMUSG00000028194",1087.59059422818,-0.555561866991527,0.158060277929829,-3.51487340315933,0.000439963668043551,0.00581357317277962,"Ddah1"
"ENSMUSG00000028238",4908.35257806948,1.71040958786697,0.211315499340127,8.09410380785152,5.76874789554518e-16,1.51556884049875e-13,"Atp6v0d2"
"ENSMUSG00000028249",11323.0374313749,0.517816879306166,0.127154145982889,4.07235544939171,4.65400833778741e-05,0.000943744142503655,"Sdcbp"
"ENSMUSG00000028278",871.906944746316,0.540385579724946,0.196439540522406,2.75090024283227,0.00594317389352109,0.0420494263793086,"Rragd"
"ENSMUSG00000028289",406.250721291617,1.16183431351165,0.219817694362655,5.28544490870172,1.25399608324456e-07,6.72751952767687e-06,"Epha7"
"ENSMUSG00000028294",814.322933638362,-0.765802462412996,0.273171217163638,-2.80337903225821,0.00505701989028837,0.0372704869389446,"Cfap206"
"ENSMUSG00000028327",396.686822599534,2.93647651722713,0.409059269645689,7.17860890860777,7.0424279909077e-13,1.17582220614548e-10,"Stra6l"
"ENSMUSG00000028328",1791.86116485232,-0.571745088819909,0.179559327271907,-3.18415699984281,0.00145176249196545,0.0144087427327571,"Tmod1"
"ENSMUSG00000028334",1363.6096458223,0.427981525744485,0.156591192384459,2.73311365235482,0.00627386794405447,0.0440057521870958,"Nans"
"ENSMUSG00000028339",815.684755645034,0.876749369965636,0.209542622971079,4.18410993207166,2.86285556218231e-05,0.000633765980401325,"Col15a1"
"ENSMUSG00000028358",247.123300331935,1.4034557535421,0.285404748045023,4.91742258373608,8.76911180432101e-07,3.67774737306171e-05,"Zfp618"
"ENSMUSG00000028367",4791.29476188138,0.554354344018907,0.142878788480972,3.87989252927305,0.000104502628372211,0.0018339287385752,"Txn1"
"ENSMUSG00000028369",2325.93140938373,-0.854504286617433,0.211157259497699,-4.04676727028059,5.19298251151197e-05,0.00103467156269174,"Svep1"
"ENSMUSG00000028373",773.93075796747,-0.951904931373747,0.273976070248008,-3.47440902598561,0.000511979940785092,0.00651598612596638,"Astn2"
"ENSMUSG00000028378",1692.46363993016,0.913113243441163,0.190870019149487,4.78395322382205,1.71880699614785e-06,6.22849634608139e-05,"Ptgr1"
"ENSMUSG00000028385",1579.70784121048,0.806714967988505,0.185706153244746,4.34404005410268,1.39885992974182e-05,0.000350992031528618,"Snx30"
"ENSMUSG00000028386",22.4860410174943,4.78828822276739,1.34403562254323,3.56262002468865,0.000367171945347764,0.00504191145552484,"Slc46a2"
"ENSMUSG00000028392",917.932899467841,0.71439247502524,0.190274187297185,3.75454224859964,0.000173658552909592,0.0027824305360806,"Bspry"
"ENSMUSG00000028402",1522.40680146993,-0.818026974965486,0.284819628797586,-2.87208777856682,0.00407769685457875,0.0314542548821457,"Mpdz"
"ENSMUSG00000028405",3565.39552495645,0.617170208060895,0.188982960717802,3.26574525934367,0.00109176415708895,0.0116443980097876,"Aco1"
"ENSMUSG00000028420",1254.6743793977,0.460962377438001,0.1660624974434,2.7758367153012,0.0055059852985909,0.0396151539908685,"Tmem38b"
"ENSMUSG00000028439",1280.6404239661,-0.676403365944275,0.193445843144278,-3.49660326089194,0.000471222078564435,0.00610470082201133,"Fam219a"
"ENSMUSG00000028444",169.821962383845,-1.20377691964901,0.384179187354523,-3.13337359042867,0.00172809336176037,0.0165269742547371,"Cntfr"
"ENSMUSG00000028465",21833.2134708437,-0.47330517339646,0.118713952635098,-3.98693803795163,6.69314962900411e-05,0.00126398644949427,"Tln1"
"ENSMUSG00000028469",3668.71374710703,-0.465410684055725,0.129642137579344,-3.58996459597006,0.000330722877846804,0.00464708384608027,"Npr2"
"ENSMUSG00000028475",374.556425551406,1.31855767155993,0.323864348946329,4.07132701036643,4.674607109358e-05,0.000944704253491862,"Spaar"
"ENSMUSG00000028476",2032.47964648266,-0.986430574114614,0.214052524176442,-4.60835758844641,4.05862215289102e-06,0.000128787361920778,"Reck"
"ENSMUSG00000028478",5547.15003804861,0.447825315681962,0.1411480216278,3.17273533498651,0.00151010117332287,0.0148492558524871,"Clta"
"ENSMUSG00000028480",1427.35753803703,0.513344323257125,0.180436104303432,2.84501998776174,0.00444086363208224,0.0335028817498696,"Glipr2"
"ENSMUSG00000028487",146.006582761257,-0.970507296224428,0.325746750197249,-2.97933070901477,0.00288878809031545,0.0242405820730322,"Bnc2"
"ENSMUSG00000028494",6705.94079264752,0.860714697211354,0.162513012396208,5.2962817224317,1.18184458277887e-07,6.39807680949836e-06,"Plin2"
"ENSMUSG00000028517",8805.58205474504,-0.680390687942691,0.204148392981843,-3.33282411879286,0.000859692701901317,0.00964118651567296,"Plpp3"
"ENSMUSG00000028524",495.236407958347,-0.98269307400624,0.286030920513305,-3.43561833190174,0.000591203214224812,0.0072940921423524,"Sgip1"
"ENSMUSG00000028530",10036.5264625622,-0.410551676615036,0.126979129230844,-3.23322170424296,0.00122402530074399,0.0126400069351395,"Jak1"
"ENSMUSG00000028532",1069.67560171417,-0.56911576480323,0.182747743451428,-3.11421500509249,0.00184435037748177,0.0173053148601428,"Cachd1"
"ENSMUSG00000028572",1190.43531956143,1.03940943062576,0.194436331886295,5.34575724887469,9.00398159061398e-08,4.99594678917236e-06,"Hook1"
"ENSMUSG00000028581",10511.5559688652,0.627456810079608,0.199287178687419,3.14850566008449,0.00164107545231136,0.0158303525677875,"Laptm5"
"ENSMUSG00000028583",4040.24817503755,-0.387426331457641,0.143403038955739,-2.70166053856934,0.00689941636106306,0.0471350184666889,"Pdpn"
"ENSMUSG00000028600",1720.50709930036,-0.521494527442794,0.18275295137122,-2.85354914123111,0.00432338407301164,0.0328949133153122,"Podn"
"ENSMUSG00000028603",5695.38951909163,0.386335734511356,0.128961886617186,2.99573575298386,0.00273783573815556,0.0232579341237038,"Scp2"
"ENSMUSG00000028633",1737.85423248673,0.552491723933701,0.161293497575098,3.42538125987666,0.000613937227044375,0.00749179546526487,"Ctps1"
"ENSMUSG00000028649",37296.2481140867,-0.715739519827806,0.166807794913072,-4.29080379727335,1.78027555548616e-05,0.000426335426256841,"Macf1"
"ENSMUSG00000028655",713.433401550288,1.63876737992349,0.293860260734047,5.57668932787962,2.45139092734744e-08,1.60417944751143e-06,"Mfsd2a"
"ENSMUSG00000028657",6275.90747978841,0.378665684345938,0.135270903099776,2.79931364150526,0.00512113678240812,0.0376498389373337,"Ppt1"
"ENSMUSG00000028671",364.993057215061,0.630254668269172,0.218922773498718,2.87889038767757,0.00399077013685912,0.0309038181599429,"Gale"
"ENSMUSG00000028673",4429.97617867267,0.501855590051184,0.141933712167998,3.53584488410456,0.000406473287357769,0.005431297889788,"Fuca1"
"ENSMUSG00000028678",90.2798567796295,1.65561957199082,0.508240794904447,3.25754954854044,0.00112378637437572,0.011893627712217,"Kif2c"
"ENSMUSG00000028691",12412.8592802627,0.500525839506101,0.134229290639226,3.72888687053697,0.000192327465695978,0.00302403510675361,"Prdx1"
"ENSMUSG00000028713",15401.5924419459,-1.18790404331941,0.268936423367094,-4.41704410450174,1.0005981932527e-05,0.000264042639918161,"Cyp4b1"
"ENSMUSG00000028716",934.187674137892,0.797053001571486,0.182593469507514,4.36517803030566,1.27019265786797e-05,0.000325566597314366,"Pdzk1ip1"
"ENSMUSG00000028717",502.386734934078,-0.92282297393443,0.245495438854315,-3.75902288955383,0.000170578233283156,0.00274629013364653,"Tal1"
"ENSMUSG00000028719",2410.249085508,0.411286322447769,0.135419015534819,3.03713862357844,0.00238835591461052,0.0210290677252424,"Cmpk1"
"ENSMUSG00000028771",4761.02423830263,0.347659583472054,0.12569126278271,2.76598051268745,0.00567519260811461,0.0405225083708903,"Ptpn12"
"ENSMUSG00000028786",167.738462039149,2.16898876172205,0.35253654373778,6.15252177469398,7.62604972320065e-10,6.88077668206968e-08,"Tmem54"
"ENSMUSG00000028792",1420.25750671269,0.41868348518883,0.153971495145949,2.71922724912141,0.00654346356007484,0.0453571317296598,"Ak2"
"ENSMUSG00000028803",3597.74405557795,-0.601961242596192,0.184765113668394,-3.25798106928648,0.00112207891434145,0.0118825962090752,"Nipal3"
"ENSMUSG00000028861",1009.91506713253,0.47659102549108,0.15846076193091,3.00762800635073,0.00263295212553688,0.0225582491624573,"Mrps15"
"ENSMUSG00000028864",647.389132797068,-0.68478964477627,0.246719520211271,-2.77557950903062,0.00551034240982203,0.0396305423315099,"Hgf"
"ENSMUSG00000028865",82.6836358899838,1.66239272345867,0.477152933940134,3.48398302768738,0.000494010813945589,0.00634928287132226,"Cd164l2"
"ENSMUSG00000028868",6861.15505761887,-0.380846353139275,0.135219697431102,-2.81650055705328,0.00485499587735703,0.0359334799857367,"Wasf2"
"ENSMUSG00000028871",640.898829581753,-0.782596416450373,0.263742837924883,-2.96727078015769,0.00300456221281647,0.0250095580236911,"Rspo1"
"ENSMUSG00000028873",137.275471467606,1.15530392631085,0.377090081652503,3.06373458895557,0.00218592747017764,0.019713071304757,"Cdca8"
"ENSMUSG00000028906",4854.95832826473,-0.44764438054138,0.130655664471578,-3.42613833354892,0.000612228490248949,0.00748116414384232,"Epb41"
"ENSMUSG00000028917",1961.7199660793,0.480319318972829,0.171640933178186,2.79839610563171,0.00513570884630155,0.0376727561997349,"Plekhm2"
"ENSMUSG00000028940",130.142131684619,-1.52633917922259,0.477664915364717,-3.1954182317476,0.00139628341767565,0.0139702083846856,"Hes2"
"ENSMUSG00000028943",357.624813286215,-0.824697287286908,0.218393320970237,-3.77620196269326,0.000159237891464244,0.00259560668887657,"Espn"
"ENSMUSG00000028957",1264.9565659606,-1.35761272682913,0.241223964691994,-5.62801763316754,1.82292458173005e-08,1.22892632651348e-06,"Per3"
"ENSMUSG00000028965",101.668246387167,1.87066545765992,0.39968110634167,4.68039501487162,2.86322704178703e-06,9.61495321457241e-05,"Tnfrsf9"
"ENSMUSG00000028977",3286.34798928266,-0.704001301517737,0.156882167766456,-4.48745266298049,7.20798206020001e-06,0.000203429067149247,"Casz1"
"ENSMUSG00000028978",375.612315775575,-0.770394147879036,0.24811621660066,-3.10497297771945,0.00190296408929786,0.017679050035763,"Nos3"
"ENSMUSG00000029070",7273.69572920839,-0.671332357634966,0.179343258246974,-3.74328181720929,0.000181632320578153,0.00289203333968691,"Mxra8"
"ENSMUSG00000029090",2263.50637991996,-0.63234874897302,0.171652656731119,-3.68388559207415,0.000229705372581631,0.00346888121823401,"Adgra3"
"ENSMUSG00000029093",2609.02042781558,0.735670376469421,0.170831143450143,4.30641838257161,1.6591910802906e-05,0.000402190619394729,"Sorcs2"
"ENSMUSG00000029101",2651.30401892753,-0.876162932365431,0.214263042443582,-4.08919299554955,4.32876580519118e-05,0.000885835064258195,"Rgs12"
"ENSMUSG00000029102",220.607300105804,1.99404934650438,0.395276104536062,5.04469995433903,4.54233596242128e-07,2.11876845871165e-05,"Hgfac"
"ENSMUSG00000029106",10264.9287245571,-0.357495663045489,0.126268242216232,-2.83123972244172,0.00463679544954214,0.0346450651217358,"Add1"
"ENSMUSG00000029108",363.349995748496,-0.64438491808721,0.230404942901196,-2.79674954006321,0.00516195316389364,0.0377938783837497,"Pcdh7"
"ENSMUSG00000029120",560.378490938991,-1.357834786885,0.261534732996416,-5.1917952591926,2.08275967443297e-07,1.05406520067266e-05,"Ppp2r2c"
"ENSMUSG00000029122",722.316631229869,-0.796366716050701,0.215877019426179,-3.68898328394341,0.000225152010004789,0.00342326864573239,"Evc"
"ENSMUSG00000029126",1045.83839265035,-0.987721677397334,0.244559988031899,-4.03877055010528,5.37320934517037e-05,0.00106068933648032,"Nsg1"
"ENSMUSG00000029153",827.716745326307,0.536477498919704,0.173813413639257,3.08651379480495,0.00202518549447878,0.0185348047432702,"Ociad2"
"ENSMUSG00000029155",1158.58351109753,-0.807156255533015,0.283396377049087,-2.84815304958259,0.00439737714833767,0.0333465646828795,"Spata18"
"ENSMUSG00000029168",327.559127948393,-1.59886067877939,0.251921815143103,-6.34665432952348,2.2004779415202e-10,2.1839743569588e-08,"Dpysl5"
"ENSMUSG00000029186",4862.09753329468,0.666655308835581,0.1873084510946,3.55913096787549,0.000372083959864773,0.0050898008751793,"Pi4k2b"
"ENSMUSG00000029188",126425.582343465,1.03172643900804,0.145774290790855,7.07756102540931,1.46713592786556e-12,2.20255322279985e-10,"Slc34a2"
"ENSMUSG00000029189",632.41624184712,1.63885348495595,0.277073357661357,5.91487214356777,3.32133480600718e-09,2.69707483224174e-07,"Sel1l3"
"ENSMUSG00000029193",2451.98656810358,-0.745617633886349,0.23991149882905,-3.10788618938871,0.00188430616884121,0.0175786578101035,"Cckar"
"ENSMUSG00000029207",1946.14563651573,-0.482214172454909,0.148455164845536,-3.24821418612576,0.00116131815642895,0.0121825888811528,"Apbb2"
"ENSMUSG00000029231",10091.4878348711,-0.756610671484739,0.17038834135101,-4.44050728756186,8.97470653590389e-06,0.000241465560638438,"Pdgfra"
"ENSMUSG00000029247",5070.1563605325,0.381213098357579,0.130289926368704,2.92588313603611,0.00343479938570825,0.0276284065851769,"Paics"
"ENSMUSG00000029273",469.580491318874,-1.1634909731868,0.363974611130432,-3.1966267360606,0.00139044728643627,0.013942989202825,"Sult1d1"
"ENSMUSG00000029287",2830.41928232258,-1.04821886175524,0.263122348023478,-3.98376979237701,6.78305839190911e-05,0.00127557198075217,"Tgfbr3"
"ENSMUSG00000029298",1868.14805552537,-0.729165392699515,0.269755412052071,-2.70306121813327,0.00687040913989449,0.0470267660092778,"Gbp9"
"ENSMUSG00000029299",351.860739761116,-0.794501702226312,0.286313806902764,-2.77493324831567,0.00552130389505366,0.0396933980221865,"Abcg3"
"ENSMUSG00000029304",3667.05317719634,1.72691938639027,0.231662994427068,7.45444644994409,9.02459209618007e-14,1.73359503008878e-11,"Spp1"
"ENSMUSG00000029306",68.6904206311094,4.87165476095584,0.765685249476531,6.36247696332977,1.98525821445179e-10,1.99250775287535e-08,"Ibsp"
"ENSMUSG00000029313",6405.99548883016,-0.407074765687532,0.14064180868184,-2.89440792537315,0.00379874300641812,0.0298699576627023,"Aff1"
"ENSMUSG00000029334",687.639085699822,-1.09226708591107,0.257821995885284,-4.23651629163969,2.27014456426695e-05,0.000524658895739057,"Prkg2"
"ENSMUSG00000029338",3068.83195150835,-0.578048613620608,0.135057626675713,-4.28001459709166,1.86881055878255e-05,0.000443377166436257,"Antxr2"
"ENSMUSG00000029344",1653.69137888353,-0.603484131817941,0.146822707062372,-4.11029154748914,3.95159869427318e-05,0.000818022139897919,"Tpst2"
"ENSMUSG00000029368",179.313292551177,4.32405519093828,1.34680153470118,3.21061053134133,0.001324533184878,0.0134600599248268,"Alb"
"ENSMUSG00000029370",309.405855684168,0.941560766272916,0.302180933230017,3.11588410363472,0.00183394334519374,0.0172257612312756,"Rassf6"
"ENSMUSG00000029371",66.0155202088259,2.32042279382383,0.483892524836044,4.79532680239285,1.62409840374678e-06,5.9700654285877e-05,"Cxcl5"
"ENSMUSG00000029375",82027.4156195753,1.4411276232057,0.127525984261604,11.3006586975201,1.30237426619681e-29,1.29260645920034e-26,"Cxcl15"
"ENSMUSG00000029377",315.598312645253,5.9666461038981,0.430985913074709,13.844178946201,1.37947953162717e-43,6.16110045812985e-40,"Ereg"
"ENSMUSG00000029378",608.944027035296,2.82114579497041,0.294883382424734,9.56698804718327,1.10065428251629e-21,5.78329081092748e-19,"Areg"
"ENSMUSG00000029379",83.8845045616384,1.82111630540798,0.571416285967745,3.18702205402452,0.00143745813749019,0.0142905896640302,"Cxcl3"
"ENSMUSG00000029380",170.219040699632,2.44400237302407,0.475163635525111,5.14349624066489,2.69672053091041e-07,1.32354154628337e-05,"Cxcl1"
"ENSMUSG00000029381",5319.18121903867,-0.403284699479906,0.141190863131713,-2.85630876201735,0.00428598111434939,0.0327078396445331,"Shroom3"
"ENSMUSG00000029401",759.619031820441,0.831084967315797,0.201716900445836,4.12005620490364,3.78779988821847e-05,0.000789603792333991,"Rilpl2"
"ENSMUSG00000029417",130.754866651403,1.85564596055615,0.376861596222172,4.92394549924421,8.48164678726267e-07,3.62499090560879e-05,"Cxcl9"
"ENSMUSG00000029452",634.80548241203,0.736381078883398,0.182954853695938,4.0249332772949,5.69914721193996e-05,0.00110789189272369,"Tmem116"
"ENSMUSG00000029455",25844.0031772758,-0.445883282501538,0.130734804247974,-3.41059356815036,0.000648216383007504,0.00780349439516783,"Aldh2"
"ENSMUSG00000029513",2198.46037289577,0.396642666972973,0.147931639757245,2.68125647511148,0.00733462774705734,0.0493543973938638,"Prkab1"
"ENSMUSG00000029522",513.945330218443,1.36052918678678,0.263253427449857,5.16813475124053,2.3644181792916e-07,1.17989750762694e-05,"Pla2g1b"
"ENSMUSG00000029545",1142.99685719316,0.486813482985386,0.17918148164744,2.71687385610109,0.00659017196485795,0.0455860635083294,"Acads"
"ENSMUSG00000029553",376.612964755182,0.87673536489535,0.217918493682086,4.02322606990112,5.74063446729313e-05,0.00111353349357429,"Tfec"
"ENSMUSG00000029556",20.3448262502842,3.85086562026527,1.39105285015188,2.76831007523893,0.00563478171434065,0.0403696133501889,"Hnf1a"
"ENSMUSG00000029561",1144.385114755,-0.632079950440952,0.222420375851353,-2.84182574560247,0.00448560014459295,0.0338123403304444,"Oasl2"
"ENSMUSG00000029570",1703.28421945983,-0.466945808318945,0.149741754384641,-3.11834070755913,0.001818724246667,0.017136871659655,"Lfng"
"ENSMUSG00000029601",121.351694878596,-1.09564011455838,0.361084552167838,-3.03430348371455,0.00241091768257488,0.0211547369347742,"Iqcd"
"ENSMUSG00000029616",2449.62381944394,0.587601343749502,0.174305744049418,3.37109569712693,0.00074869845093718,0.00873741302492675,"Erp29"
"ENSMUSG00000029617",1612.2705665058,0.498510617978292,0.160095921721832,3.11382459101275,0.0018467924741731,0.0173100459344714,"Ccz1"
"ENSMUSG00000029622",8729.18387637203,0.477104576018467,0.134431612890361,3.54905044848031,0.000386623001849539,0.00524397681949145,"Arpc1b"
"ENSMUSG00000029632",3690.10255456476,0.443478366399568,0.129480427285913,3.42506103582974,0.000614661316479377,0.00749228552403439,"Ndufa4"
"ENSMUSG00000029636",842.24128961604,-0.728341524746445,0.255444230154024,-2.85127412863184,0.0043544410966917,0.0330608118114735,"Wasf3"
"ENSMUSG00000029641",811.197452026037,1.47786050356366,0.208897237716339,7.07458135741576,1.49900602084713e-12,2.23164521353617e-10,"Rasl11a"
"ENSMUSG00000029642",1069.82370957923,0.551102447035528,0.179107802093026,3.07693154957758,0.00209143321456056,0.0190048089410603,"Polr1d"
"ENSMUSG00000029648",9898.59327408829,-0.88690783672186,0.200527695678422,-4.42286953790243,9.73985599012551e-06,0.000258163987037971,"Flt1"
"ENSMUSG00000029650",720.724212096992,-0.594177991988707,0.191666018217036,-3.10006957684006,0.00193475188556444,0.0179182697955463,"Slc46a3"
"ENSMUSG00000029661",9480.99330182495,-0.382501537326908,0.126165485638451,-3.03174465973232,0.00243144787131549,0.0212474720576915,"Col1a2"
"ENSMUSG00000029673",559.186268292366,0.705214736531489,0.195408611609285,3.60892353066584,0.000307470218546442,0.00436641928007329,"Auts2"
"ENSMUSG00000029675",7247.19789823325,1.4481846721904,0.123021973400838,11.7717561518204,5.45764014765265e-32,7.50005701829343e-29,"Eln"
"ENSMUSG00000029695",512.471711993181,0.972462651065762,0.30824684194672,3.15481788856039,0.00160598315815499,0.0155759441479039,"Aass"
"ENSMUSG00000029701",2463.27266967679,-0.436510904363122,0.153673321885442,-2.8405119314628,0.00450411880166527,0.0338947272079824,"Rbm28"
"ENSMUSG00000029710",4869.42559056419,-0.65027628233787,0.137373744015814,-4.7336285910866,2.20541129555082e-06,7.67173712831383e-05,"Ephb4"
"ENSMUSG00000029718",4190.64900369427,-0.537025993781595,0.160330224185599,-3.34949942538552,0.000809577236068735,0.00924159573314247,"Pcolce"
"ENSMUSG00000029762",1303.11145570548,0.747760188917351,0.191135604345591,3.91219726684375,9.14601533376494e-05,0.0016372100594961,"Akr1b8"
"ENSMUSG00000029772",4350.02941593009,0.551646703249011,0.188526975773849,2.92608896411063,0.00343252763059874,0.0276225703246156,"Ahcyl2"
"ENSMUSG00000029776",3157.58700582782,0.455988438055369,0.162633755492633,2.80377487855543,0.00505081577506689,0.0372403117820013,"Hibadh"
"ENSMUSG00000029816",6068.31022059711,2.17516134733932,0.272498964603024,7.98227380609717,1.43661910039109e-15,3.46827030114688e-13,"Gpnmb"
"ENSMUSG00000029819",41.5752438506903,-2.31532390400844,0.770748310243631,-3.00399478433702,0.00266459892862162,0.0227238129855009,"Npy"
"ENSMUSG00000029821",171.300782739068,1.0158272558708,0.317652494336563,3.19791997224017,0.00138422688862382,0.0138928164973397,"Gsdme"
"ENSMUSG00000029829",169.272094654515,4.33202791117922,0.41924200880662,10.3330005585805,4.99724585787182e-25,3.43368450964923e-22,"Tmem213"
"ENSMUSG00000029860",7925.86534225612,-0.716063255788583,0.144824651352226,-4.94434648454328,7.63997176860403e-07,3.29681390449544e-05,"Zyx"
"ENSMUSG00000029868",304.297843058124,1.98247841379355,0.325701391204701,6.08679750019114,1.15191511829577e-09,1.00494763972887e-07,"Trpv6"
"ENSMUSG00000029910",364.175811414676,0.706796029677736,0.224222388453996,3.15220988658209,0.00162039753274855,0.0156901907439311,"Mad2l1"
"ENSMUSG00000029915",229.507216711496,2.04012379706782,0.317042673984754,6.43485550833426,1.2359084320427e-10,1.29119907242355e-08,"Clec5a"
"ENSMUSG00000029919",213.233536731158,1.64821582888638,0.374406000585562,4.40221531254469,1.07151140151638e-05,0.000280682568740325,"Hpgds"
"ENSMUSG00000029994",9396.921042515,0.496453385036246,0.163070319447543,3.04441290553764,0.00233134922680054,0.0206288565175258,"Anxa4"
"ENSMUSG00000030020",3454.50149944525,-0.845867471196134,0.168714361387665,-5.01360680998894,5.34190917861059e-07,2.44074699426799e-05,"Prickle2"
"ENSMUSG00000030049",1012.43537120234,9.81173897485015,1.99340613404461,4.92209731237365,8.56216173174203e-07,3.63361263573719e-05,"Gkn2"
"ENSMUSG00000030054",68.2376229042588,-1.55123716402115,0.459197454250849,-3.37814844063517,0.000729756765096659,0.00855453058297363,"Gp9"
"ENSMUSG00000030067",5352.67917762511,-0.440521541901225,0.138800603316159,-3.17377252963236,0.0015047156543166,0.0148157832047603,"Foxp1"
"ENSMUSG00000030077",112.49785486595,2.68793061381835,0.703366230722525,3.82152354834722,0.000132629746465182,0.00222690829003803,"Chl1"
"ENSMUSG00000030084",8467.17753999305,-0.616131130247806,0.132450556064491,-4.65178213331023,3.29078651638551e-06,0.000108656082004535,"Plxna1"
"ENSMUSG00000030087",853.25948944943,-0.813203931300483,0.17975678843311,-4.52391221710709,6.07069110094308e-06,0.000175490123816097,"Klf15"
"ENSMUSG00000030103",4406.84242697975,0.794332581425035,0.163154878368769,4.86858002265584,1.12403005030523e-06,4.50242081809483e-05,"Bhlhe40"
"ENSMUSG00000030105",4454.77722055242,0.458772490170633,0.1401504535259,3.27342850935442,0.00106251264698255,0.0114073247826582,"Arl8b"
"ENSMUSG00000030110",345.167706704856,0.725811311995946,0.267153685023398,2.71683062104263,0.00659103285989447,0.0455860635083294,"Ret"
"ENSMUSG00000030122",16080.8882266544,0.324943812903969,0.119743074266447,2.71367521582851,0.00665413686802371,0.045933599361377,"Ptms"
"ENSMUSG00000030123",6389.08147220795,-0.652053651713523,0.138800567275784,-4.69777367997317,2.63012633047464e-06,8.93292906728696e-05,"Plxnd1"
"ENSMUSG00000030127",3214.16097501306,0.367484233323546,0.129582861272871,2.83590152056999,0.00456965341487638,0.0342724006115729,"Cops7a"
"ENSMUSG00000030134",2975.31932525233,-0.557296903189475,0.132120675517394,-4.21809002267857,2.46380456997675e-05,0.000562862770366173,"Rasgef1a"
"ENSMUSG00000030142",225.592448751774,0.804065776477073,0.271536750829585,2.96116740743392,0.00306475304900899,0.0254186690903183,"Clec4e"
"ENSMUSG00000030157",2892.78061412006,-0.815340756862331,0.17681883786311,-4.6111645496367,4.00419409627017e-06,0.000127286347917912,"Clec2d"
"ENSMUSG00000030162",1214.45381013858,1.25954770927159,0.246513671126786,5.10944364064817,3.23108853480614e-07,1.56009180200843e-05,"Olr1"
"ENSMUSG00000030213",4446.97849049182,-0.352262567448125,0.124533975137224,-2.82864629559898,0.00467453306217917,0.0348832636406979,"Atf7ip"
"ENSMUSG00000030217",524.127603772389,-0.775725727041996,0.284897890019046,-2.72282019003418,0.00647272764810619,0.044976771463795,"Art4"
"ENSMUSG00000030222",238.871022779025,-1.09997441069012,0.279813385306755,-3.93110004185195,8.45580744973071e-05,0.00153207910841216,"Rerg"
"ENSMUSG00000030228",210.029284815587,1.10720105138174,0.336494066928863,3.2904028932427,0.0010004402579759,0.0108848143780387,"Pik3c2g"
"ENSMUSG00000030255",1320.41872858865,-0.695177340885313,0.241112843735704,-2.8832032757547,0.00393653321300591,0.0306755356338129,"Sspn"
"ENSMUSG00000030259",3164.81481485485,-0.689832746964017,0.167108078137059,-4.12806343448118,3.65831204405877e-05,0.000770719993381463,"Rassf8"
"ENSMUSG00000030272",3392.00775618165,0.679118414868407,0.158650403027179,4.28059684633807,1.86392751302006e-05,0.000442806715692864,"Camk1"
"ENSMUSG00000030302",289.980956468818,-1.15927779088798,0.279490752186571,-4.14782164282174,3.35653721640888e-05,0.000722234284988958,"Atp2b2"
"ENSMUSG00000030306",3114.90011981332,-0.817919404379397,0.192011648383657,-4.25973846516394,2.04666240923607e-05,0.000481734175770783,"Tmtc1"
"ENSMUSG00000030313",1044.65160873153,-0.698735740459625,0.161343393081121,-4.33073661781931,1.48611354927684e-05,0.000370284777654544,"Dennd5b"
"ENSMUSG00000030329",171.651731145639,-3.17447432705632,0.372361639199794,-8.52524533375207,1.52486275558312e-17,5.04475428305416e-15,"Pianp"
"ENSMUSG00000030340",17316.8556945764,-0.457250371219647,0.117333572158236,-3.89701227712558,9.7386684038699e-05,0.00173115732373269,"Scnn1a"
"ENSMUSG00000030342",18470.4448756309,0.681412407687409,0.164084144253813,4.15282299692144,3.28398750228479e-05,0.000709412777851484,"Cd9"
"ENSMUSG00000030350",513.79346597046,1.58191535676615,0.221505130598008,7.14166463095177,9.22073494922638e-13,1.44053877874913e-10,"Prmt8"
"ENSMUSG00000030351",2978.99643945169,1.7936498556185,0.233261498913572,7.68943809403829,1.47782618787993e-14,3.21967863981401e-12,"Tspan11"
"ENSMUSG00000030352",7752.51917598928,-0.477068238527288,0.157947134205861,-3.02042984778376,0.00252416173955675,0.021869131657217,"Tspan9"
"ENSMUSG00000030357",6109.38206328951,0.635895573443328,0.217620831529583,2.92203448067831,0.00347753039453855,0.0278842372075544,"Fkbp4"
"ENSMUSG00000030403",4769.06779301438,0.528358179346663,0.172590324250536,3.0613429903503,0.00220346522576454,0.0198268255640022,"Vasp"
"ENSMUSG00000030411",521.991529118391,-0.883582978370106,0.240299002616835,-3.67701475556687,0.00023597939525707,0.00353672138948621,"Nova2"
"ENSMUSG00000030431",368.205669686187,0.646496164854223,0.227660072776546,2.83974329345303,0.00451498510456817,0.0339621932181517,"Tmem238"
"ENSMUSG00000030433",295.078796383428,2.18937704975735,0.460586890032937,4.75345064554658,1.99973937057156e-06,7.07432551589327e-05,"Sbk2"
"ENSMUSG00000030451",4966.58151308193,-0.412574216007241,0.135014837466223,-3.05576945282371,0.00224483794118791,0.0200419939127046,"Herc2"
"ENSMUSG00000030483",7836.78107049403,-0.958361085429761,0.202230683254186,-4.73894994571713,2.1482855799345e-06,7.52531801677057e-05,"Cyp2b10"
"ENSMUSG00000030484",150.27834924463,7.71192175132248,2.41257185361018,3.1965562972901,0.00139078683232209,0.013942989202825,"Lypd5"
"ENSMUSG00000030494",1079.09544482548,-0.651663512987251,0.163845598739807,-3.97730252139465,6.97014659093529e-05,0.0013052585833025,"Rhpn2"
"ENSMUSG00000030495",763.974061631612,-1.04412499788216,0.226120151627479,-4.61756721091494,3.88264948622458e-06,0.000124307406937997,"Slc7a10"
"ENSMUSG00000030510",93.256032604328,2.26666327831387,0.460509056448404,4.92208187129938,8.56283750151334e-07,3.63361263573719e-05,"Cers3"
"ENSMUSG00000030513",1247.91684404196,1.60902670408126,0.23857325510169,6.74437167483599,1.53690654170047e-11,1.95962093312314e-09,"Pcsk6"
"ENSMUSG00000030516",15234.0390645719,-0.721236252682586,0.141342305431883,-5.10276276079402,3.34730513249694e-07,1.6118492235056e-05,"Tjp1"
"ENSMUSG00000030538",1234.79375271636,0.496629109632443,0.163740029463891,3.03303420219526,0.00242108158189815,0.0212033435299398,"Cib1"
"ENSMUSG00000030545",744.280621275632,0.496894648945683,0.174995083471675,2.83947776753461,0.00451874438341413,0.0339659799806333,"Pex11a"
"ENSMUSG00000030551",2182.91480282928,-0.703880626795903,0.200524742512951,-3.51019339546313,0.00044778088487323,0.00589941409163736,"Nr2f2"
"ENSMUSG00000030554",4111.66975266293,-0.998914774215113,0.287537915121917,-3.47402802093619,0.000512707488400068,0.00651923080446065,"Synm"
"ENSMUSG00000030559",423.55299031883,0.653680445133958,0.235060123452381,2.7809074356518,0.00542071908228731,0.0391435514976002,"Rab38"
"ENSMUSG00000030560",19519.1625876201,1.30547429327308,0.163730638583984,7.97330484119161,1.54486484250553e-15,3.67986805484818e-13,"Ctsc"
"ENSMUSG00000030579",3991.47182902461,0.934390114763287,0.198461228373587,4.70817460125952,2.49944968779162e-06,8.55415108666615e-05,"Tyrobp"
"ENSMUSG00000030587",520.448951773332,0.864294368044828,0.223540590841941,3.86638670314665,0.000110459743056532,0.00191217374971409,"2200002D01Rik"
"ENSMUSG00000030591",3822.61347372889,0.472278524826549,0.168818939646328,2.79754467014165,0.00514926463199665,0.0377324087984496,"Psmd8"
"ENSMUSG00000030612",550.645889769891,0.559302523595118,0.189105654354291,2.95761924996309,0.00310024805482483,0.0256297693195028,"Mrpl46"
"ENSMUSG00000030617",23.7187452409053,4.10693580181229,1.03293042106366,3.97600430586909,7.00828567616581e-05,0.00131102642518013,"Ccdc83"
"ENSMUSG00000030652",734.0215208736,0.524465254035931,0.174045007828108,3.01338866641845,0.00258347814345554,0.0222320987634071,"Coq7"
"ENSMUSG00000030654",6370.86336215819,0.469087732379229,0.129446884787904,3.62378540934236,0.000290322507323096,0.00416595308700973,"Arl6ip1"
"ENSMUSG00000030659",3212.13038087811,0.655710031223606,0.214900242918129,3.05122982794121,0.0022790605133308,0.0202968175825797,"Nucb2"
"ENSMUSG00000030672",910.111998556043,4.52547412065996,1.21332463014467,3.72981311697296,0.000191621844157961,0.00301614471002818,"Mylpf"
"ENSMUSG00000030677",132.856671751916,1.33512688894257,0.376737965787242,3.54391383452063,0.000394234065741478,0.00532598925597667,"Kif22"
"ENSMUSG00000030688",3947.63009961201,0.72436400424574,0.168638400995805,4.29536807730856,1.74403725450966e-05,0.000419908700159233,"Stard10"
"ENSMUSG00000030695",22434.7536993952,0.569821498184324,0.136983421074436,4.15978440102388,3.18548145419007e-05,0.000691477839357298,"Aldoa"
"ENSMUSG00000030717",5246.95798456215,0.873716077516031,0.255897093595483,3.41432591218556,0.000639400404365414,0.00773908416259357,"Nupr1"
"ENSMUSG00000030730",997.08242343264,5.4140693011746,1.47757336560638,3.66416275983205,0.000248148957828409,0.00367593792007009,"Atp2a1"
"ENSMUSG00000030744",20374.2717258871,0.462665490355267,0.154503969121453,2.99452171349445,0.0027487549039173,0.0233395942768454,"Rps3"
"ENSMUSG00000030770",8816.87280792351,-0.456028087013743,0.146006429601901,-3.12334250112917,0.00178809536408356,0.0169240610824609,"Parva"
"ENSMUSG00000030785",1208.60874354569,1.47454545439895,0.224003497963147,6.58268941247314,4.62013637476401e-11,5.2572443525579e-09,"Cox6a2"
"ENSMUSG00000030787",4947.59998261502,-0.977617449538383,0.204200115979652,-4.78754600529119,1.68833043247346e-06,6.15551493390578e-05,"Lyve1"
"ENSMUSG00000030788",3755.14336280553,-0.578706512857545,0.188297219916368,-3.07336727071475,0.00211657819285016,0.0191942484341462,"Rnf141"
"ENSMUSG00000030789",4698.45146370701,1.18891961748471,0.246447593401896,4.82422896110766,1.40545893923383e-06,5.37361555065062e-05,"Itgax"
"ENSMUSG00000030800",3259.52332615125,0.497801907841965,0.142517047077561,3.49292886745716,0.000477753753311095,0.00617588335955333,"Prss8"
"ENSMUSG00000030842",2434.13221387594,0.436826661655325,0.153199975654945,2.8513494195273,0.00435341004591909,0.0330608118114735,"Lamtor1"
"ENSMUSG00000030844",754.955807897678,0.648529889166004,0.198673970079085,3.26429219141212,0.00109737930693057,0.0116774050279512,"Rgs10"
"ENSMUSG00000030849",7822.13956639326,0.357791818093054,0.129249189443393,2.76823258725159,0.00563612171283409,0.0403696133501889,"Fgfr2"
"ENSMUSG00000030878",1049.60335849758,-0.631856968538204,0.176879581322228,-3.57224369152665,0.000353935824673286,0.00490921079797225,"Cdr2"
"ENSMUSG00000030894",7110.49434317037,0.412700900896086,0.149655749266018,2.75766820132313,0.00582152545938093,0.0413360700841973,"Tpp1"
"ENSMUSG00000030909",14.8725260386147,7.28349464123856,1.99686644725779,3.64746207801762,0.00026484338468416,0.0038718715772361,"Anks4b"
"ENSMUSG00000030930",1565.58171332094,-0.546520733222856,0.185926114184498,-2.93945116650226,0.00328794078274752,0.0266995736744475,"Chst15"
"ENSMUSG00000031004",1147.05883451608,1.31563266593658,0.229349159385386,5.73637448448574,9.67246701762714e-09,7.1110544555518e-07,"Mki67"
"ENSMUSG00000031015",2923.53204434897,-0.511276475266092,0.142066151564163,-3.59886200644477,0.00031961271757045,0.00451017472306168,"Swap70"
"ENSMUSG00000031024",4295.77296718298,-0.6207163509834,0.168784913840746,-3.67755824178141,0.000235477319797741,0.00353445579682707,"Dennd2b"
"ENSMUSG00000031097",1182.66631500352,4.85957951450845,1.24351304663309,3.90794413268614,9.30848228487192e-05,0.00166201043830921,"Tnni2"
"ENSMUSG00000031098",52.0278176463635,4.23667835984913,0.779296581608908,5.43654169649024,5.43246309381389e-08,3.22428415850449e-06,"Syt8"
"ENSMUSG00000031146",2266.5192654007,0.459304135663954,0.160880916881511,2.8549323597045,0.00430459956710557,0.0327799110257208,"Plp2"
"ENSMUSG00000031150",934.606923918065,0.525437539183464,0.193325754015557,2.71788692540768,0.00657002868462838,0.0454936288569325,"Ccdc120"
"ENSMUSG00000031170",723.183923622393,-1.04529356497152,0.299967455765255,-3.48468990512603,0.000492707688105726,0.00634066584053642,"Slc38a5"
"ENSMUSG00000031176",4172.32096265117,0.432670455056427,0.134206397642862,3.22391825319544,0.0012644949086225,0.0129679687385424,"Dynlt3"
"ENSMUSG00000031189",84.928487257616,-1.13264774625977,0.422558595000786,-2.68045132594608,0.00735229561386998,0.0494061019697168,"Aff2"
"ENSMUSG00000031207",46956.989197858,-0.417985663042884,0.120164802636572,-3.47843672915642,0.000504347484728384,0.00644043446366875,"Msn"
"ENSMUSG00000031209",413.064900582408,-1.109958535068,0.211978061121823,-5.23619533641318,1.63920468284029e-07,8.53772351572645e-06,"Heph"
"ENSMUSG00000031216",3558.61530954402,-0.595071821822281,0.13017340293989,-4.57137793422413,4.84527504271232e-06,0.000146217632834553,"Stard8"
"ENSMUSG00000031221",2245.73749539901,0.422336289509367,0.143013391443447,2.95312407633082,0.00314575495194196,0.0259152157167711,"Igbp1"
"ENSMUSG00000031231",2199.76967994647,0.572850139720954,0.138181190426113,4.14564484467415,3.3885871166247e-05,0.000727609481231974,"Cox7b"
"ENSMUSG00000031274",3223.92753155861,-0.688997293214729,0.149932490608128,-4.59538349840085,4.3195408260101e-06,0.000133741069075685,"Col4a5"
"ENSMUSG00000031278",9248.4567633179,0.942814149147747,0.121703848105961,7.74678996449554,9.42446516670391e-15,2.07861815065636e-12,"Acsl4"
"ENSMUSG00000031283",1044.54058993041,-0.791858768114839,0.277388038728388,-2.85469687786433,0.00430779224237796,0.0327902464465625,"Chrdl1"
"ENSMUSG00000031292",2223.56144040865,-0.741676840121423,0.198669061998135,-3.73322767350855,0.000189041570140387,0.0029913442431869,"Cdkl5"
"ENSMUSG00000031294",55.0872656418159,-1.70476754724876,0.548737192163547,-3.10671041000018,0.00189181623518915,0.0176292938102449,NA
"ENSMUSG00000031355",1523.84425822171,-0.848744636261358,0.24433213980642,-3.4737330788074,0.000513271356349881,0.00652175873484397,"Arhgap6"
"ENSMUSG00000031365",1037.00594143792,-0.561624428104699,0.186128849018557,-3.01739591184333,0.00254956583292066,0.0220038616449892,"Zfp275"
"ENSMUSG00000031372",34.3606690164517,3.96750090167884,1.02313363095911,3.8777934588658,0.000105408144312541,0.00184619264523877,"Trex2"
"ENSMUSG00000031377",523.654746041652,-0.582283760877428,0.204666898226509,-2.84503144339933,0.00444070392199127,0.0335028817498696,"Bmx"
"ENSMUSG00000031380",1955.95077044787,-0.92713487731333,0.157135616905035,-5.90022106747222,3.6301484470817e-09,2.89520544674618e-07,"Vegfd"
"ENSMUSG00000031387",1650.70315620428,0.746447473279542,0.169489864973767,4.40408323763238,1.06232151808272e-05,0.00027868390485386,"Renbp"
"ENSMUSG00000031393",3051.65356016909,-0.460544890269421,0.146450070403033,-3.14472290113615,0.00166244212040034,0.0159993137654333,"Mecp2"
"ENSMUSG00000031431",4106.11473415303,-0.57287313154579,0.193492773547414,-2.96069522929967,0.00306945514281864,0.0254458543510232,"Tsc22d3"
"ENSMUSG00000031434",327.450372510213,0.806623339673406,0.282320125925896,2.85712305145801,0.00427500071462379,0.0326379862251086,"Morc4"
"ENSMUSG00000031438",466.034655798107,1.07234551019551,0.23288552439343,4.60460354068173,4.13252372818128e-06,0.000130207295245077,"Rnf128"
"ENSMUSG00000031441",26003.7622357619,0.70273938076764,0.154387136821203,4.55180007374247,5.31888673182851e-06,0.000156801834099202,"Atp11a"
"ENSMUSG00000031442",2018.98976790418,-0.472640009585443,0.169927320149561,-2.78142448883116,0.00541209194789345,0.0390970572782517,"Mcf2l"
"ENSMUSG00000031443",907.618769842499,0.91390439948898,0.200327664224869,4.56204789800333,5.06570868041855e-06,0.000150831475959462,"F7"
"ENSMUSG00000031444",1368.57493439907,1.5410622863128,0.21230387683543,7.25875716112038,3.90663098529922e-13,6.71076563003563e-11,"F10"
"ENSMUSG00000031465",760.295847550893,-0.926572858367844,0.282417769905304,-3.2808589157776,0.00103491497466138,0.0111782079941509,"Angpt2"
"ENSMUSG00000031480",1139.06690030035,-0.748472321139595,0.180766136027012,-4.14055606647337,3.46464910348806e-05,0.000742157748606886,"Thsd1"
"ENSMUSG00000031486",1594.24087537493,-0.975142530109256,0.175619388956358,-5.55259038255498,2.81467100116374e-08,1.78946965963666e-06,"Adgra2"
"ENSMUSG00000031494",87.8324319227759,-1.72751034932841,0.645043422309696,-2.67813032360324,0.0074034406165356,0.0496294433825173,"Cd209a"
"ENSMUSG00000031504",399.521259340706,0.991849673730132,0.2531304136607,3.91833466151414,8.91628569175503e-05,0.00160412330194566,"Rab20"
"ENSMUSG00000031517",3061.82599208426,-0.975664517350197,0.229238452571399,-4.25611194983231,2.08012580529129e-05,0.000488323883200117,"Gpm6a"
"ENSMUSG00000031523",10721.6467620017,-0.713276787678193,0.161133090188436,-4.42663134458636,9.57161098697459e-06,0.000255219149675076,"Dlc1"
"ENSMUSG00000031530",486.706095890706,0.752592404608451,0.266340687695686,2.82567568297467,0.00471810071948673,0.0351208998945047,"Dusp4"
"ENSMUSG00000031539",957.779370457054,-0.520532568183372,0.17300378510613,-3.00879294556503,0.00262287802167929,0.0225128323781371,"Ap3m2"
"ENSMUSG00000031540",5688.13164050463,-0.565876135976513,0.164401321955801,-3.44204127585208,0.000577342148313772,0.00718760799973905,"Kat6a"
"ENSMUSG00000031557",2387.19110330305,-0.563023990025486,0.180832761360465,-3.11350656700517,0.00184878395578538,0.0173196252596255,"Plekha2"
"ENSMUSG00000031558",1588.10685417902,-0.61919094276816,0.187005672434417,-3.31108107421346,0.000929362783752927,0.0102614747414994,"Slit2"
"ENSMUSG00000031563",5655.51235666581,-0.648828223679786,0.148187834571414,-4.37841760463209,1.19544119995815e-05,0.000308175426222977,"Wwc2"
"ENSMUSG00000031574",292.701715469006,-0.815642134900361,0.237114309255071,-3.43986888628872,0.000581996058962597,0.00723546248668531,"Star"
"ENSMUSG00000031586",4096.92068221233,-0.379531792246531,0.131077159892462,-2.89548379410956,0.00378574576704494,0.0297939859595849,"Rbpms"
"ENSMUSG00000031596",4028.76449789033,0.6550947774253,0.203374017689463,3.22113308704743,0.00127684839896624,0.0130721470759495,"Slc7a2"
"ENSMUSG00000031613",13125.4221564018,-0.817701537521579,0.183759489923491,-4.44984657860137,8.59316537325408e-06,0.000232954323813633,"Hpgd"
"ENSMUSG00000031616",2142.44526752539,-0.81315377982548,0.19439645561081,-4.18296607965657,2.87730335657249e-05,0.00063501484043029,"Ednra"
"ENSMUSG00000031618",828.316268133876,-0.569266205819505,0.199316089144552,-2.85609760989565,0.00428883259723738,0.0327156252560401,"Nr3c2"
"ENSMUSG00000031628",749.801216154982,0.50418067431341,0.177040146449628,2.84783245170247,0.00440180921039681,0.0333474814976649,"Casp3"
"ENSMUSG00000031634",963.035556713189,0.468183682293693,0.170080924871785,2.75271129109059,0.00591039931529229,0.0418506871849769,"Ufsp2"
"ENSMUSG00000031647",1526.39178089682,0.665731348533563,0.152419265602444,4.36776378564895,1.25525145457851e-05,0.0003221992418972,"Mfap3l"
"ENSMUSG00000031659",4840.510087395,0.6935840928442,0.187852201479864,3.69217974226694,0.000222340232718427,0.0033891708681866,"Adcy7"
"ENSMUSG00000031660",4330.97867539387,0.861618692375428,0.162876046131236,5.29002706562009,1.22298260850123e-07,6.58089888580557e-06,"Brd7"
"ENSMUSG00000031673",3856.60312109376,-0.572646072692479,0.204639179470754,-2.79832080139043,0.00513690647089584,0.0376727561997349,"Cdh11"
"ENSMUSG00000031725",310.313549765447,-1.32187645169391,0.24000753997757,-5.50764551737601,3.63664768809712e-08,2.26375151575036e-06,"Ces1f"
"ENSMUSG00000031748",1405.44409352189,-1.06884297056044,0.246080644720199,-4.34346623146955,1.40252044435715e-05,0.000351416938828058,"Gnao1"
"ENSMUSG00000031749",1740.58632871123,-0.700483560691926,0.212908726678604,-3.2900650509706,0.00100164223537655,0.010891258998784,"St3gal2"
"ENSMUSG00000031750",619.512612531449,0.932088794196686,0.210893322972405,4.41971695006508,9.88302610859678e-06,0.000261570757674195,"Il34"
"ENSMUSG00000031757",182.331744027145,10.9047731586683,2.71849832732115,4.01132237201485,6.03795967179295e-05,0.00115862674045737,"Mt4"
"ENSMUSG00000031762",245.095028837872,2.43923315488509,0.272268055117204,8.95893994554396,3.27814613219164e-19,1.33100183299099e-16,"Mt2"
"ENSMUSG00000031765",1948.72321743244,1.83590720032168,0.178634014683968,10.2774782483039,8.9026449967613e-25,5.68020545954074e-22,"Mt1"
"ENSMUSG00000031778",2249.41656285778,-0.756109145174866,0.204363281677879,-3.69982875087442,0.000215744999555297,0.00331408806281633,"Cx3cl1"
"ENSMUSG00000031779",225.623151222174,0.99743651165223,0.27915756821004,3.57302335755323,0.000352883270820389,0.00489841463341589,"Ccl22"
"ENSMUSG00000031782",1382.04003505349,0.464123705218047,0.163111568288754,2.84543708387633,0.00443505199283102,0.0335028817498696,"Coq9"
"ENSMUSG00000031785",7366.33363123353,0.823137240129125,0.196010500662903,4.19945481158047,2.67558418233478e-05,0.000605054574903935,"Adgrg1"
"ENSMUSG00000031786",828.703122286748,-0.756107008372688,0.275707366087115,-2.74242585210357,0.00609872173093268,0.0428951431980757,"Drc7"
"ENSMUSG00000031818",7145.541572007,0.448137505959729,0.147915318608481,3.02968962360086,0.0024480517379873,0.021354709130441,"Cox4i1"
"ENSMUSG00000031821",89.9590975615948,1.23321784723908,0.396622916286728,3.10929549604631,0.00187534057826345,0.0175224683214835,"Gins2"
"ENSMUSG00000031824",2912.08329615405,-0.74705379017864,0.154439634622766,-4.83718957250445,1.31687820533156e-06,5.09221409918794e-05,"6430548M08Rik"
"ENSMUSG00000031825",2715.45587650707,-0.856366584090376,0.251063763747621,-3.41095254570957,0.000647363572445969,0.00779848295465087,"Crispld2"
"ENSMUSG00000031827",4896.75445002445,0.69336070300385,0.178766225203571,3.87858893487449,0.000105064116843751,0.00184197296115172,"Cotl1"
"ENSMUSG00000031838",3479.42536296792,0.674075621801403,0.158773286025536,4.24552290045184,2.18084232730485e-05,0.00051062579524641,"Ifi30"
"ENSMUSG00000031841",1544.79797807481,-0.839322406019255,0.187848144816603,-4.46808993955564,7.89211250555069e-06,0.000218932593030533,"Cdh13"
"ENSMUSG00000031842",247.968261541525,1.21138212076621,0.321628547183366,3.76640112133947,0.000165617631957619,0.00267760995015643,"Pde4c"
"ENSMUSG00000031844",36.3020660291856,6.15185364432874,1.24081126022346,4.95792860811148,7.12487333789101e-07,3.12741676121432e-05,"Hsd17b2"
"ENSMUSG00000031871",28816.757103233,-1.11474657479722,0.200631032024699,-5.55620216647235,2.7570752707774e-08,1.76541755241714e-06,"Cdh5"
"ENSMUSG00000031881",680.425058648908,1.14347746213683,0.27260492217998,4.19463248496254,2.73314367288489e-05,0.000614183795170925,"Cdh16"
"ENSMUSG00000031891",99.7213053585951,1.16784979252723,0.404265891342037,2.88881604295216,0.00386695221386597,0.0303129009656497,"Hsd11b2"
"ENSMUSG00000031903",2619.82167787465,0.54873352448322,0.169600031009076,3.23545651034613,0.00121448384913438,0.0125851241095044,"Pla2g15"
"ENSMUSG00000031918",2440.32477030744,-0.384259951265053,0.139503028696338,-2.75449181896607,0.00587833595630817,0.0417006543874327,"Mtmr2"
"ENSMUSG00000031954",2381.47360675372,0.373796282669687,0.13721568499391,2.72415127094455,0.00644669716015056,0.0448709678842817,"Cfdp1"
"ENSMUSG00000031958",385.622539774801,0.83564944839018,0.236413101647575,3.53470024531845,0.000408237981910073,0.00545080085711768,"Ldhd"
"ENSMUSG00000031963",929.649144107235,-0.897539744402037,0.26855053137556,-3.34216335303711,0.000831281235326527,0.00941714601718986,"Bmper"
"ENSMUSG00000031966",109.0145901159,-1.20393995058575,0.39094050197592,-3.07959892746009,0.00207279518817484,0.0188738460941608,"Glb1l3"
"ENSMUSG00000031972",6173.30779277722,6.70397748147267,1.80235467444273,3.71956617447977,0.000199565257980345,0.00311545848473514,"Acta1"
"ENSMUSG00000031985",3773.4493733616,0.586590505153358,0.150616682301531,3.8945918618697,9.83642100508794e-05,0.00174679583753376,"Gnpat"
"ENSMUSG00000031994",748.573878725515,-0.950534442849828,0.248390709137261,-3.8267713239007,0.000129835026149786,0.0021882101341188,"Adamts8"
"ENSMUSG00000031995",3569.5624417457,0.928769100348898,0.141674905684763,6.55563591773603,5.54052585445219e-11,6.22525121948354e-09,"St14"
"ENSMUSG00000032006",646.308902135965,-0.780100524132756,0.253098813702874,-3.08219747346803,0.00205478474950997,0.0187385041092372,"Pdgfd"
"ENSMUSG00000032009",2802.36526068916,0.438395201246554,0.152334617069323,2.87784358985885,0.00400403610282843,0.0309931130749696,"Sesn3"
"ENSMUSG00000032013",587.635532238182,2.44526507565221,0.210565191545232,11.612864679616,3.54535217625099e-31,4.07959735304772e-28,"Trim29"
"ENSMUSG00000032035",8917.61124698323,-0.673663920089433,0.209753636433936,-3.2116912561924,0.00131956103994716,0.013424805227025,"Ets1"
"ENSMUSG00000032038",2034.41026488025,0.46231355706855,0.153211872742833,3.01747866397109,0.00254886983284966,0.0220038616449892,"St3gal4"
"ENSMUSG00000032046",3734.20735131727,0.4853196256557,0.154560753586794,3.13999262033338,0.00168952090645469,0.0162094735475865,"Abhd12"
"ENSMUSG00000032050",9747.90498304361,-0.423284775111416,0.157364803573354,-2.68983130598263,0.00714881466497017,0.0484681495217048,"Rdx"
"ENSMUSG00000032068",5084.32606367283,1.29092087030133,0.17677073477137,7.30279744535187,2.81845327509449e-13,4.88851143296729e-11,"Plet1"
"ENSMUSG00000032076",8162.35269023253,-0.355030205255775,0.119209558466251,-2.97820250174223,0.00289944351356309,0.0243071601923062,"Cadm1"
"ENSMUSG00000032083",90.9890598376469,7.54312416712292,2.04599252400154,3.686779926434,0.000227109598675681,0.00344423852320972,"Apoa1"
"ENSMUSG00000032091",1221.77481753839,1.18704347301789,0.196656201288683,6.0361354752061,1.5784874722665e-09,1.33647766312991e-07,"Tmprss4"
"ENSMUSG00000032122",508.178703632461,0.9116491289442,0.200344691291697,4.55040322289779,5.35432095139098e-06,0.000157586398346952,"Slc37a2"
"ENSMUSG00000032125",1968.94820544622,-0.905284258266495,0.225417064260144,-4.01604138195033,5.91838679351894e-05,0.00114304843314828,"Robo4"
"ENSMUSG00000032126",793.964342775915,0.707145250263597,0.190122100328697,3.71942687904791,0.000199675340891225,0.00311545848473514,"Hmbs"
"ENSMUSG00000032135",6027.71080653476,-0.730514421880343,0.174415766277114,-4.18835084392366,2.80988891746703e-05,0.000627483318881855,"Mcam"
"ENSMUSG00000032172",391.320928109659,-1.56907740124565,0.267674339906564,-5.8618894952477,4.57629549378379e-09,3.54940565160698e-07,"Olfm2"
"ENSMUSG00000032177",640.665739493992,-0.721984096124095,0.190053385896792,-3.79884890088812,0.000145369679526109,0.0023979956830415,"Pde4a"
"ENSMUSG00000032184",886.287195876454,-0.740400873457022,0.236988966613731,-3.12419976354344,0.00178289369295594,0.0169078979695419,"Lysmd2"
"ENSMUSG00000032186",1818.02470677375,-1.08407361926111,0.227772569875034,-4.75945641679277,1.94115033999976e-06,6.88068468732057e-05,"Tmod2"
"ENSMUSG00000032198",3424.83938881945,-0.850488895938197,0.169927680018749,-5.00500504593694,5.58605677338288e-07,2.51754639068669e-05,"Dock6"
"ENSMUSG00000032202",4021.56532438837,1.26373835219228,0.176746334290414,7.15001166652664,8.67705256849338e-13,1.37452453764848e-10,"Rab27a"
"ENSMUSG00000032218",173.440285775011,1.27241820927295,0.364824555260934,3.48775374607907,0.000487096478442724,0.00628755678278848,"Ccnb2"
"ENSMUSG00000032220",4512.27130997875,0.594638855030522,0.161746085376111,3.67637246767239,0.000236574039206199,0.00354236958449428,"Myo1e"
"ENSMUSG00000032224",357.862821539717,-0.828399550420891,0.281089416033654,-2.94710331719394,0.00320766010987392,0.0262599916363929,"Fam81a"
"ENSMUSG00000032226",22.2353825128632,5.43645555161884,1.35665369913414,4.00725369715837,6.14288685288321e-05,0.0011762344440167,"Gcnt3"
"ENSMUSG00000032254",447.549108331024,1.2739351914618,0.319855370761897,3.98284758648036,6.80944281539079e-05,0.00127918712825401,"Kif23"
"ENSMUSG00000032262",99.5951989203908,2.74223609033269,0.828775884869485,3.308778815113,0.000937038325402447,0.0103270756837228,"Elovl4"
"ENSMUSG00000032278",77.2769867797032,1.29136404405928,0.43005162017715,3.00281171717788,0.00267497870365413,0.0227998542656398,"Paqr5"
"ENSMUSG00000032289",2613.98288934628,0.721960599412403,0.151312099882088,4.77133421567078,1.83009578435122e-06,6.58936956469818e-05,"Thsd4"
"ENSMUSG00000032328",9465.45207300064,0.523250810421903,0.136430706177653,3.83528624223753,0.000125418143349357,0.00212580183200783,"Tmem30a"
"ENSMUSG00000032332",2347.24822942583,-0.813063373648415,0.196937336640896,-4.12853848598038,3.65076340120525e-05,0.000770719993381463,"Col12a1"
"ENSMUSG00000032340",3325.67804885099,-0.378158069884136,0.139964615918287,-2.70181193584605,0.00689627572087987,0.0471315859806882,"Neo1"
"ENSMUSG00000032359",21979.4060893605,1.78962969145897,0.251810385839235,7.10705273531306,1.18547147712258e-12,1.79478372362668e-10,"Ctsh"
"ENSMUSG00000032366",19071.6914903265,0.513214087077321,0.130359267585848,3.93692060857387,8.2533897141488e-05,0.00150302555803535,"Tpm1"
"ENSMUSG00000032372",1281.36949594194,-0.732318510274163,0.225444296301867,-3.24833460986566,0.00116082671766657,0.0121825888811528,"Plscr2"
"ENSMUSG00000032374",1605.26928201679,-0.722811149849257,0.168496372736072,-4.28977275956824,1.78856028417529e-05,0.000427746043866019,"Plod2"
"ENSMUSG00000032377",1629.42567338858,-0.812524810210424,0.253865109856533,-3.20061630631168,0.00137134011468188,0.0138022485345306,"Plscr4"
"ENSMUSG00000032381",1194.09994308113,0.457790504694074,0.159202363559708,2.87552580538404,0.00403355173100367,0.0311675612778463,"Ciao2a"
"ENSMUSG00000032388",2924.8496781157,0.684408034570529,0.166166889667261,4.1187990937365,3.80852009607537e-05,0.000792997803221287,"Spg21"
"ENSMUSG00000032399",37428.1238556354,0.430434710014594,0.134706733932348,3.19534664266128,0.00139662984467106,0.0139702083846856,"Rpl4"
"ENSMUSG00000032418",5191.84215191631,1.07701753813775,0.201906117870422,5.33424915251429,9.59407152068413e-08,5.2694645837487e-06,"Me1"
"ENSMUSG00000032420",4028.56779734747,-0.400554377655071,0.130137417297261,-3.07793397144283,0.00208441094109902,0.0189602858771558,"Nt5e"
"ENSMUSG00000032452",394.608926875655,-1.45286427288679,0.281644500607061,-5.15850396423597,2.48930838718659e-07,1.23876028794118e-05,"Clstn2"
"ENSMUSG00000032454",44.0081422313274,3.0292774458701,1.08427764015757,2.79382082012674,0.00520893317371355,0.0380603644778702,"Rbp2"
"ENSMUSG00000032470",632.958112941606,-0.651709786561973,0.191467463227224,-3.4037625796951,0.000664644966680965,0.00795593740476209,"Mras"
"ENSMUSG00000032479",13717.9556549625,-0.449671225780524,0.163046089686124,-2.75793934491883,0.00581669898434,0.0413182216124192,"Map4"
"ENSMUSG00000032484",299.838345378292,-1.91113312031018,0.358149759580356,-5.33612844679681,9.49521495248053e-08,5.2355560224094e-06,"Ngp"
"ENSMUSG00000032502",62.4931483869613,2.24755189603716,0.816462694488604,2.75279190489522,0.00590894423966455,0.0418506871849769,"Stac"
"ENSMUSG00000032508",1768.3235543429,0.531244849097573,0.167533369431146,3.17097931535311,0.00151925960839808,0.0149047627150092,"Myd88"
"ENSMUSG00000032511",425.883236960888,-1.06252601284367,0.218341763791388,-4.86634345346247,1.13681891863599e-06,4.5333191922839e-05,"Scn5a"
"ENSMUSG00000032514",1314.42495927662,-1.02596150181148,0.340039747405274,-3.01718110791529,0.00255137328712178,0.0220088284763064,"Ttc21a"
"ENSMUSG00000032518",12447.6539143539,0.485575031631764,0.161558251443032,3.00557246253056,0.00265081426398995,0.0226696011614076,"Rpsa"
"ENSMUSG00000032531",6518.20835609417,-0.580255957418152,0.138758178605551,-4.18177842379763,2.89237775374931e-05,0.000637143385582385,"Amotl2"
"ENSMUSG00000032540",2110.87774594289,0.578441839913041,0.160566117213269,3.60251496363169,0.000315153252482013,0.00446487934622613,"Abhd5"
"ENSMUSG00000032548",19897.7720258819,-0.583899977588726,0.120396141094733,-4.84982302820893,1.23571675145147e-06,4.85188566256715e-05,"Slco2a1"
"ENSMUSG00000032549",672.271022766824,-0.830247425930535,0.262854171366075,-3.15858569645545,0.0015853669102561,0.0154129957032056,"Rab6b"
"ENSMUSG00000032554",36026.2783109049,1.65379964084166,0.220218551305754,7.5098107359062,5.92129073663839e-14,1.20208930693233e-11,"Trf"
"ENSMUSG00000032575",2213.33815397831,0.420105113916635,0.155418048651293,2.7030651688287,0.00687032747859212,0.0470267660092778,"Manf"
"ENSMUSG00000032577",1921.48657426387,0.779927161527886,0.156479688897543,4.98420700490115,6.22164439866739e-07,2.7512296332226e-05,"Mapkapk3"
"ENSMUSG00000032595",379.424383673076,-0.826240479451369,0.305953494487337,-2.70054271102815,0.00692264477729329,0.0472575655125505,"Cdhr4"
"ENSMUSG00000032596",1510.38947556725,-0.401488493061148,0.147383229067904,-2.72411247602784,0.00644745449532333,0.0448709678842817,"Uba7"
"ENSMUSG00000032625",217.679696070534,-1.0754163527651,0.27716713263334,-3.88002842381659,0.000104444258699201,0.0018339287385752,"Thsd7a"
"ENSMUSG00000032643",250.453431921417,1.33345908876416,0.433991631136784,3.07254562783006,0.00212241383358798,0.0192276486496193,"Fhl3"
"ENSMUSG00000032649",717.281783816553,-1.11942707747169,0.276629002345015,-4.04667286503651,5.1950763601147e-05,0.00103467156269174,"Colgalt2"
"ENSMUSG00000032688",2164.56201717313,1.2226886595973,0.227304148336398,5.37908642911254,7.48647638142259e-08,4.27303196658513e-06,"Malt1"
"ENSMUSG00000032698",1627.96289278761,-0.449328369404881,0.163710222119159,-2.74465676967826,0.00605742147128127,0.0426214393794565,"Lmo2"
"ENSMUSG00000032714",1999.06904918404,-0.637015997186371,0.157546180262632,-4.043360468178,5.26905180946115e-05,0.00104590678417804,"Syde1"
"ENSMUSG00000032715",283.134890304203,0.859607415882716,0.241712446391968,3.55632251757839,0.000376082345965998,0.00512878710739126,"Trib3"
"ENSMUSG00000032735",4561.91016177322,-0.73403052291745,0.220377949184106,-3.33078026016221,0.000866029364820426,0.00968792398404315,"Ablim3"
"ENSMUSG00000032741",2661.9895883838,-0.717092404112052,0.176282739469014,-4.06785375739011,4.74481429040733e-05,0.000954573280384312,"Tpcn1"
"ENSMUSG00000032786",10507.2901383165,-0.611892066934295,0.127182485321194,-4.81113468878192,1.50075835646771e-06,5.66829768251492e-05,"Alas1"
"ENSMUSG00000032807",119.659768362025,7.73114542133929,2.60525074394432,2.96752450385425,0.00300208352292388,0.0250033669636528,"Alox12b"
"ENSMUSG00000032827",4143.7419771605,0.59236473421556,0.189625945873134,3.12385908736282,0.00178495916991638,0.0169078979695419,"Ppp1r9a"
"ENSMUSG00000032839",355.123635368938,-0.971438917368658,0.283452369806054,-3.42716809188558,0.000609911399454366,0.00746329756468445,"Trpc1"
"ENSMUSG00000032841",1002.04908351803,-0.464975841868888,0.164834823145381,-2.82085928808131,0.00478952063201921,0.0355483116290084,"Prr5l"
"ENSMUSG00000032845",84.9222152189702,1.22350997010976,0.426996084827129,2.86538920047735,0.00416496997014032,0.0320168625286389,"Alpk2"
"ENSMUSG00000032855",5039.03719389751,-0.770315923136625,0.151522799549351,-5.083828476161,3.69902006234754e-07,1.76221315770237e-05,"Pkd1"
"ENSMUSG00000032860",643.441710588684,0.678419702154569,0.186548941388909,3.6366848136663,0.000276169515878454,0.00400143422641409,"P2ry2"
"ENSMUSG00000032875",4328.34750899991,-0.49522959403267,0.164013964786601,-3.01943553816905,0.00253246178415911,0.0218985623301077,"Arhgef17"
"ENSMUSG00000032878",964.430900414183,-1.32628230975397,0.275738277989917,-4.80993179264892,1.50981807093202e-06,5.67686732632875e-05,"Ccdc85a"
"ENSMUSG00000032908",2565.39918512504,0.802608709685833,0.177061145606275,4.53294655322387,5.81665366632211e-06,0.000169241885584437,"Sgpp2"
"ENSMUSG00000032911",520.271098249725,-0.800250466364493,0.252152506634014,-3.1736764272029,0.00150521391081108,0.0148157832047603,"Cspg4"
"ENSMUSG00000032942",357.769480900561,0.996057305583978,0.220497500955658,4.51731788916865,6.2627849534224e-06,0.00018016852366005,"Ucp3"
"ENSMUSG00000032946",1634.11844778875,-0.899372065426511,0.179759009910357,-5.00320994132652,5.63834780733096e-07,2.52453843553803e-05,"Rasgrp2"
"ENSMUSG00000033022",4116.59988256469,-0.731780151078491,0.191730326736391,-3.81671571490415,0.000135239840334154,0.00225839419559332,"Cdo1"
"ENSMUSG00000033031",146.941913366293,1.49850921865364,0.319930923715731,4.68385238053796,2.81532800494858e-06,9.50771924544545e-05,"Cip2a"
"ENSMUSG00000033032",8390.38446322309,-0.494254897385689,0.137045050130996,-3.60651403982303,0.000310338075007035,0.00440364552025472,"Afap1l1"
"ENSMUSG00000033033",531.567080822359,-0.723672740002547,0.191821719787106,-3.77263190427924,0.000161534518005442,0.00261870613808278,"Calhm2"
"ENSMUSG00000033060",18612.8832185733,-0.45043773567561,0.127272947640135,-3.53914750956523,0.000401421474128944,0.0053894645342526,"Lmo7"
"ENSMUSG00000033082",3913.98669489369,-0.978794237410881,0.250605662958717,-3.90571476260742,9.39472779251282e-05,0.00167501808396449,"Clec1a"
"ENSMUSG00000033102",754.800490773054,-0.523384726063695,0.18701839312685,-2.79857353767709,0.00513288799787416,0.0376727561997349,"Cdc14b"
"ENSMUSG00000033161",25114.8836588008,0.46626060089877,0.167068864752286,2.7908288093661,0.00525732704516166,0.0382638564115382,"Atp1a1"
"ENSMUSG00000033170",1606.00073239407,-0.843248012812921,0.175324255988563,-4.80964831738929,1.51196073225555e-06,5.67686732632875e-05,"Card10"
"ENSMUSG00000033191",7313.63662899032,-0.815848921487871,0.192386262724669,-4.24068179262602,2.22841866542723e-05,0.000517022070881265,"Tie1"
"ENSMUSG00000033196",186.678618332946,6.1755349992905,1.68105575382831,3.67360510514109,0.000239152238838822,0.00357228657763843,"Myh2"
"ENSMUSG00000033207",2836.29586118862,-0.983304958000025,0.293030075044899,-3.35564517686233,0.000791800857125796,0.00907928261396171,"Mamdc2"
"ENSMUSG00000033209",2481.69042961928,-1.0027928018856,0.212857790170223,-4.71109279619818,2.46392005104532e-06,8.44873929211606e-05,"Ttc28"
"ENSMUSG00000033213",40.1819290288406,2.15030571069025,0.640655268377728,3.3564161832857,0.000789596502799444,0.00907147364791773,"AA467197"
"ENSMUSG00000033253",3585.0562509549,0.801564722063146,0.195289595552652,4.10449271398608,4.05203041169766e-05,0.000836873101791661,"Szt2"
"ENSMUSG00000033276",513.67589676128,-0.760547663981758,0.214973781401194,-3.53786242687144,0.00040338017039877,0.0054102002583889,"Stk36"
"ENSMUSG00000033278",7296.77455336446,-0.495230702728831,0.130966765497386,-3.78134636560689,0.000155982473129125,0.00254784661281226,"Ptprm"
"ENSMUSG00000033307",1438.35807410857,0.866259008707529,0.226008125429948,3.83286665937162,0.000126658614551037,0.00214276150469154,"Mif"
"ENSMUSG00000033327",2886.35942199235,-1.25195328768837,0.26437758008993,-4.73547449546407,2.18543188196491e-06,7.64045803743702e-05,"Tnxb"
"ENSMUSG00000033350",835.932343222166,-0.952304008609678,0.254812833422735,-3.73726862896974,0.000186030141711162,0.00295153506365,"Chst2"
"ENSMUSG00000033379",2545.63741205919,0.457539588454939,0.146223383365941,3.12904528621044,0.00175375277149273,0.0166919516583472,"Atp6v0b"
"ENSMUSG00000033392",2228.35566295523,-0.539433182182508,0.163307801563109,-3.30316847706782,0.000955989332019133,0.0104777603782342,"Clasp2"
"ENSMUSG00000033436",906.694763394226,-0.920994285531098,0.23357074036241,-3.94310641864677,8.04329425489779e-05,0.00147226897401382,"Armcx2"
"ENSMUSG00000033444",7771.83820737472,-0.778673853984467,0.155278095336078,-5.01470508315507,5.31148721968614e-07,2.43847955552676e-05,"Specc1l"
"ENSMUSG00000033453",1411.54107993715,-0.626106210776646,0.187465470751182,-3.33984817720198,0.000838242019064285,0.00946996456641032,"Adamts15"
"ENSMUSG00000033508",990.047699334934,4.65212955215215,1.71929746135733,2.70583168806603,0.00681335688539836,0.0467917649007195,"Asprv1"
"ENSMUSG00000033577",4410.09171385579,-0.46711888794476,0.134639189520975,-3.46941250617072,0.000521597926660433,0.00659568047722063,"Myo6"
"ENSMUSG00000033585",427.812087509585,-0.867679135300069,0.298607549217294,-2.90575083441265,0.00366373065825908,0.0290255202704206,"Ndn"
"ENSMUSG00000033589",1011.79128129846,0.639400112955848,0.159915685987144,3.99835769085998,6.3783511696969e-05,0.00121351697174265,"Reep4"
"ENSMUSG00000033595",8914.56459417327,0.831605781648638,0.168823094388437,4.92590059826316,8.39726805982878e-07,3.59753462563168e-05,"Lgi3"
"ENSMUSG00000033705",3443.64810515097,-1.09617277124151,0.223532738106841,-4.90385784438238,9.39725086621072e-07,3.92247398889847e-05,"Stard9"
"ENSMUSG00000033706",875.792368320967,0.558186681602291,0.192374826444989,2.90155781771118,0.00371312251655796,0.029338758849318,"Smyd5"
"ENSMUSG00000033713",2064.60339641437,-0.469559163053246,0.161667592020695,-2.90447304363349,0.00367871880057666,0.0291055409089026,"Foxn3"
"ENSMUSG00000033763",2838.95995438094,-0.983576751423535,0.201573221382805,-4.8795010799358,1.06354541148026e-06,4.33158182637133e-05,"Mtss2"
"ENSMUSG00000033765",156.270127044983,10.6821932687788,3.2402095632568,3.2967599966102,0.000978070410226299,0.0106804571385653,"Calm4"
"ENSMUSG00000033826",565.258842168416,-0.556720050347929,0.204156993593666,-2.72692128027693,0.00639282883336225,0.0446298894521362,"Dnah8"
"ENSMUSG00000033855",1779.68274988033,-0.855764657762341,0.148596099439126,-5.75899812304907,8.461464323813e-09,6.27236764086802e-07,"Ston1"
"ENSMUSG00000033910",5091.2425659135,-1.0760633351659,0.234208721775927,-4.59446312249375,4.33864843635485e-06,0.000134100266981798,"Gucy1a1"
"ENSMUSG00000033917",5371.0531009324,0.554991941857922,0.165328506428143,3.35690410473247,0.000788204449973083,0.00906130791426585,"Gde1"
"ENSMUSG00000033952",167.368038537503,1.0424930230671,0.3556633135468,2.93112329374371,0.00337738708092654,0.0272648080437201,"Aspm"
"ENSMUSG00000033955",7654.73908981628,-0.373275357346436,0.122925662689391,-3.03659422434539,0.00239267313934125,0.0210359771822497,"Tnks1bp1"
"ENSMUSG00000033960",12031.801074402,-1.07254902414323,0.14549228066394,-7.37186206201977,1.68261068753417e-13,3.03634746795939e-11,"Jcad"
"ENSMUSG00000033967",134.592441127857,1.06130668645097,0.352314666573802,3.01238292680799,0.00259205396724098,0.0222951584616081,"Rnf225"
"ENSMUSG00000033998",977.070090745702,1.62280998316453,0.165002788357231,9.83504581541465,7.95313999315788e-23,4.73609486592552e-20,"Kcnk1"
"ENSMUSG00000034006",1809.17007598558,0.482293757253447,0.165966180121018,2.9059761265926,0.00366109380695689,0.0290174981638353,"Slc66a2"
"ENSMUSG00000034037",3355.78706336592,-0.889262261263934,0.193489438634696,-4.59592144945358,4.3084099717601e-06,0.000133628028030372,"Fgd5"
"ENSMUSG00000034059",78.5795931745183,1.57214216010662,0.542173984588527,2.89970047400885,0.00373519402621432,0.0294698577207266,"Ypel4"
"ENSMUSG00000034127",4765.95338646618,0.365158337949877,0.130792742821865,2.79188531467079,0.00524019254991537,0.0381638972296119,"Tspan8"
"ENSMUSG00000034156",255.67738926075,-0.904568427934603,0.275115685129904,-3.28795658272804,0.00100917401536922,0.0109664804042403,"Tspoap1"
"ENSMUSG00000034164",279.808280105535,-0.730676972038039,0.272389718650656,-2.68246898472384,0.00730809279721253,0.049286175093319,"Emid1"
"ENSMUSG00000034235",2113.73045498536,-0.39825094545281,0.142706427981078,-2.79070081906622,0.00525940623643408,0.0382638564115382,"Usp54"
"ENSMUSG00000034290",6069.33430106701,-0.413230236510108,0.13849070153803,-2.98381213988316,0.00284681499460766,0.0240011089564256,"Nek9"
"ENSMUSG00000034292",1753.86894610699,-0.657810103631648,0.202046584805333,-3.25573483098184,0.0011309932528156,0.0119416042916966,"Traf3ip1"
"ENSMUSG00000034310",198.609523493722,-1.5592992765473,0.392886903603556,-3.96882477436996,7.22279674641414e-05,0.00134271866675014,"Tmem132d"
"ENSMUSG00000034361",650.096314325867,0.605609465053183,0.192803697114791,3.141067697953,0.00168333117082711,0.0161719310297729,"Cpne2"
"ENSMUSG00000034394",260.283953401524,0.910085048855383,0.278801665714184,3.26427407283989,0.00109744949155385,0.0116774050279512,"Lif"
"ENSMUSG00000034427",326.771590655121,-0.874799817478318,0.286295220924897,-3.05558651888151,0.00224620785770073,0.0200442074814303,"Myo15b"
"ENSMUSG00000034445",2918.15741473138,0.595529553939571,0.154513642995531,3.85421987595488,0.000116099224356672,0.00198467779296925,"Cyb561a3"
"ENSMUSG00000034460",535.072388598663,-1.03205014523373,0.316275801485257,-3.26313344361832,0.00110187623144848,0.0117103027214914,"Six4"
"ENSMUSG00000034462",4981.39565439986,-0.461061635847154,0.171195107277024,-2.69319400058014,0.00707710759819525,0.0480732042744328,"Pkd2"
"ENSMUSG00000034471",4387.59426326195,-0.88559135929769,0.160657398792841,-5.51229738531751,3.54179813229752e-08,2.2201481976665e-06,"Caskin2"
"ENSMUSG00000034488",554.247857229608,-0.814230077762377,0.284513199517953,-2.86183586259589,0.00421194972489373,0.0322530998007829,"Edil3"
"ENSMUSG00000034520",607.21894776199,-0.874080179908847,0.282113280571892,-3.09833049382481,0.00194614264616096,0.0179864657908255,"Gjc1"
"ENSMUSG00000034584",1230.39880657571,-0.474310704466928,0.176073446088147,-2.69382303240363,0.00706376587062035,0.0480008281774943,"Exph5"
"ENSMUSG00000034593",2090.99484112705,0.683937940446709,0.199601847072472,3.42651107932074,0.000611388819288007,0.00747601728718702,"Myo5a"
"ENSMUSG00000034607",1099.79905086398,0.452020753481103,0.158066581069409,2.85968577559487,0.00424060958052169,0.0324308605119949,"Pof1b"
"ENSMUSG00000034612",941.030707152077,-0.625767528885758,0.170910751872581,-3.66137017144647,0.000250869980446945,0.00370702415275821,"Chst11"
"ENSMUSG00000034634",1715.58651114393,2.37381058151378,0.246405059876066,9.63377368430559,5.757533218262e-22,3.11691911952275e-19,"Ly6d"
"ENSMUSG00000034648",57.4950615006858,2.49092105611345,0.534046512967519,4.66423990350997,3.09759843001352e-06,0.000102768320341213,"Lrrn1"
"ENSMUSG00000034664",523.174222000519,-1.4001595619334,0.382095742777889,-3.6644207332802,0.0002478989971487,0.00367528264237471,"Itga2b"
"ENSMUSG00000034684",5227.68930530394,-0.760288099168229,0.162806120876513,-4.66989874259643,3.01348235730512e-06,0.000100440041629209,"Sema3f"
"ENSMUSG00000034706",708.182606394867,-0.89714046197551,0.301695298917296,-2.97366404181672,0.00294267067267117,0.0245979001254243,"Dnai2"
"ENSMUSG00000034708",8847.38784034966,0.489690573807232,0.148073148105126,3.30708558623723,0.000942720844715366,0.010370509785,"Grn"
"ENSMUSG00000034714",720.183864508096,0.774852479239887,0.236570145921572,3.27536036392676,0.00105527268153047,0.0113500580707657,"Ttyh2"
"ENSMUSG00000034731",1764.02153957089,-0.760189866675961,0.206534879769706,-3.6806851584759,0.000232608076806954,0.00350383076910306,"Dgkh"
"ENSMUSG00000034738",1553.84322990487,-0.586017805218155,0.202247396400577,-2.89752953881033,0.0037611431785547,0.0296395336942566,"Nostrin"
"ENSMUSG00000034744",1365.10774008282,0.450886066431425,0.148901903604789,3.0280745612773,0.00246117353834063,0.0214273222526586,"Nagk"
"ENSMUSG00000034751",2085.45816810343,-0.447141825331819,0.163849671615455,-2.72897602371296,0.00635313228951819,0.0444221950498014,"Mast4"
"ENSMUSG00000034765",573.598546882422,0.659271574404564,0.216262119569951,3.04848382932509,0.00229999290919837,0.0204120086054788,"Dusp5"
"ENSMUSG00000034768",32.7440095646711,3.40691239934531,0.906981761426924,3.75631853278431,0.000172431198968149,0.00276772989179333,"Asb16"
"ENSMUSG00000034773",41.1053055246213,3.10544869302078,0.822674812326146,3.77481921956502,0.000160123743070808,0.00260469855552629,"Hrob"
"ENSMUSG00000034792",297.381321846227,0.991728226334715,0.269463908922464,3.68037497229389,0.000232891229385693,0.00350514053325645,"Gna15"
"ENSMUSG00000034810",11049.4729443776,-0.936132571843858,0.248020091495931,-3.77442233085869,0.000160378864320118,0.00260469855552629,"Scn7a"
"ENSMUSG00000034845",15317.7429448197,-1.13340067819382,0.173275587475697,-6.54102920501009,6.10968977750618e-11,6.82185049219675e-09,"Plvap"
"ENSMUSG00000034854",1121.6134900671,0.725527988687784,0.193690155457921,3.74581757638893,0.00017980722150805,0.0028706488045052,"Mfsd12"
"ENSMUSG00000034872",556.81464405668,-0.925304617743388,0.239200835513093,-3.86831682990814,0.000109589213067509,0.00190078766160296,"Gipc3"
"ENSMUSG00000034881",219.897321147734,-0.848748867067937,0.274728998179467,-3.08940400428166,0.00200558507834538,0.0183931095609036,"Tbxa2r"
"ENSMUSG00000034898",1025.04547321582,0.507417735338439,0.17267773000109,2.93852447177315,0.0032977862229155,0.0267673561437462,"Filip1"
"ENSMUSG00000034903",2368.2812781502,-0.450508283944906,0.140718396389334,-3.20148818849853,0.00136719680253737,0.0137683037639967,"Cobll1"
"ENSMUSG00000034911",2391.98552858675,-0.959019527646484,0.201134716712799,-4.76804573233308,1.86021562909802e-06,6.64655044276722e-05,"Ushbp1"
"ENSMUSG00000034917",1295.11811105542,0.713335179249087,0.189836789440112,3.75762348990907,0.000171534720090852,0.00275829682666343,"Tjp3"
"ENSMUSG00000034918",18.7778610681312,5.20189547657558,1.54534591465402,3.36616897695699,0.000762200020831482,0.00884201517672365,"Cdhr2"
"ENSMUSG00000034919",89.2910840498974,1.47216362849172,0.439726560932712,3.34790699331213,0.000814243323292307,0.00927803761517308,"Ttc22"
"ENSMUSG00000034930",587.438784446221,0.656958329378374,0.235980225625383,2.78395500147241,0.00537004837527212,0.038863990739692,"Rtkn"
"ENSMUSG00000034932",809.785558200396,0.672091283252977,0.19193068470042,3.5017396217912,0.000462231108647488,0.00601877460348934,"Mrpl54"
"ENSMUSG00000034957",5718.34847362113,0.936388107749657,0.164573773599462,5.68977721826218,1.27205221358541e-08,9.16339225633202e-07,"Cebpa"
"ENSMUSG00000034981",1543.07868625444,1.2297017281108,0.151058095037855,8.14058808170881,3.93362542012565e-16,1.09803465828976e-13,"Parm1"
"ENSMUSG00000035048",1009.71665754465,0.518745641715323,0.179379082321047,2.89189595020276,0.00382924741328813,0.0300701121047879,"Anapc13"
"ENSMUSG00000035078",1670.51077210199,-0.430819339687353,0.150649303972728,-2.85974995122011,0.00423975158895727,0.0324308605119949,"Mtmr9"
"ENSMUSG00000035085",69.2188431079271,-1.46799715585125,0.462377559168509,-3.17488841476464,0.00149894130628841,0.0147715691060399,"1700020L24Rik"
"ENSMUSG00000035104",409.114321675824,0.711227099082897,0.251030211713108,2.83323307672515,0.004607977386872,0.0344874386327894,"Eva1a"
"ENSMUSG00000035105",253.581981036291,1.72645512705663,0.366226477941714,4.71417341738846,2.42693908111801e-06,8.35400128789465e-05,"Egln3"
"ENSMUSG00000035107",1259.96875179376,-0.420192070414012,0.154868586572414,-2.71321692612942,0.00666334710359679,0.0459439197243368,"Dcbld2"
"ENSMUSG00000035112",583.855722128367,0.861714479515692,0.227663703812061,3.78503233096413,0.000153688596813588,0.00251894200190344,"Wnk4"
"ENSMUSG00000035158",678.292041656542,0.547177903810477,0.182861588675854,2.99230640930514,0.0027687821050914,0.0234490951141003,"Mitf"
"ENSMUSG00000035186",27.9900288596637,2.75953444395001,0.888854846558711,3.1045951480535,0.0019053963231968,0.0176922584791636,"Ubd"
"ENSMUSG00000035245",2292.02500020419,-0.517827560320702,0.165647835589618,-3.12607501617821,0.00177156354938202,0.0168166752442666,"Eogt"
"ENSMUSG00000035258",3522.12150291882,-1.3479154621508,0.257334175718809,-5.23799630727507,1.62329309826692e-07,8.47957052647327e-06,"Abi3bp"
"ENSMUSG00000035275",1977.24412479218,-1.01088427030926,0.219142019843146,-4.61291846736108,3.97054082213937e-06,0.000126441553988449,"Raver2"
"ENSMUSG00000035283",1127.6998543432,-1.03210249007157,0.214055406231623,-4.82166046745282,1.42368125650248e-06,5.41150332923761e-05,"Adrb1"
"ENSMUSG00000035299",202.526877050712,-1.4535493245695,0.31809848505171,-4.56949464670733,4.8890165349507e-06,0.000146724779250335,"Mid1"
"ENSMUSG00000035311",3752.32481181465,0.858925362823471,0.197632894012023,4.3460647941087,1.3860164254297e-05,0.00034874906253946,"Gnptab"
"ENSMUSG00000035355",65.9376082458305,1.42161816155431,0.461819681380048,3.07829704725036,0.00208187282325997,0.0189468456380741,"Kcnh4"
"ENSMUSG00000035357",1280.42593160332,-0.435232610814694,0.160303558469191,-2.71505270981456,0.00662652227226869,0.0457783528206033,"Pdzrn3"
"ENSMUSG00000035376",671.198848553276,0.574761190400805,0.189008984445191,3.040919944033,0.00235856532334841,0.0208180679355827,"Hacd2"
"ENSMUSG00000035407",851.155005294262,-1.39316334549429,0.220202999004226,-6.3267228502531,2.5042254490867e-10,2.47171202474773e-08,"Kank4"
"ENSMUSG00000035448",163.014759478025,-1.73245378990765,0.464741231628412,-3.72778155240774,0.000193172701003552,0.00303083058789659,"Ccr3"
"ENSMUSG00000035456",73.1111167390496,-1.83838727648668,0.46752526183464,-3.93216672244098,8.41836459693362e-05,0.00152839515776645,"Prdm8"
"ENSMUSG00000035498",1408.81675618256,0.535212583253695,0.172352591230558,3.10533528641721,0.00190063444823052,0.017679050035763,"Cdcp1"
"ENSMUSG00000035513",406.604581053407,-0.808065196006201,0.213075176741038,-3.79239481747932,0.000149201452308399,0.00245214714396462,"Ntng2"
"ENSMUSG00000035540",102.901615961185,2.83918767915105,0.722157937079477,3.93153288688231,8.44059469594227e-05,0.00153087537302547,"Gc"
"ENSMUSG00000035566",1383.40418270006,-0.71128609696078,0.229838277101989,-3.09472428147881,0.00196995931385379,0.0181326029064318,"Pcdh17"
"ENSMUSG00000035578",622.876048078883,-0.752255902548003,0.262584079748223,-2.86481915914056,0.00417247449867736,0.0320607556640305,"Iqcg"
"ENSMUSG00000035638",825.841561235183,1.09048796518396,0.200537236856719,5.43783280490245,5.39325473891158e-08,3.21168319702184e-06,"Muc20"
"ENSMUSG00000035640",710.762869038374,0.58089561879457,0.177857825377782,3.26606725096694,0.00109052347365292,0.0116381134150594,"Cbarp"
"ENSMUSG00000035678",514.294184485612,3.25252315192044,0.334337197349701,9.72827186954748,2.28440769724818e-22,1.27534198472933e-19,"Tnfsf9"
"ENSMUSG00000035805",2512.49604610581,0.807990115664376,0.175531481039737,4.60310658167046,4.16235079021333e-06,0.000130916191667537,"Mlc1"
"ENSMUSG00000035860",1299.94236938537,-1.08593968668199,0.268792556235131,-4.0400660713686,5.34361455988504e-05,0.00105718354498722,"Cdhr3"
"ENSMUSG00000035875",114.472480691286,1.77710427724897,0.424519599869889,4.18615366120584,2.83721311542177e-05,0.000629649842323104,"AI182371"
"ENSMUSG00000035877",1629.42842515467,-0.429018321128755,0.1539132591543,-2.78740326522915,0.00531323146463177,0.0385857236242466,"Zhx3"
"ENSMUSG00000035878",384.105002154657,-0.927536727585763,0.318288322385388,-2.91413998677177,0.00356669930420648,0.0284333257785135,"Hykk"
"ENSMUSG00000035885",3394.74854046911,0.431873470897037,0.1374955881645,3.14099875248611,0.00168372749596292,0.0161719310297729,"Cox8a"
"ENSMUSG00000035900",1838.72389480976,0.540210735936782,0.194445892545058,2.7782059516202,0.00546599609818327,0.0394067878507039,"Gramd4"
"ENSMUSG00000035901",9810.80471743495,-0.328566989623797,0.118189147041184,-2.78000982196194,0.00543572543411042,0.0392360544971243,"Dennd5a"
"ENSMUSG00000035914",570.872963960526,1.30314768239355,0.294889180521887,4.41910985030809,9.91082649533105e-06,0.000261918513815221,"Cd276"
"ENSMUSG00000035934",1095.34298934454,-0.81681809795396,0.264053039066035,-3.09338646827575,0.00197886252110517,0.0181947395468574,"Pknox2"
"ENSMUSG00000035969",4206.83323410411,-0.744053293225369,0.152652443717689,-4.87416562162216,1.09269291456676e-06,4.39661236908451e-05,"Rusc2"
"ENSMUSG00000036006",1152.32603672377,-0.723324843504097,0.189899614856229,-3.80898531074809,0.000139538246364973,0.00232246525714139,"Ripor2"
"ENSMUSG00000036053",1320.74594031683,-0.56975222435344,0.184829686697865,-3.0825796144144,0.0020521482854682,0.0187385041092372,"Fmnl2"
"ENSMUSG00000036086",325.967213079036,1.82810810839762,0.430964234071661,4.24190214377196,2.21633330269691e-05,0.000516229393124906,"Zranb3"
"ENSMUSG00000036098",2989.14426588267,-0.431338546000902,0.154348599231872,-2.79457376450122,0.00519681833662396,0.0380029306523893,"Myrf"
"ENSMUSG00000036106",225.790555294499,0.867438573597659,0.278297799604451,3.11694370142546,0.00182736465332538,0.0171910845348383,"Prr5"
"ENSMUSG00000036110",70.548569665208,2.15281572535222,0.646037649867224,3.33233786884506,0.000861196333870611,0.00964136086376472,"Slc17a2"
"ENSMUSG00000036158",3158.89828532704,-1.03017234310064,0.251368297502241,-4.0982588231575,4.16269664914749e-05,0.000856757783836635,"Prickle1"
"ENSMUSG00000036167",2088.95346651318,-0.615971816663536,0.180583222664547,-3.41101353478318,0.000647218786559737,0.00779848295465087,"Pphln1"
"ENSMUSG00000036206",2526.30028951215,-0.444034322483437,0.151178512830541,-2.93715233844881,0.00331241344000438,0.026837308891464,"Sh3bp4"
"ENSMUSG00000036225",574.485591609561,0.907716277303052,0.186808474917866,4.85907439532465,1.17935815036218e-06,4.66863050040649e-05,"Kctd1"
"ENSMUSG00000036273",6155.39560063313,0.58321282222883,0.175680905468657,3.31972800728124,0.000901051905544556,0.00998591333284956,"Lrrk2"
"ENSMUSG00000036295",491.899773092494,-1.32163675641101,0.256714733191026,-5.14826998818006,2.62899903696605e-07,1.3011139058695e-05,"Lrrn3"
"ENSMUSG00000036306",268.166701200658,-0.953455163447976,0.25342387461616,-3.76229415990146,0.000168361860647671,0.00271460707623703,"Lzts1"
"ENSMUSG00000036334",641.767130338098,-0.845008203411202,0.278470100414706,-3.03446654471266,0.00240961479006351,0.0211536944592062,"Igsf10"
"ENSMUSG00000036356",946.692633842824,-0.73692093954511,0.245249608493703,-3.00477926986795,0.00265773646656884,0.0226962055331034,"Csgalnact1"
"ENSMUSG00000036362",361.105731207097,0.912912348756297,0.256005277315458,3.56599035117302,0.000362484708039319,0.00501048749435252,"P2ry13"
"ENSMUSG00000036368",1110.49398770535,0.538165264200473,0.170738309239125,3.15198895080279,0.00162162409502693,0.0156935614613522,"Rmdn2"
"ENSMUSG00000036372",1201.25000367177,0.50331213879049,0.157596206412995,3.19368181662644,0.00140470849679334,0.0140353005006784,"Tmem258"
"ENSMUSG00000036381",576.710737186414,0.833582330993586,0.229104705765591,3.6384339125992,0.000274300994922534,0.00397758707328821,"P2ry14"
"ENSMUSG00000036395",1888.18612761944,-1.17355900285478,0.18070082941977,-6.49448597786227,8.33173893421153e-11,9.05223738287497e-09,"Glb1l2"
"ENSMUSG00000036526",2576.05383956624,0.924952062353408,0.177998948431544,5.19639059951598,2.03195088836108e-07,1.03421090087096e-05,"Card11"
"ENSMUSG00000036533",2267.12210362889,0.624433025738419,0.202593045705863,3.08220365394481,0.00205474208449826,0.0187385041092372,"Cdc42ep3"
"ENSMUSG00000036551",246.844721712925,-1.07227768399012,0.385172456785941,-2.78388982674853,0.00537112751952419,0.038863990739692,"Akap14"
"ENSMUSG00000036553",1954.61806170503,-0.414924419925569,0.142167880992865,-2.91855246788402,0.00351660689430054,0.028109253765852,"Sh3tc1"
"ENSMUSG00000036565",3647.74525968305,-0.543192721085436,0.140335466842999,-3.87067313278071,0.000108535241720476,0.00189140191450596,"Ttyh3"
"ENSMUSG00000036570",1336.03865458258,-0.683449493921104,0.21954242465862,-3.11306343174373,0.00185156218021378,0.0173365609798319,"Fxyd1"
"ENSMUSG00000036580",1923.74834966764,-0.438350696659395,0.158435963914832,-2.766737335565,0.00566203543354895,0.0404447273172139,"Spart"
"ENSMUSG00000036585",12487.5022066905,-0.462926892513387,0.163831387755786,-2.82563005083888,0.00471877282750253,0.0351208998945047,"Fgf1"
"ENSMUSG00000036591",4396.39370683514,-0.506910031597152,0.142080744784164,-3.56776023638672,0.00036004572669778,0.00498235236828493,"Arhgap21"
"ENSMUSG00000036594",18800.8756256314,0.414873009899688,0.130800950202491,3.17178896068745,0.00151503060436464,0.0148796161335757,"H2-Aa"
"ENSMUSG00000036661",3120.21400326187,-0.45587583238459,0.12987009477865,-3.51024485784493,0.000447694224574848,0.00589941409163736,"Dennd3"
"ENSMUSG00000036718",311.391475792397,0.683164093386376,0.238672866844113,2.86234502656131,0.00420518854127881,0.0322289546503415,"Micall2"
"ENSMUSG00000036731",57.1397913963949,3.69419205494075,1.03163264909095,3.58091812836284,0.000342388938566021,0.00477500264440434,"Cysrt1"
"ENSMUSG00000036751",4465.22770691651,0.436848272997979,0.135382142722583,3.22677913211304,0.00125192055981662,0.0128833875582511,"Cox6b1"
"ENSMUSG00000036768",154.866577142658,1.00720105502947,0.375327218690166,2.68352787880519,0.00728499010937178,0.049186072677221,"Kif15"
"ENSMUSG00000036777",388.354233798496,0.656328287375357,0.215282995731378,3.04867685971027,0.00229851572868193,0.0204120086054788,"Anln"
"ENSMUSG00000036817",3676.55559546341,-0.500949026302427,0.131807661031696,-3.80060629542589,0.000144342483195788,0.00239431612097748,"Sun1"
"ENSMUSG00000036820",746.806397511332,0.712017442052096,0.19272429307845,3.69448724226096,0.000220330955081176,0.00337104011060256,"Amdhd2"
"ENSMUSG00000036833",1570.61860742367,0.716980045683381,0.199217078654394,3.59898885440045,0.00031945687895159,0.00451017472306168,"Pnpla7"
"ENSMUSG00000036853",495.004494864848,1.12816463363233,0.272666845973105,4.13752038538491,3.510792663166e-05,0.000748615095005528,"Mcoln3"
"ENSMUSG00000036862",745.483855929314,-1.071708895692,0.238023315742901,-4.50253746086623,6.71469145883114e-06,0.000192240325179516,"Dchs1"
"ENSMUSG00000036867",3675.24530176208,-1.43712949258536,0.16380922841498,-8.77319004851587,1.73674549179798e-18,6.65465042867115e-16,"Smad6"
"ENSMUSG00000036879",2588.63352644397,0.406543109367974,0.133605429093058,3.04286369294777,0.00234338453283646,0.020725032019368,"Phkb"
"ENSMUSG00000036885",3320.11408086389,-0.623553678928515,0.185376521105019,-3.36371442948409,0.000769010705134734,0.00888739143817288,"Arhgef26"
"ENSMUSG00000036912",277.782488614593,1.34630174147573,0.303045312132258,4.44257570593326,8.88883423208201e-06,0.000239877679087832,"Piwil4"
"ENSMUSG00000036918",3409.89446642563,0.541474043842162,0.148122578053424,3.6555807423691,0.000256600427625246,0.0037767710027293,"Ttc7"
"ENSMUSG00000036960",17.7280668243802,7.54695358009509,1.99433799239777,3.78418984588538,0.000154210081404526,0.00252517241456632,"Clca2"
"ENSMUSG00000036986",1732.61376784733,-0.43007992601106,0.141978093171747,-3.02919919829326,0.00245202948268226,0.0213581212618813,"Pml"
"ENSMUSG00000037003",10993.7518825971,-0.868952673821463,0.189282772158806,-4.59076472682058,4.41624929169182e-06,0.000136028092407025,"Tns2"
"ENSMUSG00000037031",2817.55615726493,-0.541500984145565,0.145421306726394,-3.72367018517022,0.000196347397411422,0.00307158165915505,"Tspan15"
"ENSMUSG00000037035",1180.14445152087,1.52244839605529,0.174671909258569,8.71604600028501,2.88086303476308e-18,1.07222121075088e-15,"Inhbb"
"ENSMUSG00000037071",144138.630340915,1.13103689128968,0.2097467262161,5.39239353907428,6.95252920856437e-08,4.01964188708746e-06,"Scd1"
"ENSMUSG00000037095",6250.82397997404,2.15266648934564,0.185150541701813,11.6265740816062,3.01975323816533e-31,3.85342082855883e-28,"Lrg1"
"ENSMUSG00000037112",924.771322634928,-0.595647169234475,0.206276727557675,-2.88761207474524,0.00388178288017907,0.0304158119098242,"Sik2"
"ENSMUSG00000037129",186.297983277508,1.17108993370455,0.385621750702848,3.03688765369195,0.00239034528305666,0.0210359771822497,"Tmprss13"
"ENSMUSG00000037138",1434.63394303478,-1.18208631655552,0.189544662693215,-6.2364526637649,4.47604674059e-10,4.18662696443143e-08,"Aff3"
"ENSMUSG00000037166",995.632788796252,-0.820693863921356,0.253105586673498,-3.24249604565243,0.00118487592541451,0.0124005907484067,"Ppp1r14a"
"ENSMUSG00000037169",162.526474957402,1.48195357608004,0.422681586585484,3.50607554980475,0.000454766117557414,0.00594336016678612,"Mycn"
"ENSMUSG00000037185",6995.95679262565,-0.669341475828969,0.220945968816044,-3.02943511219366,0.00245011529305401,0.0213579174417408,"Krt80"
"ENSMUSG00000037188",119.430637166966,2.19978464577245,0.707205894054302,3.11052928753382,0.00186752375005449,0.0174585619020007,"Grhl3"
"ENSMUSG00000037202",213.453839926088,-1.125081423285,0.374380669226257,-3.00518033051822,0.00265423434283761,0.0226870725529428,"Prf1"
"ENSMUSG00000037242",22903.7135632024,-0.71681130521221,0.185335606032136,-3.86763947067959,0.000109893977296539,0.00190422493152538,"Clic4"
"ENSMUSG00000037259",408.575977557415,-1.01053867435911,0.316973273153709,-3.18808795550745,0.00143216965252027,0.0142618232119702,"Dzank1"
"ENSMUSG00000037313",264.296108444023,0.944030375398796,0.328365747227004,2.8749355965748,0.00404109917791898,0.0312123808099968,"Tacc3"
"ENSMUSG00000037326",1228.56051503829,0.883737225707802,0.208194480325424,4.24476779752496,2.18819897084261e-05,0.000511029457791955,"Capn15"
"ENSMUSG00000037362",2132.20220067102,2.13085686866094,0.193073068034868,11.0365308344099,2.54677098317441e-28,2.27490318072054e-25,"Ccn3"
"ENSMUSG00000037411",1706.76462496727,0.677985313082631,0.220832387837098,3.07013531721064,0.00213961806637076,0.0193540641801082,"Serpine1"
"ENSMUSG00000037418",210.487952485071,0.847024571798106,0.306001190822777,2.76804338414705,0.00563939480700971,0.0403696133501889,"Best1"
"ENSMUSG00000037434",1638.97791165056,-0.624042057944118,0.230422253473823,-2.70825429634561,0.00676381743379441,0.0465233509628743,"Slc30a1"
"ENSMUSG00000037458",4423.48847197744,0.648112149556621,0.158719035922879,4.08339268058267,4.43829309707447e-05,0.000904106113788317,"Azin1"
"ENSMUSG00000037490",497.743560672091,-0.931565513528917,0.219003963591963,-4.25364682104367,2.10316929307394e-05,0.000493085556702964,"Slc2a12"
"ENSMUSG00000037492",193.494560968047,2.40982607745005,0.306545039597251,7.86124636241433,3.80329910524188e-15,8.71101775835207e-13,"Zmat4"
"ENSMUSG00000037493",549.591455661017,0.815196965869987,0.197345242989932,4.13081639830344,3.61477203539954e-05,0.000766048664441432,"Cib2"
"ENSMUSG00000037600",553.665239262906,0.543950112782489,0.199661963291843,2.72435522427176,0.00644271700038959,0.0448709678842817,"Kdf1"
"ENSMUSG00000037601",497.514800692133,0.548276958657644,0.194176989525618,2.82359387689091,0.00474885164811142,0.0353051330393302,"Nme1"
"ENSMUSG00000037605",1105.26657099936,-1.30635110549631,0.248429042807263,-5.25844760634452,1.45276563064293e-07,7.65594631015809e-06,"Adgrl3"
"ENSMUSG00000037613",238.140030134836,2.1713470532872,0.397077392375317,5.46832203238316,4.54315908020957e-08,2.77008658593665e-06,"Tnfrsf23"
"ENSMUSG00000037624",1553.26984377034,0.459360153219966,0.146078455266234,3.14461261506882,0.00166306888678475,0.0159993137654333,"Kcnk2"
"ENSMUSG00000037627",693.523138010811,-0.926675608126567,0.333365744123043,-2.77975654206551,0.00543996655926099,0.0392508087969296,"Rgs22"
"ENSMUSG00000037664",609.902864000151,-0.599768785737318,0.208862339720726,-2.87159852053405,0.00408401456714244,0.0314893915589123,"Cdkn1c"
"ENSMUSG00000037697",1384.24493598976,0.975652410823269,0.302317375623662,3.22724556870263,0.00124988142326163,0.0128698164994634,"Ddhd1"
"ENSMUSG00000037712",8717.35937327235,-0.568875398744338,0.180003958731284,-3.16034937650217,0.00157580057591919,0.0153622943419093,"Fermt2"
"ENSMUSG00000037725",113.612396884251,1.54625462012559,0.437570931253147,3.53372335702765,0.00040974971220124,0.00546303517457016,"Ckap2"
"ENSMUSG00000037736",26524.9501866644,-0.79852608639652,0.20404883442238,-3.91340675214824,9.10030519616045e-05,0.00163066150781752,"Limch1"
"ENSMUSG00000037742",157489.47192445,0.444382943981008,0.147017334891202,3.02265677928298,0.00250566252569868,0.0217404861688232,"Eef1a1"
"ENSMUSG00000037754",4784.2332241217,-0.909651341932973,0.249564603641619,-3.64495336541898,0.000267440292636378,0.00389708061007251,"Ppp1r16b"
"ENSMUSG00000037762",2007.73979972826,-1.10209522882432,0.226246885186323,-4.87120619546522,1.10919008548657e-06,4.45296199488036e-05,"Slc16a9"
"ENSMUSG00000037780",69.0106093140394,1.34157241918395,0.485126008535467,2.76541021421214,0.00568512531641833,0.0405610078984878,"Mbl1"
"ENSMUSG00000037798",608.629098274129,0.773592358371892,0.229614775850136,3.36908787994026,0.000754173791569561,0.00877740376963532,"Mat1a"
"ENSMUSG00000037805",7128.31678021688,0.509245811137968,0.147367929517431,3.45560810147457,0.000549052975983426,0.00688339046732906,"Rpl10a"
"ENSMUSG00000037846",6606.65697385254,-0.971384213357603,0.153601493081585,-6.32405449888208,2.54787796967444e-10,2.50098021583702e-08,"Rtkn2"
"ENSMUSG00000037855",436.108507033055,-0.818618542081645,0.268353609858876,-3.050521818999,0.00228444081206596,0.0203345964661477,"Zfp365"
"ENSMUSG00000037887",879.927069967966,-0.573968861845719,0.213068051214975,-2.69382884281705,0.00706364273743704,0.0480008281774943,"Dusp8"
"ENSMUSG00000037892",898.467455670557,-0.898044448898439,0.2406293806383,-3.73206483146929,0.000189916604324699,0.00299722626878157,"Pcdh18"
"ENSMUSG00000037902",8944.70724439364,0.718200830000118,0.149489222095241,4.80436529091406,1.55243177953385e-06,5.79001957022386e-05,"Sirpa"
"ENSMUSG00000037926",4855.42629856338,-0.377591646073186,0.129687534705452,-2.91154926285534,0.00359641191187677,0.0286204779320856,"Ssh2"
"ENSMUSG00000037933",4211.68471835601,-0.400951395390414,0.143804161867011,-2.78817657420243,0.00530056445213223,0.0385250544903752,"Bicd2"
"ENSMUSG00000037940",1587.86796371737,1.16579345506211,0.205817378293274,5.66421292861357,1.47700906812326e-08,1.01879409274217e-06,"Inpp4b"
"ENSMUSG00000037973",445.664646921527,-1.02392663270392,0.260198556469584,-3.9351741477613,8.31363912656419e-05,0.00151245583499052,"Itprid1"
"ENSMUSG00000037995",165.86809708718,1.36352428005732,0.420765960534556,3.24057649132324,0.00119288263377168,0.0124261505844496,"Igsf9"
"ENSMUSG00000038007",8305.60106158124,-1.00589300333298,0.209546025586709,-4.8003439841752,1.58393330422758e-06,5.8585856066306e-05,"Acer2"
"ENSMUSG00000038011",1134.68081727906,-0.887885808140018,0.242690474511941,-3.65851115469442,0.000253684701298499,0.00374242542419297,"Dnah10"
"ENSMUSG00000038034",1881.26319975931,0.580476448390438,0.198988193455411,2.91714014942555,0.0035325700557969,0.0282116066369297,"Igsf8"
"ENSMUSG00000038042",396.624301146039,-0.738515630064595,0.236575173734015,-3.12169539351123,0.001798128803119,0.0169876102949344,"Ptpdc1"
"ENSMUSG00000038056",3578.7036289593,-0.45670249435557,0.15725167324965,-2.90427748664091,0.00368101754409645,0.0291108359563007,"Kmt2c"
"ENSMUSG00000038065",1821.89770643852,-0.767368711340925,0.242952083808079,-3.15851874704278,0.00158573110005552,0.0154129957032056,"Mturn"
"ENSMUSG00000038094",724.029958777706,1.21277685026169,0.224559731949306,5.40068711221776,6.63861267304838e-08,3.87577828117678e-06,"Atp13a4"
"ENSMUSG00000038119",953.044054721383,-0.697032126471716,0.202682110132133,-3.43904119617318,0.000583778390382775,0.00724980971923,"Cdon"
"ENSMUSG00000038143",806.93255748417,-0.500793847972158,0.182238648332053,-2.7480112070392,0.00599579596421584,0.0422877595344319,"Stox2"
"ENSMUSG00000038145",5171.74734429587,-0.562998001755628,0.158292058097813,-3.55670403506748,0.000375536832578154,0.00512526013293256,"Snrk"
"ENSMUSG00000038146",2445.54228424892,-0.991485095214946,0.206575199779051,-4.79963275492616,1.58956840497746e-06,5.86728089977732e-05,"Notch3"
"ENSMUSG00000038147",2087.47908854564,0.943793764918953,0.202355372221016,4.66404106083294,3.10059471950259e-06,0.000102768320341213,"Cd84"
"ENSMUSG00000038151",597.439860547064,-0.794684814078153,0.265128866847133,-2.9973530363872,0.00272335131985853,0.0231679387282251,"Prdm1"
"ENSMUSG00000038156",7842.3858914536,-0.75171123171331,0.200960267326535,-3.74059629653993,0.000183584191789035,0.00292050898157712,"Spon1"
"ENSMUSG00000038175",1550.27357278617,-0.586919915665388,0.168521613372151,-3.48275751650488,0.00049627765769592,0.00636925312840345,"Mylip"
"ENSMUSG00000038188",1321.02295792993,-0.632832090639346,0.158238700821443,-3.99922450926488,6.3550374113274e-05,0.0012103703982235,"Scarf1"
"ENSMUSG00000038252",740.726599985606,0.801843018035614,0.259273911444527,3.0926482867798,0.00198379095030642,0.0182306714646215,"Ncapd2"
"ENSMUSG00000038253",813.380518504701,-0.878654328621296,0.263470848779473,-3.33492047674974,0.000853237959850359,0.00958685292624319,"Hoxa5"
"ENSMUSG00000038259",21.9727871165684,2.22656609151474,0.802877961455116,2.77323104931087,0.00555026981016966,0.0398535249833927,"Gdf5"
"ENSMUSG00000038291",5712.30006153837,0.469239177949842,0.142016312852556,3.30412167816958,0.000952744707852213,0.0104634776485934,"Snx25"
"ENSMUSG00000038296",3985.28091384441,-0.768460771983768,0.18304696758581,-4.19816171837713,2.69090445601078e-05,0.000606948685490057,"Galnt18"
"ENSMUSG00000038301",1220.93982025681,0.619403366709016,0.171071592416357,3.62072602446758,0.000293777479100122,0.00420591278437285,"Snx10"
"ENSMUSG00000038319",518.485816732476,-0.732576631086961,0.223553254295916,-3.27696697323518,0.00104928642226731,0.0112992778383396,"Kcnh2"
"ENSMUSG00000038332",1235.86717196082,-0.61322719900077,0.215340458881235,-2.8477100967774,0.00440350175669387,0.0333474814976649,"Sesn1"
"ENSMUSG00000038349",518.982061729669,-0.986715853734955,0.288569930519976,-3.41933011508505,0.00062775517771637,0.00762396074092654,"Plcl1"
"ENSMUSG00000038370",2992.73140642587,-0.791348966523915,0.226079429364037,-3.5003138885744,0.000464710608652645,0.00604665333108485,"Pcp4l1"
"ENSMUSG00000038371",3010.97644094378,-0.461427056840067,0.148413941116039,-3.10905467080949,0.00187686985565479,0.0175275901574871,"Sbf2"
"ENSMUSG00000038379",45.2957476005503,1.85864305734283,0.598295526522901,3.10656352078154,0.00189275639136378,0.0176292938102449,"Ttk"
"ENSMUSG00000038388",682.873506205177,1.18023213625258,0.201356302097243,5.86141145799645,4.58949177453799e-09,3.54940565160698e-07,"Pals2"
"ENSMUSG00000038400",2163.27530151594,0.766957712922607,0.15708086884585,4.88256602193394,1.04714161957799e-06,4.2808203738583e-05,"Pmepa1"
"ENSMUSG00000038402",776.984263641805,-0.944651595597022,0.2946251378167,-3.20628308431962,0.00134461638166697,0.0136022489572369,"Foxf2"
"ENSMUSG00000038415",176.810825080926,1.03358925882246,0.302633859713638,3.4153126811404,0.000637088319655944,0.0077163273428159,"Foxq1"
"ENSMUSG00000038418",2559.7535696181,1.06111680227922,0.301381981377875,3.52083690414387,0.000430187123887354,0.00570751552561746,"Egr1"
"ENSMUSG00000038451",444.672924482027,0.714685411745945,0.227787733615987,3.1375061352109,0.00170391708070508,0.0163132254270076,"Spsb2"
"ENSMUSG00000038456",849.14264689046,-0.639599441139161,0.205200317702446,-3.11695151499045,0.0018273162221341,0.0171910845348383,"Dennd2a"
"ENSMUSG00000038495",5358.09955409785,-0.516822073347834,0.14275344217321,-3.62038256647253,0.000294167742580477,0.00420761146613308,"Otud7b"
"ENSMUSG00000038508",157.751089034191,2.62306640399107,0.459857392818498,5.70408662545166,1.16968584344152e-08,8.52915820125825e-07,"Gdf15"
"ENSMUSG00000038515",510.921726488123,-0.789180820046976,0.202673107053653,-3.893860569464,9.86613724299085e-05,0.00175033308685235,"Grtp1"
"ENSMUSG00000038517",1646.21822957153,-0.544922260708146,0.14248040000011,-3.82454190687087,0.00013101546067275,0.00220188242522435,"Tbkbp1"
"ENSMUSG00000038530",953.835444600124,0.559871244696097,0.166959801468294,3.35332960252961,0.000798455608831579,0.00914971741614891,"Rgs4"
"ENSMUSG00000038564",2178.94728648527,-0.546520869715838,0.192474934826249,-2.83943917273796,0.00451929103912484,0.0339659799806333,"Ift172"
"ENSMUSG00000038572",174.419999453917,-1.05394582831214,0.303952686553027,-3.46746673064285,0.000525388774125526,0.00662858082609641,"Bpifb5"
"ENSMUSG00000038587",8987.01218743503,-0.957605213804635,0.225836561887919,-4.24025767041162,2.23263349367965e-05,0.000517269191820261,"Akap12"
"ENSMUSG00000038600",461.775729377336,1.59708189297073,0.23054681082134,6.92736493417978,4.28751556053968e-12,5.89203580684933e-10,"Atp6v0a4"
"ENSMUSG00000038602",66.4401511907777,2.50222664661044,0.487934174158175,5.12820535869923,2.92517261512761e-07,1.4263997391462e-05,"Slc35f1"
"ENSMUSG00000038604",4174.76728190485,-0.598689558695963,0.15034566736875,-3.98208720725931,6.83127037102831e-05,0.00128193955019349,"Ripor1"
"ENSMUSG00000038605",679.35297611126,0.642993449554112,0.208221479981933,3.08802650720714,0.00201490497718286,0.0184691007785386,"Samd10"
"ENSMUSG00000038642",13625.0126660994,1.25226332748524,0.172723011347267,7.25012444906668,4.16388865214027e-13,7.08455912099866e-11,"Ctss"
"ENSMUSG00000038670",602.13800105132,3.38332532160711,1.15335512476966,2.93346363920895,0.00335202914521595,0.0271178659066037,"Mybpc2"
"ENSMUSG00000038690",2074.71285636415,0.411180384088641,0.142820106482134,2.87900908504138,0.00398926841860993,0.0309038181599429,"Atp5mf"
"ENSMUSG00000038700",436.991270564345,-1.18123811095501,0.305683401434526,-3.86425335955973,0.00011142951689159,0.00192337035678091,"Hoxb5"
"ENSMUSG00000038725",1108.9253238699,-0.960396287349593,0.158527092066685,-6.05824704679246,1.37612936158722e-09,1.18765947076114e-07,"Pkhd1l1"
"ENSMUSG00000038732",725.533536086334,0.789781912800856,0.188616639553896,4.18723350531956,2.82375274253877e-05,0.000628223446394212,"Mboat1"
"ENSMUSG00000038776",5811.43681338568,-0.625734105212316,0.166465546043081,-3.75894063418011,0.000170634315608601,0.00274629013364653,"Ephx1"
"ENSMUSG00000038780",3361.11000322652,0.62210197117523,0.184709469349728,3.36800259004235,0.000757148848194402,0.0087948401644948,"Smurf1"
"ENSMUSG00000038781",1140.55063838058,0.476670378658096,0.161408670577133,2.95318942256146,0.00314508908071894,0.0259152157167711,"Stap2"
"ENSMUSG00000038855",8728.20628448259,-0.777473507445883,0.170188442431795,-4.56830967095467,4.91673251689027e-06,0.000147131367528048,"Itpkb"
"ENSMUSG00000038900",6255.05664191116,0.551642621660777,0.174076230521473,3.1689715477423,0.00152979369973133,0.0149998707166302,"Rpl12"
"ENSMUSG00000039004",4095.10406902857,-1.45120911598928,0.256290141530906,-5.66236807752624,1.49298147557847e-08,1.02585054081574e-06,"Bmp6"
"ENSMUSG00000039005",927.183819036158,0.536485669184106,0.165530821719012,3.24100166731964,0.00119110487228165,0.0124221182389444,"Tlr4"
"ENSMUSG00000039013",945.476343121425,0.881537656818444,0.219173171151875,4.02210568102602,5.76801659065798e-05,0.00111763141423107,"Siglecf"
"ENSMUSG00000039016",671.850530642527,0.511156083929944,0.190613204864754,2.68164046815447,0.00732621498228975,0.0493338977228068,"Timm8b"
"ENSMUSG00000039021",422.549083038902,-0.890109549502572,0.272326909527125,-3.26853321637653,0.00108106487397011,0.0115717339565465,"Ttc16"
"ENSMUSG00000039057",43.6382397956451,-1.72649064172896,0.606872777318168,-2.84489716173874,0.00444257635236087,0.0335028817498696,"Myo16"
"ENSMUSG00000039063",409.10624370819,0.748608837871104,0.237578445762205,3.15099644443501,0.00162714471037862,0.0157384625072626,"Echdc3"
"ENSMUSG00000039081",1911.48105680099,-0.500552115892375,0.142877402356537,-3.50336797587693,0.000459414331556983,0.00599520601407268,"Zfp503"
"ENSMUSG00000039105",3933.25373333924,0.589679791036866,0.130335437970633,4.52432431438739,6.05887573997836e-06,0.000175432439375549,"Atp6v1g1"
"ENSMUSG00000039114",346.820272895658,1.24903462654589,0.291466031251835,4.28535229708015,1.82449832524248e-05,0.000435757521129103,"Nrn1"
"ENSMUSG00000039115",5821.71674039051,0.710047461725181,0.152151353156778,4.66671802119,3.06048878842334e-06,0.000101816819748944,"Itga9"
"ENSMUSG00000039116",3051.79024694147,-1.27641051141714,0.23354224685136,-5.46543731862581,4.61766945625903e-08,2.80594098081862e-06,"Adgrg6"
"ENSMUSG00000039137",287.730451952854,0.978069653133825,0.321491292896421,3.04228971280084,0.0023478580148206,0.0207440570894016,"Whrn"
"ENSMUSG00000039166",1580.40958651072,0.649331978834537,0.149191508383336,4.35233872135757,1.34692949916165e-05,0.000342977824484084,"Akap7"
"ENSMUSG00000039167",5228.97649904136,-0.840022884771743,0.24355440028365,-3.44901543061193,0.000562634549572283,0.00703391618482073,"Adgrl4"
"ENSMUSG00000039195",771.235010407564,0.693339092708434,0.193231935780043,3.58811854732784,0.000333072849810407,0.00466693840146112,"Bbln"
"ENSMUSG00000039202",16473.2456760942,0.664733704376087,0.162288449474988,4.09600132681369,4.20347520802489e-05,0.000864155173663575,"Abhd2"
"ENSMUSG00000039208",701.742795294002,0.696527370845092,0.181649885734667,3.83444981552313,0.00012584566153766,0.00213102629703345,"Metrnl"
"ENSMUSG00000039217",938.368034168762,1.04167205904669,0.185900816127223,5.60337539526352,2.10217254645384e-08,1.39610827295159e-06,"Il18"
"ENSMUSG00000039239",1256.82370545259,-0.747036036108712,0.172775416509751,-4.32374032833861,1.53405851448905e-05,0.000380110337882759,"Tgfb2"
"ENSMUSG00000039304",4661.50505116618,-0.90510758767214,0.280585558291994,-3.2257810885984,0.00125629406259793,0.0129209518873414,"Tnfsf10"
"ENSMUSG00000039349",4992.37701144306,-0.649550045259636,0.204219790288399,-3.18064201487203,0.0014694909396378,0.0145442967515952,"C130074G19Rik"
"ENSMUSG00000039364",51.8047216496765,2.43565783421141,0.581813713114943,4.18631905592474,2.83514750398039e-05,0.000629649842323104,"Sectm1b"
"ENSMUSG00000039391",291.016517565267,-1.29731582740428,0.309783025373795,-4.18782089767151,2.81645635011167e-05,0.000627909246043587,"Ccdc81"
"ENSMUSG00000039395",385.310062036422,1.06943806272587,0.23405156816763,4.56924117662791,4.8949324619759e-06,0.000146724779250335,"Mreg"
"ENSMUSG00000039405",918.267778845454,-0.563762423708505,0.195788849513812,-2.87944091355792,0.00398380940037754,0.0309038181599429,"Prss23"
"ENSMUSG00000039428",1678.22746010015,0.629879555847404,0.179541573629685,3.5082657632631,0.000451038228315448,0.00592049812553672,"Tmem135"
"ENSMUSG00000039458",1970.60288050815,-0.415911572340067,0.149501451330722,-2.78199019901152,0.00540266716439747,0.0390605620768761,"Mtmr12"
"ENSMUSG00000039501",4038.58949347967,-0.388725808969282,0.128560354243659,-3.02368339956916,0.0024971761864751,0.0216879205500135,"Znfx1"
"ENSMUSG00000039518",110.797211208717,2.50482208524039,0.738006526805415,3.39403784961486,0.000688701733138576,0.00815892338363439,"Cdsn"
"ENSMUSG00000039640",1478.56267333287,0.560709697787011,0.179220435193281,3.12860359468668,0.0017563908458941,0.016699266877008,"Mrpl12"
"ENSMUSG00000039648",835.251499337624,0.613231803288717,0.181961205695061,3.37012387308754,0.000751344000060931,0.00876159305554082,"Kyat1"
"ENSMUSG00000039682",2085.15843601482,0.740115568103496,0.171769786139425,4.30876456644561,1.64169011379073e-05,0.000398764523081269,"Lap3"
"ENSMUSG00000039706",2435.18107360158,-0.714751463448953,0.212641238944586,-3.36130219611453,0.000775758989983241,0.00895279997160891,"Ldb2"
"ENSMUSG00000039713",1036.00720109769,-0.668845812865806,0.188219201091509,-3.55354718852846,0.00038007300374111,0.0051674309070281,"Plekhg5"
"ENSMUSG00000039741",1087.85794914227,-0.483895023055898,0.167228893764138,-2.89360894618121,0.00380842145224338,0.0299328857212177,"Bahcc1"
"ENSMUSG00000039760",88.6021995656532,2.60843810969703,0.701368627124969,3.71906870198838,0.000199958664397115,0.00311715666619063,"Il22ra2"
"ENSMUSG00000039765",1304.58209839805,-0.511567178051482,0.159192439235422,-3.21351428816886,0.00131121273959707,0.0133609419154431,"Cc2d2a"
"ENSMUSG00000039801",1033.18098258861,-0.516029865414291,0.183171562828847,-2.81719420550265,0.00484452225985138,0.0358820025589738,"Cplane1"
"ENSMUSG00000039813",1090.80528381368,1.21270284776046,0.20377377413741,5.95122141155762,2.66148743680782e-09,2.19112779071759e-07,"Tbc1d2"
"ENSMUSG00000039831",8276.78008659385,-0.541553423650764,0.16718794019128,-3.23918951947833,0.00119869894694158,0.0124504399343671,"Arhgap29"
"ENSMUSG00000039899",1451.49587971833,-0.401682846454077,0.148121604390479,-2.71184509583868,0.00669098527969494,0.0461166867367863,"Fgl2"
"ENSMUSG00000039910",2567.69311670219,0.548869968923147,0.175334712555837,3.1304124603869,0.00174561017453357,0.0166410489690727,"Cited2"
"ENSMUSG00000039934",4371.33204347043,0.606425178161996,0.195604578412575,3.10026065383248,0.00193350409649876,0.0179160013920904,"Gsap"
"ENSMUSG00000039953",11799.7695282328,-0.405064073522383,0.146661795601188,-2.76189222872914,0.00574674441301091,0.0409026250750757,"Clstn1"
"ENSMUSG00000039959",5465.66250615419,-0.380106157410081,0.129693237780641,-2.93080937691585,0.00338080166236699,0.0272800459341401,"Hip1"
"ENSMUSG00000039960",791.838164392961,0.589202612201278,0.181430740545223,3.24753462632984,0.0011640949864069,0.0122045521902343,"Rhou"
"ENSMUSG00000039982",1398.58642437564,0.745580668499854,0.210602305000771,3.54023033364771,0.000399777957588599,0.00537399037796864,"Dtx4"
"ENSMUSG00000040010",640.771988357969,0.870406418020135,0.253257855367605,3.43683877744576,0.000588545816754598,0.00727638132617363,"Slc7a5"
"ENSMUSG00000040055",336.296946552935,0.942695963075602,0.260585018048036,3.61761382191906,0.000297331586799399,0.00423928874554769,"Gjb6"
"ENSMUSG00000040061",1675.8890232985,1.15301320276305,0.27673171033659,4.16653805724194,3.09260283589266e-05,0.000674595233983178,"Plcb2"
"ENSMUSG00000040084",462.815132923539,1.68438778017189,0.261805891859662,6.43372755367471,1.24511957482186e-10,1.29325937233677e-08,"Bub1b"
"ENSMUSG00000040097",1186.37899189614,-0.476921097946769,0.159282304303633,-2.99418758431342,0.00275176706108912,0.0233540705683407,"Flywch1"
"ENSMUSG00000040111",1887.89621887873,0.504177005553925,0.172409739146028,2.92429539103296,0.00345236961395413,0.0277278684892727,"Gramd1b"
"ENSMUSG00000040151",7011.21535590007,-0.441906042928398,0.136830496398381,-3.22958736948371,0.00123968996617894,0.0127869868624635,"Hs2st1"
"ENSMUSG00000040170",23824.3959972395,-0.827782491723986,0.136000295241552,-6.08662275514735,1.15317249451116e-09,1.00494763972887e-07,"Fmo2"
"ENSMUSG00000040181",14178.1364524266,-1.00779641734635,0.182568121063315,-5.52011167928295,3.38784277694123e-08,2.13865057279347e-06,"Fmo1"
"ENSMUSG00000040189",469.313533305637,-0.727852768714904,0.263809044593233,-2.75901370188872,0.00579761040541461,0.0411990095038711,"Odad1"
"ENSMUSG00000040204",128.827048869039,1.27527314518858,0.367732685186792,3.46793525993155,0.000524473624528019,0.0066217111676276,"Pclaf"
"ENSMUSG00000040219",753.302419253007,-0.681423455205731,0.245307156363181,-2.7778376518167,0.00547219519377939,0.0394145711543194,"Ttc12"
"ENSMUSG00000040249",16419.062044879,-0.44512517208687,0.140031894498658,-3.17874134089599,0.00147916022362505,0.0146157065238173,"Lrp1"
"ENSMUSG00000040260",1171.52561089914,-0.653387575286145,0.178126760967406,-3.66810451016791,0.000244355306609198,0.00363481061829586,"Daam2"
"ENSMUSG00000040263",1351.02915701852,0.691114822358367,0.233064609050124,2.96533577180623,0.00302352728958388,0.0251234023387982,"Klhdc4"
"ENSMUSG00000040265",588.667825821636,-0.566420356821157,0.190938584630208,-2.96650547566458,0.00301204997546315,0.025045069592611,"Dnm3"
"ENSMUSG00000040289",1712.74194850933,-1.23055308825874,0.1824810932675,-6.74345526007382,1.54663616887972e-11,1.95962093312314e-09,"Hey1"
"ENSMUSG00000040339",3436.63659467228,1.12298900948467,0.14798540912988,7.58851170590121,3.236007394175e-14,6.80132612905133e-12,"Eeig2"
"ENSMUSG00000040430",5574.80694747436,-0.921368300893484,0.22268879052615,-4.13747049735442,3.5115558332753e-05,0.000748615095005528,"Pitpnc1"
"ENSMUSG00000040434",379.114670711611,0.758212418980174,0.230951802956576,3.28298982417009,0.0010271237321028,0.0111089032659038,"Large2"
"ENSMUSG00000040447",2806.9123559763,-0.582952052880368,0.182897569076833,-3.187314384892,0.00143600594522886,0.0142905896640302,"Spns2"
"ENSMUSG00000040488",17472.0057027794,-0.98384207995675,0.228141287123636,-4.31242451710891,1.61474017730668e-05,0.000394089252289398,"Ltbp4"
"ENSMUSG00000040498",280.204423881964,1.5391655935557,0.373293472531288,4.12320521738212,3.73636535684929e-05,0.00078161788173434,"Igsf23"
"ENSMUSG00000040511",1512.35502011338,0.629078646346089,0.213204323726078,2.95059047280073,0.0031716714022539,0.0260516569742784,"Pvr"
"ENSMUSG00000040525",480.606690669983,0.841934557112628,0.207522901094269,4.05706817258772,4.96925806155244e-05,0.000998602871424458,"Cblc"
"ENSMUSG00000040532",700.565903972391,0.639667414584604,0.177866677958706,3.59633081320105,0.000322737322897629,0.00454708381196068,"Abhd11"
"ENSMUSG00000040536",91.0059326564243,4.65836431087592,0.868876173618182,5.36136730677919,8.25943820496913e-08,4.65472755620737e-06,"Necab1"
"ENSMUSG00000040562",4946.22591358879,-0.676453184513258,0.159426183818552,-4.24304946848098,2.20502805004527e-05,0.000514266659452464,"Gstm2"
"ENSMUSG00000040564",1072.67130020731,1.83712540580841,0.292269456204151,6.28572492544404,3.26327312953448e-10,3.10097736484753e-08,"Apoc1"
"ENSMUSG00000040584",1168.04790143839,-0.564347588130038,0.195914760105393,-2.8805771848249,0.00396947746428748,0.0308458959980408,"Abcb1a"
"ENSMUSG00000040586",735.204918877836,0.612654111723051,0.212309734367018,2.88566190122946,0.00390591507633916,0.030537931220481,"Ofd1"
"ENSMUSG00000040616",675.361483189547,0.589726087067458,0.205497480201425,2.86974850732681,0.00410798388345094,0.0316332465852806,"Tmem51"
"ENSMUSG00000040618",1418.49800754801,0.483465785810644,0.163095227365399,2.96431596203294,0.00303356635643142,0.02518339356768,"Pck2"
"ENSMUSG00000040653",3781.00751831324,0.793528735510852,0.191753422951478,4.13827676865852,3.49924104966583e-05,0.000747774418089475,"Ppp1r14c"
"ENSMUSG00000040693",3087.3646393044,1.15883137816056,0.186580056468211,6.21090699668639,5.26796466882629e-10,4.85114375301967e-08,"Slco4c1"
"ENSMUSG00000040703",5863.93467204078,-0.842986330455732,0.247018625893477,-3.41264278111261,0.000643362144212002,0.00776598966645096,"Cyp2s1"
"ENSMUSG00000040711",1596.39226141226,0.749205513323247,0.188797732011031,3.96829721068615,7.23880189431592e-05,0.00134429517507229,"Sh3pxd2b"
"ENSMUSG00000040714",363.478562246436,0.998515296045119,0.220272456402132,4.53309193693386,5.81265000718029e-06,0.000169241885584437,"Klc3"
"ENSMUSG00000040717",1242.82585105895,-0.932578156747491,0.219870955777433,-4.24147952352336,2.22051151056138e-05,0.000516529142398164,"Il17rd"
"ENSMUSG00000040723",2606.31221843682,-0.701754412109458,0.193120857820447,-3.63375774128919,0.000279323145825747,0.00403404042051493,"Rcsd1"
"ENSMUSG00000040724",520.326435497739,-0.791148982621407,0.244193159778309,-3.23984907414955,0.00119592982287446,0.0124433816456915,"Kcna2"
"ENSMUSG00000040728",1682.26918978745,0.598379167473339,0.148533789671123,4.02857268233878,5.61165122334486e-05,0.0010956519027875,"Esrp1"
"ENSMUSG00000040732",3642.70450993569,-0.807812729090892,0.259361499940493,-3.11462082566701,0.00184181505622257,0.0172906074510858,"Erg"
"ENSMUSG00000040734",460.053155655185,0.703002230916938,0.209265023287751,3.35938715353436,0.000781155471604899,0.00900925919962655,"Ppp1r13l"
"ENSMUSG00000040747",2759.34056588953,0.440017514925656,0.163784106566212,2.68657029153053,0.00721897571025897,0.0488141563451085,"Cd53"
"ENSMUSG00000040808",2209.73484073667,1.11815697124235,0.163156712144484,6.8532698198292,7.21807551749095e-12,9.69555782856961e-10,"S100g"
"ENSMUSG00000040809",49198.3044178963,2.33500082429557,0.259560591343468,8.99597589992287,2.34142668777485e-19,9.72781111095295e-17,"Chil3"
"ENSMUSG00000040856",3021.86493988316,8.42866382203682,1.02848057761546,8.19525813659869,2.50055945605674e-16,7.32335978400881e-14,"Dlk1"
"ENSMUSG00000040888",475.747262985059,0.641636145344244,0.226863067496888,2.82829705347719,0.00467963616176217,0.0349067641043345,"Gfer"
"ENSMUSG00000040891",40.8652399281595,2.60727418131989,0.73196645595568,3.5620132044381,0.000368021869314098,0.00504970099485128,"Foxa3"
"ENSMUSG00000040907",448.866127124226,-0.992044018137923,0.292833517308667,-3.3877406768715,0.000704708587625471,0.00830997948378154,"Atp1a3"
"ENSMUSG00000040938",1375.29442641687,-0.911049278546213,0.285429686891553,-3.19185186540305,0.00141363812242275,0.0141087402553533,"Slc16a11"
"ENSMUSG00000040950",574.998749722649,-0.594400740904594,0.221118577112484,-2.6881537890967,0.00718482978504941,0.0486938482966266,"Mgl2"
"ENSMUSG00000040969",1595.04329786256,0.55734618190827,0.187159609298014,2.97791913543059,0.00290212541491371,0.0243182319593965,"Arhgef38"
"ENSMUSG00000040987",1478.09976836402,-0.67400584133051,0.250802148491486,-2.68740058801127,0.00720105340050134,0.0487515569174828,"Mill2"
"ENSMUSG00000040998",20208.3931065226,-0.502742602626885,0.159127605818776,-3.15936760337763,0.00158111920946235,0.0153932941019318,"Npnt"
"ENSMUSG00000041084",1886.00176067189,0.566447783545786,0.158246072810151,3.57953770028377,0.000344202590686935,0.00479655170251333,"Ostc"
"ENSMUSG00000041112",2101.99153110576,-0.57265073804148,0.15003926144327,-3.81667259977816,0.000135263464275671,0.00225839419559332,"Elmo1"
"ENSMUSG00000041115",1894.23502680825,-0.490424434193816,0.182183830049178,-2.69192075971525,0.00710418223119719,0.0482204466414658,"Iqsec2"
"ENSMUSG00000041117",474.028427864953,-0.95733280989457,0.283214939105504,-3.38023415331895,0.000724241004729949,0.00850102861333807,"Ccdc8"
"ENSMUSG00000041119",874.646050111243,-0.824165132427358,0.265968777505814,-3.0987288814731,0.00194352783700707,0.017980903577489,"Pde9a"
"ENSMUSG00000041134",6031.01168296549,-1.10295913385746,0.263385049637223,-4.18762999409661,2.81882572251305e-05,0.000627909246043587,"Cyyr1"
"ENSMUSG00000041144",202.250519027235,-1.29074041179642,0.408022735639368,-3.16340316128177,0.001559362203471,0.0152229539699505,"Dnah7b"
"ENSMUSG00000041187",2489.22867224516,-0.501187969189017,0.168578637540295,-2.9730218282801,0.00294883479360933,0.0246172586859022,"Prkd2"
"ENSMUSG00000041189",1377.96996320335,0.594574629522737,0.158019247375143,3.76267220227417,0.000168107480333474,0.00271295405253614,"Chrnb1"
"ENSMUSG00000041202",327.23629315328,1.46956443339042,0.482059166495911,3.04851465448253,0.00229975695887961,0.0204120086054788,"Pla2g2d"
"ENSMUSG00000041219",437.103942434741,0.841235753026205,0.247233696880399,3.4025934314009,0.000667495282467206,0.0079711251479122,"Arhgap11a"
"ENSMUSG00000041247",28669.7362069788,1.16248910154725,0.163155734916657,7.1250275213499,1.04059893347012e-12,1.60261206434859e-10,"Lamp3"
"ENSMUSG00000041261",5218.30394165233,0.586763236972806,0.128241787359797,4.57544493922699,4.75208939610575e-06,0.000143891656036321,"Car8"
"ENSMUSG00000041308",2589.06581339539,-0.541770096373515,0.150087460583515,-3.60969593507148,0.000306556142192871,0.004360370605315,"Sntb2"
"ENSMUSG00000041324",173.282550017204,1.0927005861208,0.378024523185582,2.89055476325372,0.00384562522461656,0.0301721979085529,"Inhba"
"ENSMUSG00000041351",2683.54472930255,1.50324767548933,0.185711954799216,8.09451215520609,5.74943017908687e-16,1.51556884049875e-13,"Rap1gap"
"ENSMUSG00000041355",3741.0796819233,0.554591616017607,0.162860739516704,3.4053119104296,0.000660885221768764,0.00792396945429462,"Ssr2"
"ENSMUSG00000041361",5123.42700261806,-1.17667796308646,0.193757014618874,-6.0729567154047,1.25576312599593e-09,1.08903923523871e-07,"Myzap"
"ENSMUSG00000041362",3181.10614628015,0.435898945852333,0.156107944652142,2.79229187741632,0.00523361233371035,0.0381315188995658,"Shtn1"
"ENSMUSG00000041378",8382.66733947766,-0.800468637515021,0.255509719582816,-3.13283048027288,0.00173129402079936,0.0165398757655511,"Cldn5"
"ENSMUSG00000041380",133.853639560646,1.13777581147671,0.368613883847967,3.08663309042905,0.00202437300678195,0.0185348047432702,"Htr2c"
"ENSMUSG00000041417",4240.05328876511,-0.505198385714239,0.180300669168072,-2.80197731958114,0.00507904442042385,0.0374173726065452,"Pik3r1"
"ENSMUSG00000041420",408.073554784213,0.839234812775726,0.231419219325226,3.6264698118971,0.000287322392188289,0.00413286194560691,"Meis3"
"ENSMUSG00000041431",87.6614323022283,1.69799424106079,0.422267989452425,4.02112943314187,5.79197674181612e-05,0.00112105812017925,"Ccnb1"
"ENSMUSG00000041444",1396.78585691007,-0.718942811455943,0.22797901546368,-3.15354818948448,0.00161298595157825,0.0156268948074541,"Arhgap32"
"ENSMUSG00000041445",2149.86286893963,-0.79218710960517,0.248554496440193,-3.18717673971263,0.00143668954731737,0.0142905896640302,"Mmrn2"
"ENSMUSG00000041449",77.0875830953391,-2.15218239571344,0.534756977352528,-4.02459899891059,5.70724816569801e-05,0.00110826074434995,"Serpina3h"
"ENSMUSG00000041453",4909.43595140487,0.704302404817232,0.15360244576867,4.58522910421579,4.53488897174591e-06,0.000138963621749984,"Rpl21"
"ENSMUSG00000041476",248.127465774325,1.63494098548902,0.303741577817129,5.3826710101353,7.3388598278647e-08,4.21571481751778e-06,"Smpx"
"ENSMUSG00000041479",288.669029345756,-1.0795372194952,0.368993485852709,-2.92562676818126,0.00343763086981702,0.0276387378439609,"Syt15"
"ENSMUSG00000041540",298.563749387054,-1.03245423383132,0.296758269600004,-3.47910855263765,0.000503084756119791,0.0064289049843205,"Sox5"
"ENSMUSG00000041559",576.682864351882,-0.634226360924908,0.217611423612304,-2.91449019723727,0.00356269997454804,0.0284141227880807,"Fmod"
"ENSMUSG00000041577",12469.8939293846,-0.596697839564367,0.218439428078452,-2.73163981801887,0.00630199946238971,0.0441857222902638,"Prelp"
"ENSMUSG00000041605",231.96016761762,2.15935799419175,0.369269000755218,5.84765574628656,4.98548975175383e-09,3.82256542554001e-07,"Inava"
"ENSMUSG00000041638",3141.4775133362,-0.455654625304892,0.132324656636409,-3.44345972162167,0.000574322135478155,0.00715998949777895,"Gcn1"
"ENSMUSG00000041644",123.761318663617,-1.37369674176878,0.477148794874962,-2.87896932052141,0.00398977144848831,0.0309038181599429,"Slc5a12"
"ENSMUSG00000041670",33.2697321079238,2.89095134551992,0.785324704544534,3.68121788196717,0.000232122535415659,0.0035008349088326,"Rims1"
"ENSMUSG00000041695",1602.41638106738,1.49718210279867,0.2151811869219,6.95777416332436,3.45690770340977e-12,4.90140127947743e-10,"Kcnj2"
"ENSMUSG00000041696",1404.41514242286,-0.752615634326619,0.220260574548496,-3.41693303883084,0.000633308545284401,0.00768096209199309,"Rasl12"
"ENSMUSG00000041707",126.972726213043,1.43340204564599,0.384067010182245,3.73216654293172,0.000189839915178731,0.00299722626878157,"Tmem273"
"ENSMUSG00000041729",1811.10143808892,-0.775693438351773,0.158354701267755,-4.8984553798639,9.65929671086814e-07,4.00378969233548e-05,"Coro2b"
"ENSMUSG00000041731",1614.32079869283,-0.631928892098152,0.232896496663348,-2.7133464914743,0.00666074207101189,0.0459439197243368,"Pgm5"
"ENSMUSG00000041734",1069.0966279743,-0.520203625923823,0.165712896923405,-3.13918611998117,0.00169417805106177,0.016237387812349,"Kirrel1"
"ENSMUSG00000041741",2646.92622271357,-1.25180153288673,0.234167957061816,-5.34574221252773,9.00472916940107e-08,4.99594678917236e-06,"Pde3a"
"ENSMUSG00000041762",1755.34575725111,-0.987130023223528,0.219740294816917,-4.49225766282867,7.04720881538901e-06,0.000199623347620947,"Gpr155"
"ENSMUSG00000041773",1115.79637618171,0.631415149755784,0.22061003705319,2.86213246772425,0.00420800991011017,0.0322367483036527,"Enc1"
"ENSMUSG00000041782",994.035309774122,2.13774825530209,0.168997476386066,12.6495868519274,1.12464666106779e-36,2.87025894285372e-33,"Lad1"
"ENSMUSG00000041828",2490.95335205425,-0.69726743246531,0.234034208212715,-2.97933980587812,0.00288870231988576,0.0242405820730322,"Abca8a"
"ENSMUSG00000041841",4950.9906784979,0.40314830150163,0.127696532179869,3.1570810469134,0.00159357047659971,0.0154746515899204,"Rpl37"
"ENSMUSG00000041842",2141.39893711055,-0.760042399181278,0.195605536384469,-3.88558735723815,0.000102082775839262,0.00180208378494902,"Fhdc1"
"ENSMUSG00000041845",350.502519576651,0.665376952404667,0.248318903372636,2.67952597795657,0.00737264822372909,0.049474545899621,"Rhod"
"ENSMUSG00000041920",531.285964637445,0.81488693111866,0.230806040124886,3.53061354320595,0.000414597024716156,0.00551509742855854,"Slc16a6"
"ENSMUSG00000041936",9621.62737958169,-0.462771671663442,0.135393593636738,-3.41797317903431,0.000630893236724644,0.00765686662641696,"Agrn"
"ENSMUSG00000041984",1090.32818541332,5.13808930001712,1.5860841284567,3.2394809378848,0.0011974747043301,0.012445316762211,"Rptn"
"ENSMUSG00000042043",1601.36107124134,0.46920701835867,0.144282936263999,3.25199244282184,0.00114599068787763,0.0120643038532315,"Tbca"
"ENSMUSG00000042046",1796.32089016273,-0.498892046674395,0.141078577893,-3.53627073738137,0.000405818568146179,0.00542660832330202,"Dstyk"
"ENSMUSG00000042064",63.3609431385478,2.27132368473409,0.554172505294975,4.09858602336309,4.15681746526289e-05,0.000856534533067146,"Myo3b"
"ENSMUSG00000042066",4464.83342020939,-1.01379076399656,0.274933432082801,-3.68740446120514,0.00022655311005942,0.00344164227143838,"Tmcc2"
"ENSMUSG00000042099",3301.30934191635,-0.649985778374967,0.178181472020077,-3.64788645534215,0.000264406432742115,0.0038718715772361,"Kank3"
"ENSMUSG00000042105",1297.29766544259,-0.446131402597708,0.154626594274916,-2.88521780286071,0.00391142953354692,0.030554301974996,"Inpp5f"
"ENSMUSG00000042116",393.648292097957,0.763674012065347,0.212272581747243,3.5976102319925,0.000321154401420242,0.00452835310289867,"Vwa1"
"ENSMUSG00000042182",75.866418871383,1.42795861414726,0.456759593304394,3.12628050965892,0.00177032600476433,0.0168138618155847,"Bend6"
"ENSMUSG00000042190",4159.43608807729,-0.892084280521925,0.23452142640193,-3.80384979832523,0.000142464582216966,0.00236536223169712,"Cmklr1"
"ENSMUSG00000042215",292.276858940199,1.00290064740409,0.294669174656036,3.40348001644477,0.000665332800599751,0.00795593740476209,"Bag2"
"ENSMUSG00000042268",5071.3477027074,1.7874555035074,0.208230818756416,8.58401035054438,9.16217234781886e-18,3.147734788342e-15,"Slc26a9"
"ENSMUSG00000042284",7489.21099980734,-0.837960165412698,0.211223954768731,-3.96716445504573,7.27328067918141e-05,0.00134649906045156,"Itga1"
"ENSMUSG00000042286",3408.91667476375,-1.20948250326165,0.186295898125695,-6.49226588148281,8.45548582189579e-11,9.05223738287497e-09,"Stab1"
"ENSMUSG00000042306",1229.57610629662,2.45670431532519,0.164204077123356,14.9612869446575,1.31459040443084e-50,7.82838585838565e-47,"S100a14"
"ENSMUSG00000042348",1321.26313067344,-0.536227941109875,0.167574597518029,-3.19993572445956,0.00137458238446722,0.0138270913842944,"Arl15"
"ENSMUSG00000042351",921.84717109794,-0.447598226501461,0.162999668704395,-2.74600697080677,0.00603254818345862,0.0424823558945725,"Grap2"
"ENSMUSG00000042359",3087.68018333838,-0.649929567381104,0.194183788377278,-3.34698160341976,0.000816966318626282,0.00929754223546607,"Osbpl6"
"ENSMUSG00000042367",281.017834991989,2.76601416610669,0.356278744887146,7.76362386418209,8.25364378321288e-15,1.84314182733873e-12,"Gjb3"
"ENSMUSG00000042377",252.246749360184,0.760606018404644,0.262374625104083,2.89893132044654,0.00374436903300838,0.0295203675086914,"Fam83g"
"ENSMUSG00000042379",655.478726670756,-1.73929606448428,0.261984052850325,-6.63893868943985,3.15949772068497e-11,3.7629617853358e-09,"Esm1"
"ENSMUSG00000042429",739.673066470055,2.1143727765226,0.244852390861055,8.63529561254084,5.85753639531997e-18,2.05186054318414e-15,"Adora1"
"ENSMUSG00000042436",19965.1917523333,-0.615043961679052,0.184097576305916,-3.34085854914803,0.000835197622863593,0.00945551681397851,"Mfap4"
"ENSMUSG00000042444",3187.81781768189,-0.417402826706278,0.136205045392442,-3.06451809845686,0.00218020982564673,0.0196813787444057,"Mindy2"
"ENSMUSG00000042451",41.9753608688217,3.64927165823302,0.872277343425704,4.18361394542383,2.86911179143568e-05,0.000634364878143546,"Mybph"
"ENSMUSG00000042460",2723.96396896289,0.393583256415519,0.143188551385285,2.74870618221764,0.0059830992002836,0.0422482479103029,"C1galt1"
"ENSMUSG00000042462",259.298645526332,0.708851720451729,0.253467168548862,2.79662145006793,0.00516399983961562,0.0377938783837497,"Dctpp1"
"ENSMUSG00000042474",495.09093005762,-1.00562183150456,0.200978134090812,-5.00363801293018,5.62583548512482e-07,2.52453843553803e-05,"Fcmr"
"ENSMUSG00000042489",112.857395631629,1.44689946925229,0.378859716829322,3.81909029907268,0.000133944727572681,0.00224224473628536,"Clspn"
"ENSMUSG00000042498",79.1827446879384,1.56595761980116,0.442730833911395,3.5370421480844,0.000404635086719586,0.00542236354386981,"Radx"
"ENSMUSG00000042507",2920.06422720966,-0.52834582519485,0.136974512537747,-3.85725647353008,0.000114666828469504,0.00196406796798436,"Mideas"
"ENSMUSG00000042523",1188.39937356903,-0.624287423875945,0.22256628283617,-2.80495057885961,0.00503242952441275,0.0371505592783611,"Dnal1"
"ENSMUSG00000042541",2790.96878287254,0.446007040067361,0.165768653184562,2.69053908262614,0.00713366786697205,0.048383817936012,"Sem1"
"ENSMUSG00000042594",2445.38577763608,-0.537332564302431,0.163929734364229,-3.27782245476318,0.00104611171512395,0.011278687864025,"Sh2b3"
"ENSMUSG00000042622",922.700011076373,0.678131407772684,0.180761679276274,3.75152195137685,0.000175764360765074,0.00281112829459986,"Maff"
"ENSMUSG00000042626",3276.26124035697,0.398331208910424,0.13691957579871,2.90923490367823,0.00362314514266271,0.028767772432742,"Shc1"
"ENSMUSG00000042632",1011.19773721105,0.604794991786539,0.221888418063478,2.72567174557763,0.00641707816966565,0.0447292631685825,"Pla2g6"
"ENSMUSG00000042660",571.216901054216,0.554517275701573,0.204175359479343,2.71588734857928,0.00660984045889006,0.045680773616275,"Wdr55"
"ENSMUSG00000042700",3262.35180578121,-0.713014254144541,0.14739679919447,-4.83737949562808,1.31562096072513e-06,5.09221409918794e-05,"Sipa1l1"
"ENSMUSG00000042712",5405.94344964297,1.10281445106828,0.131672447888254,8.37543820863879,5.50187645232798e-17,1.69467280725585e-14,"Tceal9"
"ENSMUSG00000042734",1320.08436430949,0.569709090089931,0.181754887427168,3.13449117189887,0.00172152433787881,0.0164729685571532,"Ttc9"
"ENSMUSG00000042750",825.664224372465,1.78696240917651,0.250243724932687,7.14088798693027,9.27298961971171e-13,1.44053877874913e-10,"Bex2"
"ENSMUSG00000042751",187.231216155942,-0.9711899006337,0.32848361650183,-2.95658550942765,0.00311065965765404,0.0256969616465952,"Nmnat2"
"ENSMUSG00000042784",19052.3664391381,1.18755772633161,0.182922444490879,6.49213785458035,8.46267651301271e-11,9.05223738287497e-09,"Muc1"
"ENSMUSG00000042793",289.282081403239,-1.11483881455938,0.275984162983554,-4.03950285591502,5.35646158174814e-05,0.0010585529442249,"Lgr6"
"ENSMUSG00000042804",697.89322410021,-0.671447928263275,0.242554548389915,-2.76823474439201,0.0056360844055505,0.0403696133501889,"Gpr153"
"ENSMUSG00000042807",1397.818983813,-1.02498748399819,0.242212212948708,-4.2317745728835,2.31854727780015e-05,0.000534592951501295,"Hecw2"
"ENSMUSG00000042812",3888.15826618474,-1.04955715769831,0.214429907123259,-4.89463979991841,9.84859457140261e-07,4.07280421338212e-05,"Foxf1"
"ENSMUSG00000042942",291.666414013485,1.65104182231937,0.474800960247841,3.47733463187932,0.000506425337552777,0.0064623490395574,"Greb1l"
"ENSMUSG00000042961",2181.03343578306,-0.847629606689272,0.189818841286176,-4.46546613047418,7.98946114389515e-06,0.000221289493543701,"Egflam"
"ENSMUSG00000042985",3784.80369436531,-1.10110146575824,0.154005779438566,-7.14974119654697,8.69416584126942e-13,1.37452453764848e-10,"Upk3b"
"ENSMUSG00000043017",398.517480025265,0.883485072725437,0.264751220228926,3.33703871869411,0.000846761510924478,0.00954409740862196,"Ptgir"
"ENSMUSG00000043020",859.10280621363,-1.0340375088817,0.360228240311225,-2.87050650995139,0.00409814758259756,0.0315847310453431,"Dnai3"
"ENSMUSG00000043110",1229.56789992476,-1.13351466558793,0.174621887895588,-6.49125192293016,8.5125993860789e-11,9.05223738287497e-09,"Lrrn4"
"ENSMUSG00000043157",442.997186339743,1.52152961297139,0.284945742775525,5.33971695155321,9.30918077900526e-08,5.14887042157675e-06,"Arl11"
"ENSMUSG00000043164",414.001236238056,-0.971637674292253,0.316923575498086,-3.06584220743187,0.00217057831948979,0.019604338563036,"Tmem212"
"ENSMUSG00000043165",947.272228036436,7.56184293952809,1.84991370856239,4.08767333553334,4.35721100396688e-05,0.000890635864826869,"Loricrin"
"ENSMUSG00000043259",438.764387673259,-0.771812992324792,0.236107267562512,-3.26890823943166,0.00107963307938797,0.0115633363089125,"Fam13c"
"ENSMUSG00000043279",5432.4486684384,-0.408585628965092,0.147444707271257,-2.77111085590484,0.00558654037757016,0.0400817445161811,"Trim56"
"ENSMUSG00000043284",898.325120070937,0.602851312363749,0.182990568873937,3.29443924937495,0.000986182592528065,0.0107493300887821,"Tmem11"
"ENSMUSG00000043333",36.7221555981298,3.16254221606818,0.717828349288016,4.40570816018198,1.05438842323228e-05,0.000277009546780069,"Rhbdl2"
"ENSMUSG00000043384",1339.38132805874,-0.530351436540427,0.163242144405173,-3.24886345050745,0.00115867083965307,0.0121691090831288,"Gprasp1"
"ENSMUSG00000043415",1033.2290075294,-0.780138034981378,0.17045581920859,-4.57677560439699,4.72197488923027e-06,0.000143222549059591,"Otud1"
"ENSMUSG00000043430",117.891218612897,5.80202796214785,1.73385210214744,3.34632230451594,0.000818911482417738,0.0093124466157816,"Psapl1"
"ENSMUSG00000043483",2448.97620421741,0.445223214048125,0.142866914008171,3.11634934609606,0.00183105213346848,0.0172076519539266,"Gm6863"
"ENSMUSG00000043496",660.457041284253,-1.18922480370827,0.269570734625795,-4.41155010895041,1.02633195113222e-05,0.00027043392783152,"Tril"
"ENSMUSG00000043505",527.073072273556,-0.743653800475121,0.237863956927377,-3.1263828706178,0.00176970985233029,0.0168138618155847,"Gimap5"
"ENSMUSG00000043518",299.997684740997,-0.796785349183831,0.289854361575224,-2.74891619658118,0.00597926713802062,0.0422378835194695,"Rai2"
"ENSMUSG00000043531",31.5220263598351,2.88771180493292,0.839844545532142,3.43838847355162,0.000585187532716339,0.00724991350345173,"Sorcs1"
"ENSMUSG00000043556",318.247969618085,-0.963837423829483,0.320339454420081,-3.00880022903936,0.00262281514700388,0.0225128323781371,"Fbxl7"
"ENSMUSG00000043668",301.924611729826,-1.05114143589222,0.31505317590849,-3.33639371468369,0.000848728743561053,0.00955421487316838,"Tox3"
"ENSMUSG00000043681",139.806960999816,6.4746888114828,1.45008940416683,4.4650273237483,8.00585339889957e-06,0.000221400264661518,"Fam25a"
"ENSMUSG00000043716",16733.2734486014,0.378356842230366,0.131230562267099,2.88314578322297,0.00393725178887954,0.0306755356338129,"Rpl7"
"ENSMUSG00000043760",130.095416468288,1.52448473154888,0.464040700164929,3.28523927105327,0.00101895800180571,0.0110392266235652,"Pkhd1"
"ENSMUSG00000043822",1223.46980729619,-0.551984704555666,0.186076521134451,-2.9664392970719,0.00301269826781534,0.025045069592611,"Adamtsl5"
"ENSMUSG00000043943",279.528768659836,-0.973271226428722,0.248916970697422,-3.91002358618533,9.22871093650526e-05,0.00165035956837504,"Naalad2"
"ENSMUSG00000043953",1145.98851489416,-1.01563092421698,0.268999881898013,-3.77558130156369,0.000159634944783957,0.00259970673524648,"Ccrl2"
"ENSMUSG00000044041",9200.89698441496,10.0615460416241,1.46925965632787,6.84803805664346,7.48696509585382e-12,9.98168891324094e-10,"Krt13"
"ENSMUSG00000044066",1235.66066969134,-0.440942709189802,0.161639119530698,-2.72794550273493,0.00637301359011688,0.044526354238341,"Cep68"
"ENSMUSG00000044068",1680.9803992213,-0.407822260271562,0.142459805921933,-2.86271806726344,0.0042002411877388,0.0322186813305941,NA
"ENSMUSG00000044080",5850.77619136817,1.01029536070889,0.17256031769579,5.85473748657535,4.77764057727316e-09,3.67898917728383e-07,"S100a1"
"ENSMUSG00000044086",115.078288757405,2.07626623532415,0.66608352353187,3.11712594888231,0.00182623532729057,0.0171910845348383,"Lmod3"
"ENSMUSG00000044147",3135.50248517825,0.624486730805051,0.136840857441828,4.56359849301973,5.02842028464781e-06,0.000150110928625636,"Arf6"
"ENSMUSG00000044162",74.2406532487107,1.4887632692525,0.436390667217651,3.4115378285805,0.000645975373470119,0.00779226876910444,"Tnip3"
"ENSMUSG00000044197",3554.6737022953,-0.532393530686818,0.180652037735155,-2.94706629031958,0.00320804422929225,0.0262599916363929,"Gpr146"
"ENSMUSG00000044199",696.456493646528,-0.807587047678008,0.260094972676036,-3.10496984762526,0.00190298422719128,0.017679050035763,"S1pr4"
"ENSMUSG00000044279",1228.61839134838,0.701065786766363,0.176632763706531,3.96905858264867,7.21571421561718e-05,0.00134271866675014,"Crb3"
"ENSMUSG00000044303",214.098205930804,2.37800604668529,0.407927583393595,5.82948087722433,5.56000676460139e-09,4.20887800210186e-07,"Cdkn2a"
"ENSMUSG00000044309",88.1933399405867,2.92500798014063,0.74081357210654,3.94837255994545,7.86842846217339e-05,0.0014447016904083,"Apol7c"
"ENSMUSG00000044313",45.6881460316285,2.86763048043718,0.652840136268424,4.39254623165221,1.12030796900986e-05,0.000290483336231657,"Mab21l3"
"ENSMUSG00000044322",106.69536414381,10.1317944905759,2.80315776072346,3.61442178978932,0.000301018665306859,0.0042850186898064,"Dsc1"
"ENSMUSG00000044340",2200.43000133097,-0.693068735364524,0.173487054056898,-3.99493056777147,6.47132150353146e-05,0.00122989530489989,"Phlpp1"
"ENSMUSG00000044433",1191.32040151394,1.13747417312301,0.256107853242165,4.4413873246107,8.93807454048467e-06,0.000240842687278671,"Camsap3"
"ENSMUSG00000044456",3477.74514242836,-0.478721614894041,0.148977205876689,-3.21338833063018,0.0013117879719948,0.0133609419154431,"Rin3"
"ENSMUSG00000044468",2044.86698543199,-0.78461991084748,0.205646572059895,-3.81538045097566,0.00013597327439632,0.00226600983870359,"Tent5c"
"ENSMUSG00000044533",2664.40689128995,0.51776383024985,0.174003375422232,2.97559647330667,0.00292419358219128,0.0244687205366966,"Rps2"
"ENSMUSG00000044534",1298.65647179306,-0.872234688433596,0.219538237012008,-3.97304223767583,7.09604601185652e-05,0.00132560271716784,"Ackr2"
"ENSMUSG00000044562",1759.43072035362,-1.02483384446429,0.242315500490108,-4.22933672171799,2.34381315443226e-05,0.000538667962529683,"Rasip1"
"ENSMUSG00000044573",399.662668164242,0.687000637122655,0.213143596601778,3.22318215548459,0.00126774906729095,0.0129925723272318,"Acp1"
"ENSMUSG00000044583",992.365742579678,0.9786198547673,0.248819434502302,3.93305232255982,8.387397167355e-05,0.0015243219775666,"Tlr7"
"ENSMUSG00000044594",276.018061060455,9.1500741487222,2.05191692343609,4.45928099925201,8.22350503288288e-06,0.000225326560448547,"Serpinb3a"
"ENSMUSG00000044641",3051.04325838538,-0.505743523868015,0.150880148459694,-3.35195537008051,0.000802429533818764,0.00918936129594372,"Pard6b"
"ENSMUSG00000044694",436.520432725536,-0.845778633498189,0.267268858678375,-3.16452368480377,0.00155337018617328,0.0151810494398171,"2010007H06Rik"
"ENSMUSG00000044737",251.172954645312,3.58166473033836,0.432180063714682,8.28743625875098,1.15715577552963e-16,3.44543132163949e-14,"Klk14"
"ENSMUSG00000044772",562.052328391739,-0.720735736716093,0.264234707677444,-2.7276346209443,0.00637902225219641,0.0445509118590652,"Sntn"
"ENSMUSG00000044811",797.282482159639,0.870950505266582,0.227541463694857,3.82765624833355,0.000129369259878715,0.00218402944115065,"Cd300c2"
"ENSMUSG00000044864",3331.03068360355,-0.586435242680673,0.159550180107694,-3.67555362384949,0.000237334181384313,0.0035480963601931,"Ankrd50"
"ENSMUSG00000044894",1589.1948606453,0.515806086506939,0.150178080702522,3.43462963499091,0.000593364187089984,0.00731570131287962,"Uqcrq"
"ENSMUSG00000044948",1294.96820344836,-0.685914701512366,0.253690937247702,-2.70374144600461,0.00685636160069073,0.0469846183338473,"Cfap43"
"ENSMUSG00000045027",126.77826948454,4.012506982991,0.539966808035323,7.43102524688613,1.07759139612902e-13,2.04799683955798e-11,"Prss22"
"ENSMUSG00000045038",1680.52579946398,-1.07480696301811,0.238195248205924,-4.51229388962839,6.41302432291868e-06,0.000183898362004723,"Prkce"
"ENSMUSG00000045045",618.818184363415,0.93637297124847,0.237747383494516,3.93852061581183,8.1985550800885e-05,0.00149608974980369,"Lrfn4"
"ENSMUSG00000045092",6912.37642733928,-1.06262537768141,0.23655164777341,-4.49214954824277,7.0507882646973e-06,0.000199623347620947,"S1pr1"
"ENSMUSG00000045312",1163.83008281902,1.59213590720685,0.290005748243957,5.49001499745281,4.0189961540502e-08,2.49303355180926e-06,"Lhfpl2"
"ENSMUSG00000045314",454.630594404052,1.4511069667755,0.292259417686104,4.96513329925962,6.86538985873608e-07,3.02094063611626e-05,"Sowahb"
"ENSMUSG00000045319",379.290193946123,0.954093300318347,0.278510667305225,3.42569751295285,0.000613222895863038,0.00748819346178618,"Proser2"
"ENSMUSG00000045328",152.550241339535,1.29806382610876,0.325635197638773,3.98625159540863,6.71253332956605e-05,0.00126497265751791,"Cenpe"
"ENSMUSG00000045362",324.515824828131,1.031786004333,0.275951791088421,3.73900818060789,0.000184747715711614,0.00293640386226689,"Tnfrsf26"
"ENSMUSG00000045377",407.346079296829,-0.657658713582672,0.230909715552135,-2.84812058258409,0.00439782579983347,0.0333465646828795,"Tmem88"
"ENSMUSG00000045382",1849.46905916725,-0.775003397738531,0.181235875052383,-4.27621406365892,1.9009844357005e-05,0.000450412293684211,"Cxcr4"
"ENSMUSG00000045394",3781.59426270256,0.782435334840519,0.187646716533132,4.16972569142912,3.04966478538721e-05,0.000666042315292696,"Epcam"
"ENSMUSG00000045414",3204.92152770811,-0.758422940757166,0.154085542711675,-4.92209020658301,8.56247270622014e-07,3.63361263573719e-05,"Dipk2a"
"ENSMUSG00000045498",104.02913827497,-1.13021244606815,0.382952320769691,-2.95131374004094,0.00316425326168279,0.02601444294522,"Pcdhb3"
"ENSMUSG00000045502",457.717484669005,1.24966640577812,0.221665149673542,5.63763138959177,1.72405053644692e-08,1.16667283460698e-06,"Hcar2"
"ENSMUSG00000045539",892.531751448205,13.1959093979742,3.39767573598377,3.88380481934171,0.00010283446835751,0.00181177295582536,"Sprr3"
"ENSMUSG00000045545",131.014966908031,3.46520973221567,0.629163833108798,5.50764292202481,3.63670128754746e-08,2.26375151575036e-06,"Krt14"
"ENSMUSG00000045551",598.712096724211,1.21287282765393,0.186814164678643,6.49240291677192,8.44779579004094e-11,9.05223738287497e-09,"Fpr1"
"ENSMUSG00000045555",176.227637539372,-1.22524907346277,0.400521072021089,-3.0591376061189,0.00221975165222502,0.0199075618810241,"Mettl24"
"ENSMUSG00000045629",941.654170350045,-0.819733376280512,0.243458149689583,-3.36704019695253,0.000759796125984618,0.0088198556144998,"Sh3tc2"
"ENSMUSG00000045636",7351.07857874581,-0.520278980777208,0.176472895209955,-2.94820901622436,0.00319620880574647,0.0262288793360867,"Mtus1"
"ENSMUSG00000045655",607.414916210416,-0.673665830571436,0.245217264756109,-2.74722023035963,0.00601027615024797,0.042356443165357,"Fam216b"
"ENSMUSG00000045680",2623.60089899448,-0.973592957625011,0.277022492498677,-3.51449064241475,0.000440598194663946,0.00581765465459822,"Tcf21"
"ENSMUSG00000045730",1525.58252554261,-0.590146966281436,0.180819804581438,-3.26372969845592,0.00109956013283869,0.0116926439125972,"Adrb2"
"ENSMUSG00000045763",846.014945927728,1.18978331349581,0.322443883571088,3.68989264215181,0.000224348710839166,0.00341396057848526,"Basp1"
"ENSMUSG00000045776",59.9796383149379,2.39159931375501,0.813445544281818,2.94008533277606,0.00328121867824056,0.0266692318866095,"Lrtm1"
"ENSMUSG00000045875",518.819621595897,-1.118130182004,0.332304692393635,-3.36477397881433,0.000766063850034521,0.00886955974132645,"Adra1a"
"ENSMUSG00000045917",1084.78989753497,1.17037694916205,0.225908975888289,5.18074567227821,2.21000646224335e-07,1.1068804011148e-05,"Tmem268"
"ENSMUSG00000045930",12107.3007333093,-1.13534346843151,0.211603235647323,-5.36543529194316,8.07542277388426e-08,4.56542493213425e-06,"Clec14a"
"ENSMUSG00000045954",18472.3266476613,-0.69887907794435,0.216668728671692,-3.2255650468293,0.00125724262951681,0.0129232678805051,"Cavin2"
"ENSMUSG00000045962",21279.0037087607,-0.384031795531287,0.124054491572706,-3.09567022251842,0.00196368624180881,0.0181111278832805,"Wnk1"
"ENSMUSG00000046006",146.413798414169,-1.22437981501756,0.339242396808699,-3.60915919276443,0.000307191061874528,0.00436592547365826,"Gapt"
"ENSMUSG00000046027",785.590244670597,0.512340938243948,0.177735423780725,2.88260453288159,0.00394402249957229,0.0307015084770627,"Stard5"
"ENSMUSG00000046080",766.025570583701,-0.931382351131851,0.261786422120981,-3.55779472283489,0.000373981387997867,0.00511019951661762,"Clec9a"
"ENSMUSG00000046095",25.6798661235556,8.0811648143878,1.83424730274289,4.40571170654219,1.0543711714426e-05,0.000277009546780069,"Krt32"
"ENSMUSG00000046152",231.54915003155,-0.957113365969673,0.30736877141752,-3.1138926754194,0.0018463663825743,0.0173100459344714,"Fut10"
"ENSMUSG00000046159",125.269243785589,-1.32487046466264,0.396931298156702,-3.33778281232841,0.000844497313287904,0.00953060297023904,"Chrm3"
"ENSMUSG00000046215",127.327488051805,-1.13865145827379,0.377026595005467,-3.02008259724298,0.00252705759744708,0.0218730058034845,"Rprml"
"ENSMUSG00000046275",330.54576821112,-0.8683986214965,0.227995632635183,-3.80883884247918,0.000139620917221934,0.00232246525714139,"Trarg1"
"ENSMUSG00000046280",2238.23166735194,-1.11866182772272,0.205506643322525,-5.44343389409108,5.22631344255688e-08,3.12476414695089e-06,"She"
"ENSMUSG00000046314",1264.40712666758,-0.931764343600621,0.278615721190374,-3.34426334457976,0.000825013836765847,0.00935801409131547,"Stxbp6"
"ENSMUSG00000046318",367.209806821841,-0.993596471469084,0.329197450517019,-3.0182386586184,0.00254248589718221,0.0219639799580078,"Ccbe1"
"ENSMUSG00000046329",3318.53100151851,0.386839747411716,0.135456582046727,2.85582096910043,0.0042925710687262,0.0327301673678162,"Slc25a23"
"ENSMUSG00000046352",391.896410685791,1.75336105146746,0.308603311369075,5.68160154759494,1.33439247764262e-08,9.45988952900212e-07,"Gjb2"
"ENSMUSG00000046432",1887.85447787736,0.911765878226745,0.163800595449776,5.56631601810206,2.60181210385624e-08,1.68900204752326e-06,"Bex3"
"ENSMUSG00000046456",133.294940152584,1.61574467444216,0.386556140477191,4.17984480196738,2.91708109847987e-05,0.000640216877448929,"Tmem150b"
"ENSMUSG00000046470",3171.53508822282,-0.95180600894645,0.23957615576901,-3.972874537081,7.10104562177233e-05,0.00132560271716784,"Sox18"
"ENSMUSG00000046532",719.532985086092,-0.85897432166401,0.257944448253192,-3.33007485712917,0.000868226390127893,0.00970035300790169,"Ar"
"ENSMUSG00000046546",1226.93267292334,-0.68395745965981,0.192074352165452,-3.56089947433821,0.000369586568721352,0.00506339267653908,"Fam43a"
"ENSMUSG00000046556",1290.74629793157,-0.44421896941543,0.151754437587373,-2.92722227091165,0.00342004363450809,0.0275469249461168,"Zfp319"
"ENSMUSG00000046572",336.333143790849,-0.729630741806472,0.225416547669996,-3.23681091449698,0.00120873473623478,0.0125400964360246,"Zfp518b"
"ENSMUSG00000046623",92.992502336629,4.02962127591665,0.574746418625079,7.01112898720865,2.36402658795667e-12,3.40591411240693e-10,"Gjb4"
"ENSMUSG00000046722",4828.11214756201,0.397826633471991,0.125151794423362,3.1787529320293,0.00147910107888365,0.0146157065238173,"Cdc42se1"
"ENSMUSG00000046743",820.715732617984,-1.1876381706372,0.246615265554357,-4.8157528609089,1.46645931520237e-06,5.5504863699344e-05,"Fat4"
"ENSMUSG00000046761",861.484524316852,0.644946891687197,0.200410468889324,3.21812974771975,0.00129029436305631,0.0131871331784902,"Fam83h"
"ENSMUSG00000046805",17375.0693109408,1.07588503505722,0.174487852047979,6.16595953488719,7.00569998633397e-10,6.35313859166783e-08,"Mpeg1"
"ENSMUSG00000046916",2001.95339221955,-0.545902416277585,0.182904519824049,-2.98463054277025,0.00283921022900828,0.0239822651258784,"Myct1"
"ENSMUSG00000046971",484.072300916847,1.36420228041011,0.294535069944594,4.63171424939899,3.62650451550868e-06,0.000117795460308295,"Pla2g4f"
"ENSMUSG00000047021",1861.96444190094,-0.908345765685746,0.284007429740306,-3.19831691204814,0.00138232278268503,0.0138893118743915,"Cfap65"
"ENSMUSG00000047037",955.751886442638,-0.538719900111185,0.161589443653332,-3.33388053038251,0.000856434343831716,0.0096106781109005,"Nipa1"
"ENSMUSG00000047040",2689.29909152368,0.599172208529568,0.148431973702427,4.03667884744815,5.4213200609392e-05,0.00106547725950142,"Prr15l"
"ENSMUSG00000047045",5281.26761809401,0.863015171987629,0.168283908637854,5.12832854295553,2.92325962155812e-07,1.4263997391462e-05,"Tmem164"
"ENSMUSG00000047146",182.084952802133,-1.12963922546676,0.307002438310762,-3.67957737300863,0.000233620801535154,0.00351020657647226,"Tet1"
"ENSMUSG00000047230",663.598198952611,5.42958271920885,0.806230498580336,6.73452905685114,1.64461736579551e-11,2.05462162517041e-09,"Cldn2"
"ENSMUSG00000047250",3274.8182897621,0.916037613122545,0.204995790789667,4.46856791348673,7.87450124321884e-06,0.000218783770933289,"Ptgs1"
"ENSMUSG00000047281",632.783013100147,1.58728290834729,0.296382611843906,5.3555196726023,8.53108637187996e-08,4.79269993816463e-06,"Sfn"
"ENSMUSG00000047361",423.132284345024,-1.0875122807898,0.3691527590018,-2.94596817786344,0.00321945519918291,0.0263108724306508,"Gm973"
"ENSMUSG00000047407",963.373784234843,0.780520147542355,0.222206050545436,3.51259628451366,0.000443751186308329,0.00585495933781263,"Tgif1"
"ENSMUSG00000047409",5360.47467188266,-0.490582749151817,0.152122747634852,-3.22491380664113,0.00126010600927403,0.012942170624935,"Ctdspl"
"ENSMUSG00000047414",558.738772505708,-1.18082338709485,0.240131273134845,-4.9174077648427,8.76977543198594e-07,3.67774737306171e-05,"Flrt2"
"ENSMUSG00000047459",2591.40979641041,0.391193136495787,0.135520525282233,2.88659696146465,0.00389432732852469,0.0304606645026679,"Dynlrb1"
"ENSMUSG00000047497",142.334023138913,1.17742981205518,0.340816519732965,3.45473222066146,0.000550839619268507,0.00690094656257496,"Adamts12"
"ENSMUSG00000047501",453.620104514265,1.93512915378813,0.288262947443987,6.71306933807074,1.90572497569707e-11,2.36429004797418e-09,"Cldn4"
"ENSMUSG00000047562",16.0916835026833,4.98072841595844,1.65356405900273,3.01211700196383,0.00259432582405141,0.0223039609464285,"Mmp10"
"ENSMUSG00000047669",524.799277334069,-0.723199657747405,0.245555671559152,-2.94515558592257,0.00322792299740171,0.0263448569756342,"Msl3l2"
"ENSMUSG00000047747",679.175033140478,-0.917637411391457,0.285266723084029,-3.21676991087795,0.00129642523920746,0.0132410715167997,"Rnf150"
"ENSMUSG00000047793",1258.62700300225,-0.946255638732648,0.212336375750822,-4.45639912326226,8.33477931880337e-06,0.000226982976418327,"Sned1"
"ENSMUSG00000047797",397.510043851397,3.12419454896581,0.320160071404806,9.75822667472991,1.70103489425979e-22,9.80289947933909e-20,"Gjb1"
"ENSMUSG00000047798",1213.03137899509,1.43322123008317,0.208464999095145,6.87511686040416,6.19390626349428e-12,8.38288904525192e-10,"Cd300lf"
"ENSMUSG00000047821",2716.02310205507,-0.669777540661508,0.161085756218037,-4.15789425698778,3.21194630033182e-05,0.000695532371580945,"Trim16"
"ENSMUSG00000047844",376.762977367181,1.1857649225134,0.322241598789515,3.67973882629575,0.000233472945667535,0.00351020657647226,"Bex4"
"ENSMUSG00000047854",399.063384410947,0.880286789296302,0.240102722425725,3.66629241185975,0.000246092513891072,0.00365760629006989,"Stx19"
"ENSMUSG00000047867",3740.85883464444,-0.607112364007034,0.199553916805762,-3.04234752053488,0.00234740711949506,0.0207440570894016,"Gimap6"
"ENSMUSG00000047945",778.694440454203,1.08826471526025,0.282776918489231,3.84849202358676,0.000118847166075952,0.00202595860872795,"Marcksl1"
"ENSMUSG00000047963",1098.16771900793,0.678760090887403,0.217516811355789,3.12049485580757,0.00180547451411922,0.0170389868963232,"Stbd1"
"ENSMUSG00000047986",138.658134967801,1.34731159927462,0.348971925284612,3.86080226418154,0.000113015337435289,0.00194323291942391,"Palm3"
"ENSMUSG00000048029",492.138705046092,-1.14991492816563,0.328768762767643,-3.49764046463967,0.000469393457518165,0.00609426898151309,"Eno4"
"ENSMUSG00000048038",1687.12804290976,-1.08056109470305,0.301245463100252,-3.58697881648578,0.000334531488982813,0.00468003527852619,"Ccdc187"
"ENSMUSG00000048126",4003.49533144263,-0.661131655094631,0.198154781802581,-3.33644057983576,0.000848585664319988,0.00955421487316838,"Col6a3"
"ENSMUSG00000048218",939.825513632256,-0.624611865261103,0.190671950970184,-3.27584556660237,0.00105346148437,0.0113374032640181,"Amigo2"
"ENSMUSG00000048234",1361.27712434166,0.676410417256103,0.186024847981487,3.63612939129196,0.000276765351386122,0.00400681766816294,"Rnf149"
"ENSMUSG00000048285",2659.78441655523,-0.505131660541068,0.143032906165856,-3.53157657270373,0.00041309024161935,0.00550324919204302,"Frmd6"
"ENSMUSG00000048327",174.72829218691,1.17420247095216,0.321246893771833,3.65514031020059,0.000257041359411471,0.00377945998838348,"Ckap2l"
"ENSMUSG00000048330",316.247205977646,-0.941282770598489,0.286929297142068,-3.28053907347227,0.00103608912388555,0.0111841282164443,"Ric3"
"ENSMUSG00000048373",636.304101773876,-0.977951235232166,0.276536676708208,-3.53642506619137,0.000405581541834984,0.00542660832330202,"Fgfbp1"
"ENSMUSG00000048455",23.6684949492754,5.56189283283696,1.66275719288139,3.3449819712996,0.000822879191327801,0.00934409260970252,"Sprr1b"
"ENSMUSG00000048480",813.223477313295,3.97386068192098,0.31823880338299,12.4870400456433,8.78620217320004e-36,1.96206877280273e-32,"Cxcr1"
"ENSMUSG00000048498",246.542250913265,-1.18306593189594,0.288124991795258,-4.10608578077334,4.02420090521992e-05,0.000832087374673078,"Cd300e"
"ENSMUSG00000048537",2414.35188682749,-0.716230999134445,0.177195609079751,-4.0420358204931,5.29891353615937e-05,0.00105066692922849,"Phldb1"
"ENSMUSG00000048578",8712.04534411776,0.442994351220896,0.133100676264941,3.32826521736899,0.000873886291868194,0.00974530499639531,"Mlec"
"ENSMUSG00000048582",74.2790389431785,3.61433586907882,0.56345459082401,6.41460009012106,1.41193002693504e-10,1.44966263972382e-08,"Gja3"
"ENSMUSG00000048677",659.778422151815,0.667852008757491,0.196290994636799,3.40235684267243,0.000668073452923746,0.00797270022477136,"Tpcn2"
"ENSMUSG00000048707",461.38586782336,0.591785009184688,0.220261647802803,2.68673650219173,0.00721538477946047,0.0488083487637491,"Tprn"
"ENSMUSG00000048721",26.8036123522552,2.59187355079229,0.886797826187131,2.92273331559268,0.00346973557370793,0.0278383783883942,"Fndc9"
"ENSMUSG00000048776",126.896494334163,2.57543267490493,0.413062659468432,6.23496851111945,4.51868976854350e-10,4.20449962057446e-08,"Pthlh"
"ENSMUSG00000048834",219.091744673728,0.746204601172743,0.276611997077858,2.69765812421617,0.00698291126823447,0.0475962265574242,"Vstm2a"
"ENSMUSG00000048922",100.882410407593,1.30638768781216,0.456908557648957,2.85918848737314,0.00424726338070684,0.0324539607768724,"Cdca2"
"ENSMUSG00000048960",6945.31482475763,-0.760346408431172,0.243449114717479,-3.12322519354218,0.00178880824356055,0.0169240610824609,"Prex2"
"ENSMUSG00000048965",279.75503923731,0.736580072615601,0.259668308413503,2.83661905881348,0.0045593975591762,0.0342242173927238,"Mrgpre"
"ENSMUSG00000048970",1062.90282360175,0.682914364241422,0.167831132081834,4.06905653182649,4.7203894091494e-05,0.000951803124090904,"C1galt1c1"
"ENSMUSG00000048988",876.298326280697,0.658407623777205,0.193699322960193,3.39912196756885,0.000676025620967935,0.00803539435701408,"Elfn1"
"ENSMUSG00000049037",292.535312511542,-0.963373553599331,0.262935751313765,-3.66391237701914,0.000248391789697155,0.00367648659729882,"Clec4a1"
"ENSMUSG00000049076",3760.15787745495,-0.468786221286736,0.164330032889923,-2.85271178397898,0.00433479170885034,0.0329493109983515,"Acap2"
"ENSMUSG00000049091",1218.88071381631,0.650232073352042,0.197439063804089,3.29333041204673,0.000990080491981088,0.0107852365788062,"Sephs2"
"ENSMUSG00000049115",334.806537365523,-1.05962867998948,0.290999301475147,-3.64134441085586,0.00027121801701321,0.00393607625827864,"Agtr1a"
"ENSMUSG00000049128",148.34126024173,3.55317897439739,0.424675721350129,8.36680506034376,5.92015193616166e-17,1.7926019379581e-14,"Ivl"
"ENSMUSG00000049265",575.906734647392,-0.708229783828595,0.194478719558478,-3.64168267580369,0.000270861820351305,0.00393410278095615,"Kcnk3"
"ENSMUSG00000049281",2664.40729295784,-0.625296406120296,0.193911229570581,-3.22465288629762,0.00126125491508603,0.012942170624935,"Scn3b"
"ENSMUSG00000049288",1504.31586221923,-0.755458393592896,0.208390854098256,-3.62519937288946,0.00028873860887875,0.00414655566528847,"Lix1l"
"ENSMUSG00000049295",1791.04951454786,0.649866522007158,0.189622494632592,3.42715943731424,0.0006099308393193,0.00746329756468445,"Zfp219"
"ENSMUSG00000049299",1005.66915571612,0.476757922497061,0.17598507939423,2.70908149792097,0.00674697643449722,0.0464523225111306,"Trappc1"
"ENSMUSG00000049303",84.9813851675837,2.19657990500665,0.464884252402987,4.7250038986103,2.30110941641067e-06,7.95151251918311e-05,"Syt12"
"ENSMUSG00000049307",421.067751982374,0.928094201933841,0.278920236199411,3.32745380751187,0.000876435181320593,0.00976727628203011,"Fut4"
"ENSMUSG00000049327",2576.43889835838,0.483925842183978,0.138872304475132,3.48468216188227,0.00049272194536558,0.00634066584053642,"Kmt5a"
"ENSMUSG00000049382",8175.42096743028,0.635983948710114,0.184152900430122,3.45356465863236,0.000553229663002859,0.00692118202349165,"Krt8"
"ENSMUSG00000049409",76.0272268602194,1.43875183472966,0.437229947786981,3.2906067894293,0.000999715481090657,0.0108835570199175,"Prokr1"
"ENSMUSG00000049420",189.799090455641,-1.01672724315933,0.334534525191965,-3.0392296357929,0.0023718398704021,0.0209145702293848,"Tmem200a"
"ENSMUSG00000049439",1059.89856017907,-0.496016405793754,0.176012797634577,-2.81807012023945,0.00483132575355105,0.0357991018611321,"Cyp20a1"
"ENSMUSG00000049517",3074.01248222147,0.424428474151181,0.132806395121028,3.19584364717071,0.0013942264223796,0.0139618021501186,"Rps23"
"ENSMUSG00000049521",3782.87137481756,-0.708548644045645,0.162889799308089,-4.34986504406885,1.36221341024288e-05,0.000346172725092305,"Cdc42ep1"
"ENSMUSG00000049571",811.240669838461,-0.955933487075006,0.317785848292512,-3.00810590594676,0.00262881509788602,0.0225354038981448,"Cfap46"
"ENSMUSG00000049580",580.185313270901,-0.826345077748466,0.228397529673049,-3.61801232671553,0.000296874260188439,0.00423614908807226,"Tsku"
"ENSMUSG00000049598",36.4974542968397,2.99986463683658,0.808964776416062,3.70827596490272,0.00020867516912289,0.00322768995357613,"Vsig8"
"ENSMUSG00000049690",5332.1290877332,-0.473927173733679,0.152955470827664,-3.09846500533254,0.00194525942169182,0.0179864657908255,"Nckap5"
"ENSMUSG00000049723",304.602780111062,1.93169478718769,0.310123336296666,6.22879532464407,4.70035374304289e-10,4.35087148287364e-08,"Mmp12"
"ENSMUSG00000049775",63399.3644441445,0.522759152333255,0.135063392687575,3.87047253834714,0.00010862459357868,0.00189140191450596,"Tmsb4x"
"ENSMUSG00000049791",4263.12367464141,-0.776401950588709,0.165213194566908,-4.69939433484098,2.60934186238026e-06,8.87921759455683e-05,"Fzd4"
"ENSMUSG00000049800",2449.79465946756,-0.576352624357628,0.178975066492002,-3.2202956291869,0.00128058463755201,0.0131028892038183,"Sertad2"
"ENSMUSG00000049804",2900.64459660193,-0.963221285752159,0.202932931608103,-4.74650062027537,2.06966090248005e-06,7.29279921554361e-05,"Armcx4"
"ENSMUSG00000049807",2441.54212213302,-0.72300721441796,0.187712619022784,-3.85167080498836,0.000117314660213523,0.00200174441711041,"Arhgap23"
"ENSMUSG00000049811",766.417419708816,-0.755578461997775,0.269407500428519,-2.80459326780417,0.00503801094103478,0.0371764004384909,"Fam161a"
"ENSMUSG00000049848",26.1604110193328,3.74094562947213,0.992830926363639,3.76795840070553,0.000164588121005215,0.00266337570811428,"Ceacam19"
"ENSMUSG00000049882",478.21154714895,1.41472884245281,0.224074454991248,6.31365517549987,2.72520798686159e-10,2.645969602461e-08,"Vcpkmt"
"ENSMUSG00000049907",769.235155430723,-0.482660833480616,0.170180439583675,-2.83617103505776,0.00456579876595837,0.034257872723161,"Rasl11b"
"ENSMUSG00000049939",62.7528274857023,1.35485597586333,0.473858736678145,2.85919804995296,0.00424713534253987,0.0324539607768724,"Lrrc4"
"ENSMUSG00000050064",568.463930133999,-0.875578210874888,0.227078170658013,-3.85584492044167,0.000115330587579291,0.00197354496849046,"Zfp697"
"ENSMUSG00000050069",1872.53214381531,-0.801234859209041,0.231783547336783,-3.45682369786516,0.000546582316183386,0.00685722828554508,"Grem2"
"ENSMUSG00000050103",672.024702841577,-0.809565710159605,0.230899036081507,-3.50614590644645,0.000454645920216683,0.00594336016678612,"Agmo"
"ENSMUSG00000050122",297.576357487451,-1.13494513018725,0.420887077979728,-2.69655494208809,0.00700608388491851,0.0476995764497215,"Vwa3b"
"ENSMUSG00000050148",1977.69168387316,-0.415400391465819,0.14097140385222,-2.94669968599647,0.00321184967128354,0.0262607296922107,"Ubqln2"
"ENSMUSG00000050211",46.228657139787,2.45840559645844,0.821597365980406,2.99222672595213,0.00276950495023683,0.0234490951141003,"Pla2g4e"
"ENSMUSG00000050234",1734.32845279864,-0.887309161775485,0.216232106862489,-4.10350328936008,4.06940664323893e-05,0.000839491335813666,"Gja4"
"ENSMUSG00000050248",612.023154820235,-0.875725191702409,0.236803569404799,-3.69810807287882,0.000217212411447443,0.00333090105623054,"Evc2"
"ENSMUSG00000050296",59.4396756511965,3.70405840266133,1.09221956282766,3.39131300035667,0.000695586126490192,0.0082295669865876,"Abca12"
"ENSMUSG00000050335",7588.53807401564,1.01228435238258,0.182587871825341,5.54409415183339,2.95479820880784e-08,1.87189609930326e-06,"Lgals3"
"ENSMUSG00000050359",268.289982246067,5.15883791115457,1.11658364542721,4.62019834544572,3.8337336523518e-06,0.000123404777836513,"Sprr1a"
"ENSMUSG00000050370",475.391583647045,2.16739887947201,0.304588641289271,7.11582306647347,1.11246934177154e-12,1.69865511032039e-10,"Ch25h"
"ENSMUSG00000050390",4154.36478910493,0.919151668197518,0.212711696543982,4.32111483821232,1.5524284736914e-05,0.000383068158598022,"Nhsl3"
"ENSMUSG00000050447",112.428767633206,-1.11018458538376,0.413779420520965,-2.68303480145531,0.00729573978299052,0.0492214468365278,"Lypd6"
"ENSMUSG00000050463",267.65000365303,5.62905164504228,1.76991771032443,3.18040302789584,0.00147070352649012,0.0145482383725061,"Krt78"
"ENSMUSG00000050493",72.8422317908006,1.57493352263641,0.584021138258657,2.69670636808164,0.00700289906030033,0.047696070038988,"Fam167b"
"ENSMUSG00000050530",2528.2465213941,-0.812947415009017,0.193692838620615,-4.19709588025261,2.70359494217291e-05,0.000608308861988905,"Fam171a1"
"ENSMUSG00000050578",121.673109983378,3.43385755287286,0.51586088228467,6.65655736031935,2.80315764685472e-11,3.38367644331484e-09,"Mmp13"
"ENSMUSG00000050708",11037.0976088295,0.484354469058883,0.15079468280373,3.21201291751981,0.00131808448595767,0.0134174241262871,"Ftl1"
"ENSMUSG00000050730",889.458087916463,-0.698887841317021,0.215619796227922,-3.24129719786145,0.00118987063147741,0.012417482139765,"Arhgap42"
"ENSMUSG00000050732",8854.39106712667,0.42628569246544,0.144481778250094,2.95044605367157,0.00317315452426699,0.0260516569742784,"Vamp8"
"ENSMUSG00000050737",1386.085696268,0.816547838529089,0.187773919589144,4.3485689616307,1.37028731562034e-05,0.000346287060746153,"Ptges"
"ENSMUSG00000050910",823.630663329577,-0.791813859701606,0.214330634490071,-3.69435690602729,0.000220443990841156,0.00337104011060256,"Cdr2l"
"ENSMUSG00000050914",168.707542433547,1.8494137153468,0.309852894442613,5.96868303803862,2.39176229373e-09,1.97818673043919e-07,"Ankrd37"
"ENSMUSG00000050919",1184.07229635455,-0.99525684061966,0.247891290321432,-4.01489233175214,5.94729378806379e-05,0.00114615322032103,"Zfp366"
"ENSMUSG00000050953",5099.30038990636,0.970484206376565,0.142171327084778,6.82615986131901,8.72177379364256e-12,1.15418139869203e-09,"Gja1"
"ENSMUSG00000051048",87.7901420748079,1.19775850867301,0.399794977988005,2.99593185162258,0.00273607573365523,0.0232540404289965,"P4ha3"
"ENSMUSG00000051212",264.821915141445,-0.804144376458202,0.250508440927319,-3.21004902462154,0.00132712335580778,0.0134685800960262,"Gpr183"
"ENSMUSG00000051225",148.544084546187,2.99319040181914,0.483800539876526,6.18682732884723,6.13871418956886e-10,5.6240066152127e-08,"Fam83a"
"ENSMUSG00000051335",1174.0087174084,-0.675852224312355,0.157397605364606,-4.29391681497802,1.75548270739869e-05,0.000421528206554806,"Gfod1"
"ENSMUSG00000051339",3140.69369703294,-0.621519671376872,0.167916466717776,-3.70136225187185,0.000214445063606888,0.00329979419581141,"2900026A02Rik"
"ENSMUSG00000051359",1968.97740713811,-0.788282107669247,0.282262590656798,-2.79272611306723,0.00522659247691914,0.0380959096695881,"Ncald"
"ENSMUSG00000051375",6947.51620483389,-1.08459453690305,0.206649703411893,-5.24846887750543,1.53368543659826e-07,8.03498249994954e-06,"Pcdh1"
"ENSMUSG00000051378",77.3204730262776,1.60268351282692,0.523086724517702,3.06389636308326,0.00218474580204754,0.0197123655321107,"Kif18b"
"ENSMUSG00000051427",1466.8261731738,-0.512345016809256,0.186159683532209,-2.75218031685476,0.00591999144818995,0.0419019996917248,"Ccdc157"
"ENSMUSG00000051439",1267.40823213179,1.23167527550583,0.19912549456275,6.18542230471498,6.19364349468734e-10,5.64537964451986e-08,"Cd14"
"ENSMUSG00000051457",1752.21460375762,-0.47656406141602,0.143005911294209,-3.33247805704741,0.000860762579528785,0.00964136086376472,"Spn"
"ENSMUSG00000051486",123.828877150637,-0.989911322471276,0.365849111301676,-2.70579124532847,0.00681418665092791,0.0467917649007195,"Pcdhb11"
"ENSMUSG00000051579",1586.35272083628,0.462888423102893,0.150763119217462,3.07030277368577,0.00213841868052426,0.019353014046386,"Tceal8"
"ENSMUSG00000051726",86.2971206779153,2.13703773238409,0.478754066778243,4.46374846853042,8.05381046567495e-06,0.000221776769383172,"Kcnf1"
"ENSMUSG00000051748",276.149118993551,1.38364962467034,0.26644854292693,5.19293372548033,2.0700588972816e-07,1.05061369886181e-05,"Wfdc21"
"ENSMUSG00000051906",85.4519330240344,-1.18421922273581,0.422366258228728,-2.80377326470645,0.00505084105501198,0.0372403117820013,"Cd209f"
"ENSMUSG00000052040",4483.38876902248,-0.531685962697442,0.146879250967766,-3.61988476380592,0.000294734246455828,0.0042123418503467,"Klf13"
"ENSMUSG00000052062",1461.62828408086,-0.597215473592611,0.175265489833655,-3.40749039733623,0.000655632154388963,0.00788214565152007,"Pard3b"
"ENSMUSG00000052151",953.239356174911,1.13628936548686,0.174728296790417,6.50317885745667,7.86402009021955e-11,8.61906250992468e-09,"Plpp2"
"ENSMUSG00000052188",140.824075406221,-1.38611867417036,0.413657896771885,-3.35088169472259,0.00080554708870641,0.00920735683924506,"Gm14964"
"ENSMUSG00000052212",1527.22582528147,2.19322536929577,0.192631174170964,11.3856201039881,4.93161722476687e-30,5.18254951296825e-27,"Cd177"
"ENSMUSG00000052214",1659.66350980528,0.511697559911418,0.16908797060846,3.02622095510451,0.00247631272226166,0.0215365124882527,"Opa3"
"ENSMUSG00000052229",66.6611090139457,-1.61465048266862,0.472680186582653,-3.41594703671015,0.000635606079158917,0.00770359742481279,"Gpr17"
"ENSMUSG00000052270",818.756489315874,0.971224614759588,0.19628128102405,4.94812653398459,7.49311943403825e-07,3.24914025944401e-05,"Fpr2"
"ENSMUSG00000052271",166.665629182832,1.12186646843018,0.363531665444664,3.08602131552402,0.00202854279559848,0.0185560251118109,"Bhlha15"
"ENSMUSG00000052273",1441.93110896253,-1.08664487206472,0.252203017512782,-4.30861170013421,1.64282501532502e-05,0.000398764523081269,"Dnah3"
"ENSMUSG00000052305",37003.0617491305,-0.93485228060445,0.193684430047148,-4.82667749997706,1.38829661037945e-06,5.32230020266713e-05,"Hbb-bs"
"ENSMUSG00000052331",4386.89351423638,-0.76645765047118,0.154721385955446,-4.95379255904477,7.27807958446268e-07,3.1817646651333e-05,"Ankrd44"
"ENSMUSG00000052435",23.584943747993,-2.4802109239051,0.789914461210022,-3.13984747171967,0.00169035819866519,0.0162094735475865,"Cebpe"
"ENSMUSG00000052485",176.163758257734,2.06034063095523,0.375978829011602,5.47993789004447,4.25475169267217e-08,2.62107375826167e-06,"Tmem171"
"ENSMUSG00000052534",4517.40938546968,-0.510198156635041,0.158718296979106,-3.21448860242121,0.00130677102592648,0.0133279100455281,"Pbx1"
"ENSMUSG00000052566",841.888837127307,0.79679168243567,0.244206635539577,3.26277654444218,0.00110326473192943,0.0117111256303739,"Hook2"
"ENSMUSG00000052593",4016.81021993687,0.504896485247732,0.138891290393056,3.63519183829958,0.000277773855667109,0.00401816188784851,"Adam17"
"ENSMUSG00000052609",1013.73875629304,-0.475542169776992,0.16104058582682,-2.95293368026108,0.00314769580066021,0.0259152157167711,"Plekhg3"
"ENSMUSG00000052632",1447.9889344569,-0.684974166198193,0.149904790200077,-4.56939478240796,4.89134652429206e-06,0.000146724779250335,"Asap2"
"ENSMUSG00000052684",6904.7048433931,-0.483655842718737,0.155033200973163,-3.11969203811033,0.00181040207928127,0.0170764694542555,"Jun"
"ENSMUSG00000052727",1981.69560214506,-0.661316660543876,0.208938687895733,-3.16512306650406,0.00155017369433743,0.0151581023805901,"Map1b"
"ENSMUSG00000052854",17.1961626074781,7.49772047014892,1.7033533377114,4.40174114445493,1.07385628267503e-05,0.000280884955929566,"Nrk"
"ENSMUSG00000052861",2367.93883207585,-1.07194449220193,0.290170001680579,-3.69419473409912,0.000220584712526974,0.00337104011060256,"Dnah6"
"ENSMUSG00000052911",7092.36703220642,-0.402505508671049,0.137625088870719,-2.92465212537774,0.00344841482721198,0.0277129693603877,"Lamb2"
"ENSMUSG00000052920",776.385995179205,-1.09543566449073,0.298856115008527,-3.66542830973853,0.00024692497722583,0.00366692827775516,"Prkg1"
"ENSMUSG00000052921",4667.71142085339,-0.88357342886322,0.217980773475095,-4.05344661722733,5.04685204369664e-05,0.00101159170559474,"Arhgef15"
"ENSMUSG00000052957",765.453927305537,-0.91398369185624,0.2134698591692,-4.28155850860332,1.85588911530499e-05,0.000441484141743325,"Gas1"
"ENSMUSG00000052974",71756.7617552392,-1.07175873961661,0.265783368250275,-4.03245224361589,5.51978344144781e-05,0.00108244710407755,"Cyp2f2"
"ENSMUSG00000053080",969.913655300882,-0.581726700535878,0.165374290153131,-3.51763687086558,0.000435407742265234,0.00576189578930993,"Zfta"
"ENSMUSG00000053093",5759.54403626721,1.76012694088237,0.142310249788212,12.3682373089908,3.88248188099422e-35,7.70672653377352e-32,"Myh7"
"ENSMUSG00000053113",1631.35634056397,0.828641321619,0.214082891738318,3.8706564307431,0.000108542678751586,0.00189140191450596,"Socs3"
"ENSMUSG00000053153",878.86170092953,-0.846887566483226,0.315855582279566,-2.68124932404595,0.00733478449933996,0.0493543973938638,"Spag16"
"ENSMUSG00000053173",468.895501163195,0.644590287198479,0.210604716825256,3.06066405783927,0.00220846733289029,0.0198561997494137,"Rpl18-ps2"
"ENSMUSG00000053175",722.234452381494,1.05904964111697,0.241519294850842,4.38494838174737,1.16013285027236e-05,0.000299505395521902,"Bcl3"
"ENSMUSG00000053198",6412.25497334589,-0.844848566957181,0.202916883993207,-4.16352030610456,3.13378141393794e-05,0.000681912362484791,"Prx"
"ENSMUSG00000053219",61.0636764368469,2.00269019658086,0.626245511132654,3.19793141983359,0.0013841719410749,0.0138928164973397,"Raet1e"
"ENSMUSG00000053279",29229.0380773985,-0.929300077802859,0.17858404697648,-5.20371272538835,1.95345905947078e-07,9.97101317069871e-06,"Aldh1a1"
"ENSMUSG00000053297",31.6812809190002,-1.89347546655538,0.694499393526365,-2.72638894173995,0.00640314966467957,0.0446670319248343,"AI854703"
"ENSMUSG00000053398",716.443727397454,1.13093805147671,0.223421420459754,5.06190520653515,4.15087409152524e-07,1.95660595369653e-05,"Phgdh"
"ENSMUSG00000053411",1754.08272113689,-0.545920371744835,0.163310529620914,-3.34283633157064,0.000829267946385515,0.00940029940493479,"Cbx7"
"ENSMUSG00000053414",430.07432048104,-0.774526102821139,0.218558652712937,-3.54379061733342,0.000394418347923713,0.00532598925597667,"Hunk"
"ENSMUSG00000053460",2371.19106636398,0.778017036947303,0.223491451458075,3.48119371846871,0.000499184320034819,0.006397365765726,"Ggcx"
"ENSMUSG00000053522",228.678343760682,4.76614799602929,1.2169601548131,3.9164371792939,8.9867219315077e-05,0.00161516888638214,"Lgals7"
"ENSMUSG00000053580",2382.51887145369,0.527755800529351,0.195050043848426,2.70574561336408,0.00681512299309668,0.0467917649007195,"Tanc2"
"ENSMUSG00000053617",5627.99506159557,-0.565959205788191,0.173252926699453,-3.26666461900512,0.00108822517534422,0.0116274777257921,"Sh3pxd2a"
"ENSMUSG00000053626",251.256660041054,-0.937907949708266,0.279882288057035,-3.35108004232528,0.000804970315799707,0.00920665473224185,"Tll1"
"ENSMUSG00000053641",2071.61663620933,-0.49274905499613,0.137176408892514,-3.59208306278253,0.00032804524616089,0.00461458923044434,"Dennd4a"
"ENSMUSG00000053716",2523.19789674701,-0.464194153551936,0.140362862347291,-3.30710093673788,0.000942669184957747,0.010370509785,"Dusp7"
"ENSMUSG00000053819",3370.30152006856,0.453658833230751,0.136067128236317,3.3340810459588,0.000855817175427951,0.00960978871088645,"Camk2d"
"ENSMUSG00000053835",2586.50434942763,-0.64239369595714,0.218675869330876,-2.9376524164408,0.00330707567816684,0.0268106141418628,"H2-T24"
"ENSMUSG00000053846",1364.0036477159,-1.00772508836371,0.225840731020103,-4.46210514733949,8.11583827350865e-06,0.000222718050316793,"Lipg"
"ENSMUSG00000053930",115.963507164593,2.08976064250238,0.453626089875186,4.60679111970251,4.08930409994824e-06,0.000129301624328452,"Shisa6"
"ENSMUSG00000053931",5359.80938032031,-0.543388190959171,0.152437182620824,-3.56466960105664,0.000364314817360547,0.00502095462715459,"Cnn3"
"ENSMUSG00000053965",5266.98950813565,-1.04017770084792,0.235125841167081,-4.42391910512621,9.69263260076822e-06,0.000257294028845058,"Pde5a"
"ENSMUSG00000054008",20227.3798661536,-0.556406369944443,0.115353574728095,-4.82348614905061,1.41070567772468e-06,5.37361555065062e-05,"Ndst1"
"ENSMUSG00000054046",622.385884022526,2.79113852876683,0.253618033477541,11.0052841688562,3.60377977800518e-28,3.06578693971726e-25,"Klk13"
"ENSMUSG00000054136",51.7969752295705,3.24168262535339,0.785157619178849,4.12870300965006,3.64815254383877e-05,0.000770719993381463,"Adm2"
"ENSMUSG00000054150",341.854003744811,-0.754931641457033,0.244772247513802,-3.08422073631719,0.0020408611157741,0.0186496080988769,"Syne3"
"ENSMUSG00000054161",316.242545748807,1.12462001204444,0.305133741059166,3.68566258238343,0.000228108404887454,0.00345352258755454,"Fam83e"
"ENSMUSG00000054169",36.163785355171,1.73521527115905,0.63657474580971,2.72586256772077,0.00641336959666229,0.0447208617659531,"Ceacam10"
"ENSMUSG00000054252",4482.7472233062,-0.718075873655711,0.197645153472543,-3.63315700405205,0.00027997454035856,0.00403968291956799,"Fgfr3"
"ENSMUSG00000054263",3794.09630176418,-0.694638393791865,0.194875675744727,-3.5645207701642,0.00036452158698122,0.00502095462715459,"Lifr"
"ENSMUSG00000054312",1059.24576687357,0.485537109461781,0.165897299067766,2.92673305828474,0.00342542750109838,0.0275778559293027,"Mrps21"
"ENSMUSG00000054364",5239.38381457331,-0.464013298791092,0.157038325131802,-2.95477743029701,0.00312894689735293,0.0258192315571409,"Rhob"
"ENSMUSG00000054404",5187.40162262978,-0.833587008480532,0.244228063160071,-3.41314997832246,0.000642165910779489,0.00776203923956399,"Slfn5"
"ENSMUSG00000054428",1454.03876461859,0.496876235559749,0.151915518822738,3.27074047082396,0.00107266301690405,0.011509384262457,"Atp5if1"
"ENSMUSG00000054453",96.8674645803657,1.26320109954417,0.415385113694266,3.04103603595655,0.00235765611644499,0.0208180679355827,"Sytl5"
"ENSMUSG00000054459",250.245671503717,-0.808208006637798,0.273697871027025,-2.95292032636234,0.00314783196783618,0.0259152157167711,"Vsnl1"
"ENSMUSG00000054580",773.24247339995,-0.855387316201113,0.265257625145247,-3.22474166664475,0.00126086388168678,0.012942170624935,"Pla2r1"
"ENSMUSG00000054598",240.145857022268,-0.889849076685184,0.329019153480778,-2.70455098820614,0.00683967719749624,0.0469204424769653,"9130230L23Rik"
"ENSMUSG00000054619",17857.8595492261,-0.463928189180556,0.136468331008296,-3.39953002834301,0.000675017673331817,0.00802875548207251,"Tmt1a"
"ENSMUSG00000054675",1559.55216120511,-0.708076501515096,0.228677130191809,-3.09640277941733,0.00195884084643149,0.018075770517303,"Tmem119"
"ENSMUSG00000054720",4491.22398245756,0.893417430901739,0.14918399362825,5.98869496098915,2.11531467979389e-09,1.75767891881478e-07,"Lrrc8c"
"ENSMUSG00000054728",4112.16916791683,-0.778284805108966,0.219833455691143,-3.54033831048185,0.000399614414892109,0.00537399037796864,"Phactr1"
"ENSMUSG00000054920",6643.88503246723,-0.505322522483097,0.17475899411018,-2.89153943152423,0.00383359482090452,0.0300910243741034,"Klhl5"
"ENSMUSG00000054932",128.592485691236,1.91567744879434,0.45181154071978,4.2399922891356,2.23527464923169e-05,0.000517269191820261,"Afp"
"ENSMUSG00000054966",262.964421839974,-0.981862106911118,0.322282963554396,-3.04658395865035,0.00231457828797354,0.0205007144842079,"Lmntd1"
"ENSMUSG00000054986",47816.7778733935,-0.874401979222298,0.178453022126549,-4.8999000902446,9.58854024435854e-07,3.99299001085001e-05,"Sec14l3"
"ENSMUSG00000055003",475.796391873192,-1.20097266466733,0.301301441735889,-3.98595060729931,6.7210493458099e-05,0.00126524285103155,"Lrtm2"
"ENSMUSG00000055053",5699.94069376319,-0.494376462004667,0.167146720928442,-2.95773951925936,0.00309903879513602,0.0256297693195028,"Nfic"
"ENSMUSG00000055116",692.457243857671,0.803677323126927,0.226459592931102,3.5488773636162,0.000386877215118372,0.00524397681949145,"Bmal1"
"ENSMUSG00000055148",3355.14033602625,-0.595686323152796,0.180069882239932,-3.30808414901433,0.000939365792766392,0.0103463439505374,"Klf2"
"ENSMUSG00000055320",7184.4205700928,-0.717242985291287,0.175907036800123,-4.07739791618607,4.55425145437268e-05,0.000925616635180522,"Tead1"
"ENSMUSG00000055322",50867.9154125309,-0.826457631853776,0.151323139206068,-5.46154167954664,4.72017394838424e-08,2.84884822932042e-06,"Tns1"
"ENSMUSG00000055333",429.325116983038,1.13718288764171,0.26668739059441,4.26410444493487,2.00705551797374e-05,0.000473034918583125,"Fat2"
"ENSMUSG00000055368",596.725625777976,-0.988440819959796,0.245532680825095,-4.02569962026322,5.68061662420496e-05,0.00110549254892616,"Slc6a2"
"ENSMUSG00000055435",956.94254069057,-0.700381079137958,0.200864549014415,-3.48683270678936,0.000488777000869635,0.0063046939498455,"Maf"
"ENSMUSG00000055485",2740.99441927266,-0.776808932895179,0.156911549190644,-4.9506166811939,7.39786871690666e-07,3.21564293497658e-05,"Mtcl2"
"ENSMUSG00000055538",2793.84243934995,-0.770248403303061,0.189218899128624,-4.07067373740228,4.68773648513774e-05,0.000946287144711702,"Zcchc24"
"ENSMUSG00000055561",142.652326623826,6.96372042832127,2.45612443939156,2.8352473989658,0.00457902105104368,0.0343138469282279,"Spink5"
"ENSMUSG00000055639",1105.76327678136,-1.0050211854987,0.31934037941138,-3.14717852891387,0.00164854272068079,0.0158938023232392,"Dach1"
"ENSMUSG00000055653",8640.42871647199,-0.854260210704806,0.156325527954279,-5.4646238645978,4.63889371140373e-08,2.80928258149924e-06,"Gpc3"
"ENSMUSG00000055675",1541.36693564702,-0.481408352959853,0.157360947425315,-3.05926191241531,0.00221883074343255,0.0199075618810241,"Kbtbd11"
"ENSMUSG00000055717",345.858208189748,0.767473643187151,0.237290414893984,3.23432214288993,0.00121931838507117,0.0126152922150221,"Slain1"
"ENSMUSG00000055775",3540.53417901187,6.68722346219804,1.90569405981508,3.50907504158718,0.000449668013054624,0.00591555158558237,"Myh8"
"ENSMUSG00000055799",1400.29267954113,0.470052967804733,0.150822919110638,3.11658845072426,0.00182956786698199,0.0172027526019123,"Tcf7l1"
"ENSMUSG00000055866",1232.00741726012,-1.0126591277532,0.299455484382472,-3.38166832990712,0.000720470759490578,0.00847034718167877,"Per2"
"ENSMUSG00000055945",669.782316538392,-0.876507456927476,0.261185541581412,-3.35588046574265,0.000791127547069865,0.00907738832909643,"Prr18"
"ENSMUSG00000055978",130.200358046945,2.89188489425648,0.548928836080876,5.26823279116349,1.37743360942864e-07,7.30203306600673e-06,"Fut2"
"ENSMUSG00000056076",7584.87141476487,0.485835550784309,0.142806193520232,3.40206218517742,0.000668794181653082,0.00797597333460101,"Eif3b"
"ENSMUSG00000056174",516.81783528373,-0.894195139423684,0.27080458419991,-3.30199410052668,0.000960000892506472,0.0105152764835243,"Col8a2"
"ENSMUSG00000056214",1068.39455991109,-0.764625459478172,0.236006035810746,-3.23985552679393,0.00119590276082143,0.0124433816456915,"Pard6g"
"ENSMUSG00000056271",61.063888565486,5.91529492532071,1.98453907830429,2.98068956665499,0.00287600173388999,0.0241568081164424,"Lman1l"
"ENSMUSG00000056328",2471.38141623468,6.65116703553681,1.87678547811077,3.54391437546292,0.000394233256891917,0.00532598925597667,"Myh1"
"ENSMUSG00000056370",211297.730195888,1.2470351316912,0.168550453397661,7.39858663416981,1.37641582156297e-13,2.51907966644864e-11,"Sftpb"
"ENSMUSG00000056427",2667.63879297785,-0.758465080689146,0.229554964148949,-3.30406743108813,0.000952929086720487,0.0104634776485934,"Slit3"
"ENSMUSG00000056429",21667.6670649458,1.10718646679326,0.126214116983169,8.77228707261729,1.75073367001144e-18,6.65465042867115e-16,"Tgoln1"
"ENSMUSG00000056492",53285.0976033399,-0.772222669813065,0.163135290886377,-4.7336334499867,2.20535847501863e-06,7.67173712831383e-05,"Adgrf5"
"ENSMUSG00000056553",237.425276194702,3.11703087821671,0.332259622706097,9.38131107484556,6.51574048830541e-21,3.23343621732156e-18,"Ptprn2"
"ENSMUSG00000056602",2339.28378297653,-0.401698212653624,0.140965399939504,-2.84962276435221,0.0043771110033087,0.0332188139652124,"Fry"
"ENSMUSG00000056612",727.713488688276,1.10553246473722,0.241307344680318,4.58142899132151,4.61809413787006e-06,0.000140788825551278,"Ppp1r14b"
"ENSMUSG00000056629",1608.15770595495,0.445266002098356,0.152428864070437,2.9211396726843,0.0034875343697872,0.027951907364849,"Fkbp2"
"ENSMUSG00000056632",118.166235554819,10.2790924492974,2.79613441925881,3.67617964948272,0.000236752828653018,0.00354236958449428,"Dsg3"
"ENSMUSG00000056666",1293.22667594252,0.64240366323527,0.167371753234884,3.8381844655337,0.000123947356494173,0.00210686919483197,"Retsat"
"ENSMUSG00000056724",2115.25872297581,-0.480106653025489,0.136935852837603,-3.50606976242273,0.000454776006045151,0.00594336016678612,"Nbeal2"
"ENSMUSG00000056737",2972.69757213686,0.690820750808734,0.142180325904717,4.85876471595437,1.18120402249299e-06,4.66863050040649e-05,"Capg"
"ENSMUSG00000056749",538.272328868267,1.54317675761607,0.316471895139982,4.87618894857468,1.08155016001027e-06,4.37146914221346e-05,"Nfil3"
"ENSMUSG00000056752",1412.66194639672,-1.07838336805788,0.257989569314022,-4.17994948759066,2.91573854878224e-05,0.000640216877448929,"Dnah9"
"ENSMUSG00000056758",27.7296828517671,6.719887716589,1.59477099500586,4.21370073674078,2.51220105600157e-05,0.000572454998284031,"Hmga2"
"ENSMUSG00000056917",3072.22671351295,-0.592756029950352,0.13173400283077,-4.49964335109308,6.80675657068465e-06,0.000194253524177766,"Sipa1"
"ENSMUSG00000056973",17951.0247062686,-0.726216159947994,0.127981050738224,-5.67440379461658,1.39172502907961e-08,9.7502618213754e-07,"Ces1d"
"ENSMUSG00000057003",265.583488896217,5.16413211698935,1.91028564993142,2.70332979634473,0.00686485958429159,0.0470248145986845,"Myh4"
"ENSMUSG00000057074",371.105862290855,-1.22941083617137,0.401340437867089,-3.06326181011072,0.00218938420979218,0.0197342830009774,"Ces1g"
"ENSMUSG00000057098",541.117164914063,-0.640888898525691,0.210201021366159,-3.04893332278009,0.00229655446871923,0.020411913225706,"Ebf1"
"ENSMUSG00000057113",6975.61899176267,0.670544140018841,0.138819643225567,4.83032605788562,1.36309648767484e-06,5.25955048646027e-05,"Npm1"
"ENSMUSG00000057123",2411.14563173801,-0.90498423594217,0.209033616256063,-4.32937176398259,1.49535314549622e-05,0.000372068021508218,"Gja5"
"ENSMUSG00000057135",182.696395632666,0.943045005685425,0.327489370393629,2.87962019821261,0.00398154494260017,0.0309038181599429,"Scimp"
"ENSMUSG00000057182",850.590793338687,-0.954056438628802,0.313048939837735,-3.04762711901636,0.0023065594530628,0.0204398237246859,"Scn3a"
"ENSMUSG00000057191",453.07026329066,-0.725535170934983,0.24074317662439,-3.01373098547657,0.00258056515214442,0.0222177332255711,"AB124611"
"ENSMUSG00000057265",299.456447496305,-1.00517401130899,0.365028422917101,-2.75368696847278,0.00589281006098314,0.0417592430541308,"Bbof1"
"ENSMUSG00000057322",3051.29478697128,0.381918231874864,0.13289956938349,2.87373566104504,0.0040564832014617,0.0313176630916652,"Rpl38"
"ENSMUSG00000057337",1395.27791805256,-0.928015500655518,0.215850193455527,-4.29934986760492,1.71299870006033e-05,0.000414109902254096,"Chst3"
"ENSMUSG00000057421",2565.9615586806,0.6159839893865,0.185163131359778,3.3267097227343,0.000878778638627235,0.00977545478149163,"Las1l"
"ENSMUSG00000057454",102.432051836561,6.06006256320116,1.62256290584679,3.73487064283557,0.000187811699498989,0.00297715706437394,"Lypd3"
"ENSMUSG00000057497",574.435120073123,0.600428903875958,0.221642681907887,2.70899494044875,0.00674873689112818,0.0464523225111306,"Fam136a"
"ENSMUSG00000057530",15974.2388869663,-0.724248526100329,0.137430044616322,-5.26994317816232,1.36465997641555e-07,7.2558483567452e-06,"Ece1"
"ENSMUSG00000057561",2564.32255945263,0.529583469006204,0.152891770732074,3.46378007443082,0.000532641789159875,0.00671061041138305,"Eif1a"
"ENSMUSG00000057606",612.919535513874,-0.896815641129058,0.276227101677515,-3.24666057632555,0.00116767556756551,0.0122349114454884,"Colq"
"ENSMUSG00000057609",62.5392182596474,9.36113720221355,3.43802053573546,2.72282759946081,0.00647258248877076,0.044976771463795,"Lce1a1"
"ENSMUSG00000057666",1787.57729608073,1.0637194620723,0.168318938426347,6.31966593906342,2.62129336402715e-10,2.55898393160355e-08,"Gapdh"
"ENSMUSG00000057672",2642.24576644035,-0.412982564576854,0.132253066050993,-3.12266911390636,0.00179219110121281,0.0169404730281306,"Pkn1"
"ENSMUSG00000057719",1925.99155213509,-0.625006214453282,0.144395608231169,-4.32842952849843,1.5017636906427e-05,0.000372625115740719,"Sh3rf2"
"ENSMUSG00000057738",32090.6105628327,-0.675451315254741,0.125641845673609,-5.37600599253708,7.61562581540618e-08,4.31914778388036e-06,"Sptan1"
"ENSMUSG00000057766",464.581336298518,-0.626997266681898,0.226335743964414,-2.77020878673268,0.00560203700097976,0.0401767928633093,"Ankrd29"
"ENSMUSG00000057841",15460.3876944623,0.617310260077521,0.177409796825524,3.47957255531173,0.000502214359497019,0.00642237618640963,"Rpl32"
"ENSMUSG00000057880",258.405598057546,-0.953715700656508,0.249255810917631,-3.82625262434372,0.000130108769766382,0.00219075699517099,"Abat"
"ENSMUSG00000057967",276.373043238866,-0.666483007521698,0.241187609648477,-2.7633385002367,0.00572133978026445,0.0407611778867797,"Fgf18"
"ENSMUSG00000057969",3248.25215600511,-0.643291983057521,0.139623811254457,-4.60732290056998,4.07886343243401e-06,0.000129200168830556,"Sema3b"
"ENSMUSG00000058070",2333.38947781755,-0.948387430512631,0.207484180489788,-4.57089031208965,4.85656452282733e-06,0.000146311172344537,"Eml1"
"ENSMUSG00000058216",329.866476081252,1.39688535397607,0.276717945707718,5.04804757206288,4.46348018284712e-07,2.09291531408304e-05,"Gstp3"
"ENSMUSG00000058248",161.331458120656,-1.15640321245806,0.347772107853876,-3.32517526950134,0.000883629674612217,0.00982330064526898,"Kcnh1"
"ENSMUSG00000058254",17490.3854030269,-1.02800085355808,0.248806660405941,-4.13172562133524,3.60050046132305e-05,0.00076393041260732,"Tspan7"
"ENSMUSG00000058297",18254.725617966,-0.629803290123606,0.127205358301475,-4.95107516328817,7.38045892518708e-07,3.21564293497658e-05,"Spock2"
"ENSMUSG00000058388",1446.34746023308,-0.4711879212952,0.14858852113865,-3.17109234067637,0.00151866859321171,0.0149047627150092,"Phtf1"
"ENSMUSG00000058396",1787.56284000718,-1.01874659185036,0.198668221650832,-5.12787895006606,2.93024743502186e-07,1.4263997391462e-05,"Gpr182"
"ENSMUSG00000058435",32.8439186503737,4.00333424796428,1.0192304007661,3.92780105946134,8.57260754663973e-05,0.00155009750830687,"Btnl4"
"ENSMUSG00000058486",1321.11314425543,0.711152457917792,0.231070895389393,3.07763752210932,0.0020864854043558,0.018969497073189,"Wdr91"
"ENSMUSG00000058546",559.784936581125,0.786128213903051,0.195910688373521,4.012686701423,6.00315651435403e-05,0.0011531870013864,"Rpl23a"
"ENSMUSG00000058558",8669.24952012284,0.45475025944964,0.126718575788313,3.58866296137445,0.000332378205422534,0.00466087170405577,"Rpl5"
"ENSMUSG00000058624",2289.80832990577,0.556451111028503,0.169954862743729,3.27411114954424,0.00105994909881908,0.0113866450092621,"Gda"
"ENSMUSG00000058715",1801.56600595457,1.06960355706569,0.195940803978725,5.45880967795676,4.79337235508389e-08,2.88328609843682e-06,"Fcer1g"
"ENSMUSG00000058793",8603.36536810627,-0.582984184253321,0.141383780794293,-4.12341628564551,3.7329416813184e-05,0.00078161788173434,"Cds2"
"ENSMUSG00000058806",2373.94795356189,-0.864326318486508,0.257387356820665,-3.35807604989988,0.000784870160486538,0.00904042902455964,"Col13a1"
"ENSMUSG00000058921",113.307365268637,-1.2961287849594,0.377015276133079,-3.43786808389668,0.000586313253589243,0.00725882624765892,"Slc10a5"
"ENSMUSG00000058952",331.192779999873,3.85876656768647,1.19117117527803,3.23947275401941,0.0011975090688072,0.012445316762211,"Cfi"
"ENSMUSG00000059013",1999.28852268436,-0.667667274753501,0.157292160883252,-4.24475874070461,2.18828735074641e-05,0.000511029457791955,"Sh2d3c"
"ENSMUSG00000059070",10835.1966265264,0.519793774095582,0.159600884179479,3.25683517837563,0.0011266183061131,0.0119094887803021,"Rpl18"
"ENSMUSG00000059089",611.692379845569,0.854480108511395,0.245886953365712,3.47509331753976,0.000510675668712811,0.0065072901722927,"Fcgr4"
"ENSMUSG00000059173",151.600452551216,-1.09575918356387,0.371838881324581,-2.94686553396597,0.00321012761979973,0.0262599916363929,"Pde1a"
"ENSMUSG00000059201",63.9156476831032,-2.22616074913609,0.626040954988252,-3.5559346898924,0.00037663764113526,0.00513244199762122,"Lep"
"ENSMUSG00000059230",89.7098264056809,9.88151855626002,3.62971737010469,2.72239338457777,0.00648109421088663,0.0450173981638762,"Defb4"
"ENSMUSG00000059316",1404.12606144028,0.528063499196822,0.150782641736417,3.50215046716008,0.000461518899673925,0.00601388413032434,"Slc27a4"
"ENSMUSG00000059325",11289.9150782004,-0.647106329066712,0.203058624267364,-3.18679559364432,0.00143858403977929,0.0142938286266168,"Hopx"
"ENSMUSG00000059463",305.922815613346,7.22195330623839,0.666985921600678,10.8277447429575,2.54342450809103e-27,1.97557734074114e-24,"Spag11b"
"ENSMUSG00000059495",12733.8526414201,-0.750472759344317,0.165050416328929,-4.54693042305751,5.44339832030757e-06,0.000159944590447853,"Arhgef12"
"ENSMUSG00000059498",1979.00557546361,0.998178189177879,0.222615067109443,4.48387524770348,7.32995258206057e-06,0.000205572375005514,"Fcgr3"
"ENSMUSG00000059518",887.975109952492,0.595021103715212,0.167151667431214,3.55976768200697,0.000371183014014051,0.00508136746770959,"Znhit1"
"ENSMUSG00000059552",1259.0597420409,-0.522767765764125,0.161284630811699,-3.24127452896897,0.00118996526298784,0.012417482139765,"Trp53"
"ENSMUSG00000059588",21867.9185335132,-0.806005290275622,0.273459555476257,-2.94743874966038,0.00320418221894543,0.0262599916363929,"Calcrl"
"ENSMUSG00000059668",8679.35289275521,10.5221268756471,1.50591019365655,6.98722069879747,2.80385002166204e-12,4.00726245095939e-10,"Krt4"
"ENSMUSG00000059674",70.369647674134,1.70595524475983,0.479884905994145,3.55492582377793,0.000378085736723366,0.00514824823670955,"Cdh24"
"ENSMUSG00000059751",3253.8495892258,0.850706656946838,0.194399969388943,4.3760637392118,1.20841691051927e-05,0.000311071586547936,"Rps3a3"
"ENSMUSG00000059796",6978.10553119148,0.424794201788615,0.144245492493048,2.94493917589201,0.00323018156661719,0.0263448569756342,"Eif4a1"
"ENSMUSG00000059810",2254.50893855076,-0.772662862504144,0.164272857966621,-4.70353332904905,2.55697332386165e-06,8.72241006370237e-05,"Rgs3"
"ENSMUSG00000059824",1583.8752720545,-1.2554454386625,0.266921753003658,-4.7034212256402,2.55837832263087e-06,8.72241006370237e-05,"Dbp"
"ENSMUSG00000059832",182.68350830182,8.5720723744426,2.56276545179056,3.34485247897089,0.00082326346306587,0.00934409260970252,"Kprp"
"ENSMUSG00000059854",1631.88203602443,-1.2966086457951,0.313169589724617,-4.14027634974155,3.46887669782576e-05,0.000742173439600685,"Hydin"
"ENSMUSG00000059898",94.4910556086987,4.55478714160772,0.579979170556953,7.85336331515797,4.05026177084386e-15,9.15923120710449e-13,"Dsc3"
"ENSMUSG00000059921",416.488578714134,-0.969270254533497,0.35577436964589,-2.7243959577477,0.00644192234940498,0.0448709678842817,"Unc5c"
"ENSMUSG00000059956",311.650311809405,6.58492437272095,1.56839679532687,4.19850664853505,2.68680966404703e-05,0.000606824963946905,"Serpinb12"
"ENSMUSG00000059970",953.469486989098,-0.725100752787992,0.18327854683589,-3.95627729107464,7.61267921102862e-05,0.00140206715572192,"Hspa2"
"ENSMUSG00000059974",46.7855118110533,1.99815061998367,0.702364725151164,2.84489033750039,0.00444267152899195,0.0335028817498696,"Ntm"
"ENSMUSG00000059981",6198.69259332567,-0.612133586374942,0.125550296834943,-4.8756044534064,1.08475777749709e-06,4.37453672573038e-05,"Taok2"
"ENSMUSG00000060032",835.663459406032,0.664602516507066,0.225831652411619,2.94291127665181,0.00325141586603272,0.0264801971399284,"H2aj"
"ENSMUSG00000060036",7877.23896725924,0.430692903990699,0.14482772218903,2.97382916392592,0.00294108769213829,0.0245979001254243,"Rpl3"
"ENSMUSG00000060126",36180.1795639801,0.658143755105677,0.153220883032388,4.29539199931748,1.74384918940836e-05,0.000419908700159233,"Tpt1"
"ENSMUSG00000060143",1563.20643712065,0.71426418950975,0.209581518783727,3.40804949622881,0.000654290253546691,0.0078713100199405,"Gm10076"
"ENSMUSG00000060180",243.075089669347,3.01711914476607,0.381138778804736,7.91606446929347,2.45146537706195e-15,5.76255644226471e-13,"Myh13"
"ENSMUSG00000060188",1108.47781882667,0.615236100695088,0.192681249625082,3.19302527823652,0.00140790621195171,0.0140593876336038,"Cxcl17"
"ENSMUSG00000060459",422.69152825454,5.40958130009544,0.331833761420974,16.3020823346323,9.53862254681907e-60,1.70407491798923e-55,"Kng2"
"ENSMUSG00000060512",867.877780215211,0.846190707897986,0.174819111628608,4.84037872069538,1.29591923880202e-06,5.04392095886668e-05,"Pgcka1"
"ENSMUSG00000060519",2447.29100081771,-0.577590284525093,0.141984049670313,-4.06799415755685,4.7419570025782e-05,0.000954573280384312,"Tor3a"
"ENSMUSG00000060548",1463.04470374011,-0.886314665320528,0.274052013867359,-3.23411111932023,0.00122021970039508,0.0126152922150221,"Tnfrsf19"
"ENSMUSG00000060572",638.820970741318,-0.901859791508404,0.19344133360744,-4.66218762396765,3.12865755638198e-06,0.000103506420823637,"Mfap2"
"ENSMUSG00000060586",12538.6961162495,0.338865024807998,0.126155798497287,2.68608362710561,0.0072294991724861,0.048866819037633,"H2-Eb1"
"ENSMUSG00000060621",32.9518183389201,3.03805221974505,0.897107533735375,3.38649727652516,0.000707909791536356,0.00834222191675263,"Nkpd1"
"ENSMUSG00000060703",1413.64280227618,0.487666784975468,0.152952870440172,3.18834673433749,0.00143088842641715,0.0142570115660583,"Cd302"
"ENSMUSG00000060924",76.6015787257948,1.70104188482667,0.501047599277637,3.3949706320898,0.000686359624769606,0.00813657245952822,"Csmd1"
"ENSMUSG00000060938",8441.01881005451,0.760139526791107,0.164017657202123,4.63449813732168,3.5780445599374e-06,0.000116645558509638,"Rpl26"
"ENSMUSG00000060961",1794.95390466674,0.463308124062999,0.14708742461772,3.14988263114359,0.0016333606647502,0.0157814971745604,"Slc4a4"
"ENSMUSG00000060962",3722.92884998478,2.03200780727741,0.198144030062552,10.255205804767,1.12136868170121e-24,6.90801775813524e-22,"Dmkn"
"ENSMUSG00000061100",6037.28010367581,2.16464724244132,0.545565258557679,3.96771460148331,7.25651598217218e-05,0.00134478898362558,"Retnla"
"ENSMUSG00000061186",81.1189726032464,-1.58676930585669,0.426997129606712,-3.71611234791716,0.00020231165170558,0.00314286752845233,"Sfmbt2"
"ENSMUSG00000061288",5730.99651331454,0.522529907555484,0.182457242153329,2.86384854549306,0.0041852807472194,0.0321385720707127,"Taok3"
"ENSMUSG00000061315",7984.75333362993,0.525491779888944,0.140735319818446,3.73390120239076,0.0001885364767501,0.00298599659320969,"Naca"
"ENSMUSG00000061353",8604.89842616662,-0.646214391152235,0.234625979995198,-2.75423203843607,0.00588300423776672,0.0417062978998819,"Cxcl12"
"ENSMUSG00000061410",2663.35782121468,-0.488590231067417,0.163717674016961,-2.98434627782947,0.00284184957150465,0.0239895155211591,"Zcchc14"
"ENSMUSG00000061477",7581.06254330596,0.533497556850955,0.166564708426108,3.20294474076798,0.00136030080080204,0.0137065842111272,"Rps7"
"ENSMUSG00000061527",676.676067029234,3.74305118071515,1.31094945159148,2.85522159238949,0.00430068107111134,0.0327640372432427,"Krt5"
"ENSMUSG00000061576",95.6847395926057,-1.17581570905396,0.407879620178691,-2.88275179951094,0.00394217923781222,0.0307005370895882,"Dpp6"
"ENSMUSG00000061723",2151.40101641323,4.43218105131496,1.33796110414181,3.31263819074759,0.000924204553449971,0.0102171499674404,"Tnnt3"
"ENSMUSG00000061740",1358.92166101734,-0.952577027512147,0.205763725960663,-4.62947015109094,3.66602563613049e-06,0.000118863063501763,"Cyp2d22"
"ENSMUSG00000061787",6727.94702152184,0.393575629717212,0.143172175485377,2.74896730725035,0.00597833487329505,0.0422378835194695,"Rps17"
"ENSMUSG00000061815",326.460989473435,1.60861640749492,0.27562559787306,5.83623734481937,5.33928237925452e-09,4.06867208869172e-07,"Rufy4"
"ENSMUSG00000061816",472.218227401875,3.15906695460675,0.798048849840493,3.95848819936042,7.54256668806289e-05,0.00139058775936268,"Myl1"
"ENSMUSG00000061825",71.749643000486,2.01630271725198,0.597178645854583,3.37638114029778,0.000734460983774805,0.0086040298197619,"Ces2c"
"ENSMUSG00000061928",51.8425326529106,9.09075887220121,2.80432466122102,3.24169273191181,0.00118822058940902,0.012417482139765,"Dsg1b"
"ENSMUSG00000061947",35.3940710518292,1.77140041770772,0.623933263956835,2.83908635752793,0.00452429108253674,0.0339892599619508,"Serpina10"
"ENSMUSG00000061983",10237.0170051196,0.578901135879419,0.168171449612964,3.44232708472053,0.000576732445716354,0.0071850245067801,"Rps12"
"ENSMUSG00000062054",1143.49819933054,0.734838036970508,0.22926146723373,3.2052400511829,0.00134949881475058,0.0136361970166963,"Iah1"
"ENSMUSG00000062078",13997.5965797912,-0.445984458293421,0.147442032188634,-3.02481220363837,0.00248787552333955,0.0216176538056717,"Qki"
"ENSMUSG00000062082",506.926058304537,1.71551517863809,0.263587112442987,6.50834239480945,7.59845717155645e-11,8.37940971418864e-09,"Cd200r4"
"ENSMUSG00000062098",2224.15590369846,-0.680543473990836,0.202688016986427,-3.35759106092794,0.000786248406667487,0.00904464120097531,"Btbd3"
"ENSMUSG00000062127",4543.9432831289,-0.483957996091087,0.140495297012875,-3.44465620117331,0.00057178615461225,0.00713833658431017,"Cttnbp2nl"
"ENSMUSG00000062184",232.629786162909,-1.03922585957786,0.323079007290334,-3.21663071919732,0.00129705430475228,0.0132410715167997,"Hs6st2"
"ENSMUSG00000062232",1844.86539340153,-0.724328145037074,0.174637105490779,-4.14761881789962,3.35951128365981e-05,0.000722234284988958,"Rapgef2"
"ENSMUSG00000062248",82.6352249205113,1.46443137677542,0.446348927197404,3.28091160870597,0.00103472165576554,0.0111782079941509,"Cks2"
"ENSMUSG00000062300",3164.79347878196,0.879520835065401,0.181539722341171,4.84478451174724,1.26749168634196e-06,4.95486629682696e-05,"Nectin2"
"ENSMUSG00000062329",793.510253287734,-1.33324371484456,0.330765756159693,-4.03077915417843,5.55922599210838e-05,0.00108898653891465,"Cytl1"
"ENSMUSG00000062591",859.871925224819,-1.02185020462127,0.271517840848355,-3.76347352140291,0.000167569476934833,0.00270671673186328,"Tubb4a"
"ENSMUSG00000062609",4343.42450999816,0.484251422314983,0.141602627930704,3.41979121003293,0.000626692156389455,0.00762396074092654,"Kcnj15"
"ENSMUSG00000062647",3380.37796595368,0.487302206391019,0.179597278474823,2.71330507081895,0.00666157477248933,0.0459439197243368,"Rpl7a"
"ENSMUSG00000062694",83.4878691667007,1.39730595793495,0.417116847894606,3.34991493387966,0.000808363816233144,0.00923364423082169,"Cav3"
"ENSMUSG00000062713",99.451698607428,4.99811036381266,1.5383392020346,3.24903009505457,0.00115799226163765,0.0121691090831288,"Sim2"
"ENSMUSG00000062785",2273.29833914166,1.83664108963052,0.293640079428668,6.25473570639285,3.98189654439686e-10,3.76384030506084e-08,"Kcnc3"
"ENSMUSG00000062794",79.8440357517592,1.2239979603917,0.424019397062504,2.88665558432288,0.00389360188516369,0.0304606645026679,"Zfp599"
"ENSMUSG00000062826",68.9353177961024,7.99586697968053,2.59443716142118,3.08192740166447,0.0020566499006712,0.0187459441201485,"Ces2f"
"ENSMUSG00000062866",5558.66155039658,-0.674992239702077,0.212114483484486,-3.18220721477251,0.00146157208075251,0.0144900028982484,"Phactr2"
"ENSMUSG00000062960",15568.6787298512,-1.12005458245353,0.229071794919976,-4.88953510337148,1.01074398199893e-06,4.17019428138818e-05,"Kdr"
"ENSMUSG00000062980",4328.52931393866,-0.770980415981602,0.233603383045331,-3.30038206609358,0.000965532843868734,0.0105609672101181,"Cped1"
"ENSMUSG00000062997",3985.57234683565,0.506777076635825,0.170428288095468,2.97355023804467,0.00294376213087921,0.0245979001254243,"Rpl35"
"ENSMUSG00000063011",2569.91444437604,-0.992976455101309,0.156193499464231,-6.35734815153881,2.05266414181522e-10,2.04865055271111e-08,"Msln"
"ENSMUSG00000063049",522.338067571457,0.604058045543702,0.215838606041897,2.79865616546118,0.00513157484358324,0.0376727561997349,"Ing2"
"ENSMUSG00000063060",2493.70380427312,-0.823961907424497,0.175850670567536,-4.68557728421088,2.79171927683743e-06,9.44584562134483e-05,"Sox7"
"ENSMUSG00000063077",7329.35630507258,-0.458485040403995,0.141114113077655,-3.24903746623621,0.00115796225460736,0.0121691090831288,"Kif1b"
"ENSMUSG00000063229",11161.5307881904,1.03952966999875,0.186562313508921,5.57202390154241,2.51796865168875e-08,1.64173394023429e-06,"Ldha"
"ENSMUSG00000063450",7470.72366325442,-0.60616189551354,0.144612197595812,-4.19163739705933,2.76948383684243e-05,0.000619234402317773,"Syne2"
"ENSMUSG00000063524",3170.8459411026,0.652840088999302,0.200684211856721,3.25307149455982,0.00114164768974996,0.0120327645884266,"Eno1"
"ENSMUSG00000063531",5285.44455075221,-0.764431313333908,0.178933238730959,-4.27215937494595,1.93589131081028e-05,0.000457469553804573,"Sema3e"
"ENSMUSG00000063564",3732.60029762745,-0.768437236520611,0.196098380206735,-3.9186312284196,8.9053241007605e-05,0.00160376628084765,"Col23a1"
"ENSMUSG00000063651",280.891736026524,11.5280869316185,3.36204658302618,3.42888970956555,0.00060605575355118,0.00744136497401501,"Cnfn"
"ENSMUSG00000063663",834.489552548035,0.75730315888743,0.211384499098711,3.5825860558195,0.000340209487403755,0.0047483144472407,"Brwd3"
"ENSMUSG00000063704",585.579600436971,-0.703432480236657,0.252899845192022,-2.78146663040681,0.00541138935401667,0.0390970572782517,"Mapk15"
"ENSMUSG00000063779",59.018142917631,2.39529279745509,0.670288500338437,3.57352512574164,0.000352207429791677,0.00489664259395199,"Chil4"
"ENSMUSG00000063856",8706.78730935271,0.432265117471601,0.146504229643226,2.95052995073435,0.00317229286078065,0.0260516569742784,"Gpx1"
"ENSMUSG00000063873",1064.27616533642,-0.758044701357733,0.196218243997821,-3.86327329158114,0.000111877722870429,0.00192738237134062,"Slc24a3"
"ENSMUSG00000063882",4230.22906818405,0.51351404242499,0.149336213181236,3.43864379232508,0.000584635956397114,0.00724980971923,"Uqcrh"
"ENSMUSG00000064080",1427.30860543232,-0.664956370064886,0.179648115856941,-3.70143804121168,0.000214381008737244,0.00329979419581141,"Fbln2"
"ENSMUSG00000064141",115.608221733306,-1.07635224682005,0.386572933264965,-2.78434456786527,0.00536360212901525,0.0388567526499827,"Zfp69"
"ENSMUSG00000064247",94.1517849823625,1.15763170339804,0.391551238594429,2.95652673084026,0.00311125261917634,0.0256969616465952,"Plcxd1"
"ENSMUSG00000064262",1696.98000848557,-0.644419506137826,0.178903737816538,-3.6020460723893,0.000315722390188537,0.00446939817806515,"Gimap8"
"ENSMUSG00000064267",697.547418329992,0.753683658192095,0.223769816782657,3.36812028104815,0.000756825701103106,0.0087948401644948,"Hvcn1"
"ENSMUSG00000064293",43.1268946094382,-1.76353265295095,0.576390233899965,-3.05961577630933,0.00221621110048533,0.019895784577975,"Cntn4"
"ENSMUSG00000064294",8526.60582923375,0.352729910613799,0.125238408541633,2.81646752558774,0.00485549514053,0.0359334799857367,"Aox3"
"ENSMUSG00000064325",964.651460371926,-1.01008010023785,0.227888111682137,-4.43235100234948,9.32111133511673e-06,0.000249283913176438,"Hhip"
"ENSMUSG00000064326",872.270400738096,0.920973803068687,0.197154444256398,4.67133168893199,2.99253252926138e-06,9.99282124023451e-05,"Siva1"
"ENSMUSG00000066113",703.554426297854,-0.923497107760958,0.19277421318755,-4.79056349130311,1.66313585291877e-06,6.0885086090971e-05,"Adamtsl1"
"ENSMUSG00000066129",826.965599015633,-0.987997642600315,0.306541517731095,-3.22304675044706,0.00126834851042218,0.0129925723272318,"Kndc1"
"ENSMUSG00000066152",1260.9336775887,0.494586099177953,0.167828790782977,2.9469681386045,0.00320906266498339,0.0262599916363929,"Slc31a2"
"ENSMUSG00000066233",426.166040594887,1.02217519702977,0.223507397895627,4.57333943598188,4.80011553642337e-06,0.000145099939184777,"Tmem42"
"ENSMUSG00000066406",11485.1241426521,-0.348633828210167,0.130293532064168,-2.67575698261422,0.00745606872586988,0.0499260374016737,"Akap13"
"ENSMUSG00000066571",3073.5196332422,-0.851668366129186,0.177263648871556,-4.80452913809924,1.5511611129546e-06,5.79001957022386e-05,"Garre1"
"ENSMUSG00000066607",406.083448661952,0.652343206008083,0.227105243953672,2.87242687421677,0.00407332337109075,0.0314340915872727,"Insyn1"
"ENSMUSG00000066677",154.627816960405,-0.975632126599565,0.345841641918001,-2.82103716946523,0.00478686561478079,0.0355433724888025,"Ifi208"
"ENSMUSG00000066687",818.678529440186,-2.12008767953868,0.200989823929498,-10.5482339259243,5.17608576443035e-26,3.69883088726193e-23,"Zbtb16"
"ENSMUSG00000066842",3221.2764001407,-1.18464074180564,0.230197380220054,-5.14619558516783,2.65822272447745e-07,1.31185494399972e-05,"Hmcn1"
"ENSMUSG00000066952",174.243128538702,-0.970960270910681,0.347661708980477,-2.79283063342822,0.00522490407069083,0.0380959096695881,"Myo1h"
"ENSMUSG00000067006",148.437601153342,6.5626985201314,0.704293386223127,9.3181316884499,1.18406848166119e-20,5.71713065537223e-18,"Serpinb5"
"ENSMUSG00000067148",1102.49588105681,0.61841948686106,0.188237438211217,3.28531610256588,0.00101868015940042,0.0110392266235652,"Polr1c"
"ENSMUSG00000067158",6924.13781950772,-0.4521951530202,0.127510111579417,-3.54634740271997,0.000390610894034377,0.00529057135854749,"Col4a4"
"ENSMUSG00000067219",524.508966845892,0.929039571901775,0.209468806676914,4.4352168069336,9.19796727670799e-06,0.000246359348423371,"Nipal1"
"ENSMUSG00000067274",14579.8032656444,0.882118593658253,0.204531609323882,4.31287171980048,1.61147627331054e-05,0.000393830692512898,"Rplp0"
"ENSMUSG00000067288",5844.45720957872,0.408364316118947,0.13517217340033,3.02106791543198,0.00251884855601987,0.0218336872650631,"Rps28"
"ENSMUSG00000067336",18462.6824351846,-0.75657758884125,0.186930213120505,-4.04737990831649,5.17941401005712e-05,0.00103385733284548,"Bmpr2"
"ENSMUSG00000067586",1590.09296931813,-0.929803841177411,0.265435983822871,-3.50293064182994,0.000460169268169491,0.00600067443492551,"S1pr3"
"ENSMUSG00000067629",649.682084534813,-0.818555758282081,0.269699885526566,-3.03506157106415,0.00240486586629309,0.0211223838256274,"Syngap1"
"ENSMUSG00000067847",848.506527529692,0.578002652483877,0.193538503949264,2.9864995372466,0.0028219126535088,0.0238474311991176,"Romo1"
"ENSMUSG00000068036",7663.08985205641,-0.420763855980807,0.135858327415202,-3.09707814004579,0.00195438349435133,0.018043959238546,"Afdn"
"ENSMUSG00000068323",2114.49312255356,-0.842285111225047,0.202347359399313,-4.16257031337325,3.14685195148744e-05,0.000683923480697361,"Slc4a5"
"ENSMUSG00000068522",350.828386643384,-1.06950030025131,0.357426507639234,-2.99222435211998,0.0027695264870278,0.0234490951141003,"Aard"
"ENSMUSG00000068523",2481.18942488084,0.381954373831373,0.134231120768717,2.84549791169135,0.00443420502013742,0.0335028817498696,"Gng5"
"ENSMUSG00000068697",151.415612359225,4.3089526317501,1.38431433907963,3.11269811350428,0.00185385541686849,0.0173489402945812,"Myoz1"
"ENSMUSG00000068735",1607.60506305406,0.528091586829685,0.143767240769868,3.67324005108379,0.000239494301083276,0.00357440742594213,"Trp53i11"
"ENSMUSG00000068742",2264.73079963537,-0.819563127315278,0.171277427643929,-4.78500371350204,1.70984171452018e-06,6.20860207924858e-05,"Cry2"
"ENSMUSG00000068744",74.077431143896,1.68321141789915,0.499501701660326,3.36978114850103,0.000752279051164826,0.0087667744612261,"Psrc1"
"ENSMUSG00000068877",400.511854830456,-1.14899035651389,0.337980119814511,-3.39957970647645,0.000674895059217199,0.00802875548207251,"Selenbp2"
"ENSMUSG00000069170",91.1010380949321,-1.28383343946842,0.479144504132687,-2.67942849890832,0.00737479517104342,0.049474545899621,"Adgrv1"
"ENSMUSG00000069378",546.715324656745,-0.77799854526069,0.267616716101729,-2.90713732906337,0.00364753027903798,0.0289228266466993,"Prdm6"
"ENSMUSG00000069441",63.3196277516766,5.91815578387173,1.04282619001253,5.67511234427344,1.38597666483201e-08,9.74821776268654e-07,"Dsg1a"
"ENSMUSG00000069516",333033.744410656,1.24709320552826,0.177103319280291,7.04161396068789,1.90025701948756e-12,2.80562740935085e-10,"Lyz2"
"ENSMUSG00000069601",4477.73405701535,0.385124606463297,0.128054457959295,3.0075064359393,0.00263400547175404,0.0225582491624573,"Ank3"
"ENSMUSG00000069682",2625.12830115714,0.703212757163087,0.185082253954902,3.79946073778868,0.000145011282562187,0.00239650930894863,"Gm10275"
"ENSMUSG00000069763",11191.1082643774,-1.05007526356445,0.21502576778727,-4.88348570671454,1.04226708359405e-06,4.28048309158797e-05,"Tmem100"
"ENSMUSG00000069792",362.64068590706,1.99097924172999,0.300934711276007,6.61598402287311,3.69088233510655e-11,4.33800084978148e-09,"Wfdc17"
"ENSMUSG00000069793",236.117367706915,0.865351197692549,0.270087837978948,3.20396210420996,0.00135550317183478,0.0136813921835188,"Slfn9"
"ENSMUSG00000069833",56748.6838383827,-0.822001212875198,0.206948058662909,-3.97201702778052,7.12666242632647e-05,0.00132899607772779,"Ahnak"
"ENSMUSG00000069874",1408.15523419146,-0.569313048685406,0.195569817422044,-2.91104760535116,0.00360219129565242,0.0286395850008147,"Irgm2"
"ENSMUSG00000069917",2988.23679031708,-1.22072396440473,0.271316624465164,-4.49925973688896,6.81905005408055e-06,0.000194293985990668,"Hba-a2"
"ENSMUSG00000069919",14489.9166067717,-1.12562341183149,0.250934955726901,-4.48571785692759,7.2668851518312e-06,0.000204445516909393,"Hba-a1"
"ENSMUSG00000070056",1448.12954342636,-0.491482744017259,0.163264624108383,-3.01034438232613,0.00260951629493403,0.0224237655646929,"Mfhas1"
"ENSMUSG00000070271",441.96024634143,0.861351012378072,0.214977251792052,4.0067077106896,6.15709799101335e-05,0.00117769331487638,"Gm13268"
"ENSMUSG00000070305",321.282801537623,0.934813433777455,0.280113319877112,3.33726876746727,0.000846060896471591,0.00954222090622789,"Mpzl3"
"ENSMUSG00000070327",4639.84550575783,-0.491669388946184,0.159033386404273,-3.09161113941402,0.00199073444534553,0.0182850749954231,"Rnf213"
"ENSMUSG00000070469",606.528978102661,-0.763176765893699,0.209229495840881,-3.64755821270102,0.000264744342193059,0.0038718715772361,"Adamtsl3"
"ENSMUSG00000070473",5655.56889965489,0.87313305912684,0.144156611991486,6.05683670741657,1.38824383652664e-09,1.19235462209368e-07,"Cldn3"
"ENSMUSG00000070529",173.835569174234,1.85563888203698,0.338301425786533,5.48516423696032,4.13085452502951e-08,2.55355418995337e-06,"Wfdc10"
"ENSMUSG00000070565",1997.46020833906,-0.726036119267476,0.179681259977016,-4.04068915901607,5.32943586270477e-05,0.00105554735795145,"Rasal2"
"ENSMUSG00000070604",237.596705514855,0.997643711917276,0.31720257544567,3.14513118475027,0.00166012369622079,0.01599632412722,"Vsig10l"
"ENSMUSG00000070643",2337.83864646725,-0.785929040199038,0.160958113204868,-4.88281717864515,1.04580825907917e-06,4.2808203738583e-05,"Sox13"
"ENSMUSG00000070780",1518.46857311501,0.759268304345718,0.195123953356632,3.89121013224855,9.97455014878833e-05,0.00176605885439151,"Rbm47"
"ENSMUSG00000070867",833.467386223607,-0.733776932629381,0.221149602557397,-3.31801153673309,0.000906607397887161,0.0100412530460348,"Trabd2b"
"ENSMUSG00000070873",1100.72552992272,1.06496500644628,0.232076600111772,4.58885129277734,4.45691775924483e-06,0.00013680899616651,"Lilra5"
"ENSMUSG00000071042",3629.46456839365,-0.881872290859491,0.222415238998428,-3.96498142317363,7.34016632856157e-05,0.00135631280997511,"Rasgrp3"
"ENSMUSG00000071176",1852.02928113539,-0.704799322775268,0.203015045423244,-3.47166054272435,0.000517249945829033,0.0065536668668338,"Arhgef10"
"ENSMUSG00000071230",717.008590587498,0.796171925986681,0.234380370576053,3.39692237890858,0.000681482947795214,0.00809487557337865,"Npw"
"ENSMUSG00000071415",6460.72989580932,0.612004794780463,0.129007357567104,4.74395264209738,2.09587866942277e-06,7.37064417898381e-05,"Rpl23"
"ENSMUSG00000071454",943.443909288895,0.701516291413874,0.189736439248216,3.6973197884047,0.000217887793902511,0.00333839231395228,"Dtnb"
"ENSMUSG00000071547",987.207082450831,-0.865524655055391,0.162827631662747,-5.31558830781307,1.06313274511077e-07,5.7729077481471e-06,"Nt5dc2"
"ENSMUSG00000071550",1392.53434778673,-0.994404654875758,0.29008519399358,-3.42797452426257,0.000608102522023026,0.00745113275441794,"Cfap44"
"ENSMUSG00000071713",3768.08423494921,0.901036807211711,0.178707600674123,5.04196130334026,4.60784482772028e-07,2.13815968434345e-05,"Csf2rb"
"ENSMUSG00000071714",1485.64755581638,1.06520635724297,0.213159986598016,4.99721535098315,5.81641027594579e-07,2.59127604937086e-05,"Csf2rb2"
"ENSMUSG00000071856",2191.19151471425,-0.769181885750071,0.212033478063818,-3.6276435814469,0.000286019723638702,0.00411743945431539,"Mcc"
"ENSMUSG00000071858",74.6611741407253,9.61682240534241,2.83559419671236,3.39146638700712,0.000695196899081837,0.0082295669865876,"Gm94"
"ENSMUSG00000072082",136.558485591786,1.55986327880147,0.460367948099887,3.3882968726203,0.00070328098939675,0.00830410765074219,"Ccnf"
"ENSMUSG00000072115",586.542711697186,1.00437883261301,0.279546356791097,3.59288829281212,0.000327032809172811,0.00460397252629809,"Ang"
"ENSMUSG00000072294",307.491068116708,-1.18626323737759,0.37883792329021,-3.13132124438569,0.00174021689974749,0.0165984916785845,"Klf12"
"ENSMUSG00000072572",505.327202359121,2.13721469288581,0.322959210318137,6.6175994509663,3.65078608277147e-11,4.31929095157035e-09,"Slc39a2"
"ENSMUSG00000072596",4747.44974529689,1.03239230729155,0.180040797743975,5.73421313517867,9.79660774937028e-09,7.17280317387295e-07,"Ear2"
"ENSMUSG00000072640",429.372199143232,-0.616206373206123,0.222087003252549,-2.77461699325736,0.00552667519107626,0.0397160306872797,"Lyrm9"
"ENSMUSG00000072692",1060.12793122713,0.424540800912196,0.157774925195388,2.69080020406567,0.00712808700809628,0.0483643275349943,"Rpl37rt"
"ENSMUSG00000072720",332.20715682763,1.34170469866435,0.446557378315363,3.00455162945896,0.00265972613630426,0.0227023446846993,"Myo18b"
"ENSMUSG00000072812",1727.22799293276,0.815243062015687,0.28890670187479,2.82182122022565,0.00477517891717084,0.0354713394408553,NA
"ENSMUSG00000072845",21.897663340721,4.39107399743118,1.60431352019893,2.73704231881478,0.00619943174681501,0.0435178185292142,"Tmprss11a"
"ENSMUSG00000073102",943.609019563767,-0.881666234378437,0.296234571907196,-2.97624355152795,0.00291803019799081,0.0244285892629362,"Drc1"
"ENSMUSG00000073418",7301.99974501887,-0.580368059356472,0.150334187736657,-3.86051947394105,0.00011314622232375,0.00194361275174404,"C4b"
"ENSMUSG00000073421",16476.7455805083,0.508816174196326,0.12322372390079,4.12920627691779,3.64017710115633e-05,0.000770518529764904,"H2-Ab1"
"ENSMUSG00000073601",17.3779726837943,7.51858969874853,1.82709880080026,4.1150427636729,3.87107639638761e-05,0.00080414860257517,"Serpinb3c"
"ENSMUSG00000073650",481.634529154865,-0.965481434311047,0.337135454166127,-2.86377900152648,0.00418619967582136,0.0321385720707127,"Catip"
"ENSMUSG00000073676",893.263061428395,0.686698482526234,0.206817731011313,3.32030759243109,0.000899183169518019,0.009971388779292,"Hspe1"
"ENSMUSG00000073702",5563.97888308164,0.44097695663384,0.143438208267521,3.07433397251721,0.00210973112692556,0.0191418723121001,"Rpl31"
"ENSMUSG00000073805",65.5857140078243,-1.64775756111876,0.47444651047748,-3.47301018076931,0.000514655832497092,0.00653470252136499,"Insyn2a"
"ENSMUSG00000073910",1459.57882000069,0.642575148754642,0.160910860244668,3.99336096878479,6.51432818997999e-05,0.00123675316805518,"Mob3b"
"ENSMUSG00000074063",1264.90766054425,0.655207684977419,0.176739918509349,3.70718562339249,0.000209575333128455,0.00323880910583031,"Osgin1"
"ENSMUSG00000074129",537.583117535506,0.600415608217728,0.214380074589705,2.80070621939489,0.00509909161748277,0.0375341045514337,"Rpl13a"
"ENSMUSG00000074156",25.0034002829984,3.1435303204226,1.1254503718792,2.79313099801437,0.00522005476868445,0.038080174326772,"Ces1h"
"ENSMUSG00000074199",490.459071769832,9.98309269016235,2.11119957880076,4.72863522255586,2.26034063374666e-06,7.82577236858217e-05,"Krtdap"
"ENSMUSG00000074227",8269.87088538574,0.53918879897302,0.150896645579581,3.57323250561365,0.000352601418072404,0.00489830819118468,"Spint2"
"ENSMUSG00000074259",3627.38779635134,-0.550850272060765,0.151261906606425,-3.64169859034005,0.000270845072976448,0.00393410278095615,"Gramd2a"
"ENSMUSG00000074280",3687.7797414866,1.33973498905415,0.180840331665873,7.40838604260854,1.27845700068946e-13,2.37912857472054e-11,"Gm6166"
"ENSMUSG00000074305",3601.39358847124,-0.691834065592712,0.137972817600891,-5.01427801231078,5.32329709854708e-07,2.43847955552676e-05,"Peak1"
"ENSMUSG00000074340",84.2449713669477,2.52398707436562,0.445984510249821,5.65936039561508,1.51938186585982e-08,1.03999069094198e-06,"Ovgp1"
"ENSMUSG00000074342",374.65767326134,0.60004836290999,0.218528499832799,2.74585861052037,0.00603527675681081,0.0424823558945725,"I830077J02Rik"
"ENSMUSG00000074361",208.217294128575,0.993190525036595,0.289436967636125,3.43145705660244,0.000600348172794983,0.00738651522519447,"C5ar2"
"ENSMUSG00000074364",17387.9821094294,-0.433153544958998,0.130062911341093,-3.33033868373931,0.000867404080092239,0.00969723021955435,"Ehd2"
"ENSMUSG00000074433",14.6562173192903,7.27248696618188,2.11496797937849,3.43858017572398,0.000584773344831259,0.00724980971923,"Lce3e"
"ENSMUSG00000074445",17.4231554138614,7.52042823279472,1.72491440583518,4.35988487739102,1.30130886776079e-05,0.000332587738519979,"Sprr2a3"
"ENSMUSG00000074480",167.784762934845,1.65888832221827,0.509028563210352,3.25892973815842,0.0011183336094988,0.0118499584422871,"Mex3a"
"ENSMUSG00000074489",30.7608667684584,4.31248063863727,1.37338990515799,3.14002645748382,0.00168932577112841,0.0162094735475865,"Bglap3"
"ENSMUSG00000074505",564.940809869757,-0.950773558437835,0.27197327456918,-3.49583450779828,0.000472581698937723,0.00611675555892806,"Fat3"
"ENSMUSG00000074607",672.588705860509,-1.37818288180885,0.19239125003809,-7.16343846997198,7.86781853418988e-13,1.30146831586391e-10,"Tox2"
"ENSMUSG00000074656",1873.12555252777,0.470930658736942,0.145250396870531,3.24219877455278,0.00118611262330301,0.0124062658169252,"Eif2s2"
"ENSMUSG00000074743",18716.7469042549,-0.906770149109911,0.22640864721784,-4.00501553386987,6.20134058536975e-05,0.00118362125595759,"Thbd"
"ENSMUSG00000074749",1742.90187201617,0.456655659424316,0.150530292207566,3.03364626964674,0.00241617550424842,0.0211904641057428,"Kiz"
"ENSMUSG00000074766",1954.05439107133,-0.652129846548779,0.185969558020638,-3.50664836487061,0.000453788381346903,0.00594336016678612,"Ism1"
"ENSMUSG00000074793",2064.14377331839,-0.798115513822992,0.255724967724833,-3.12099174720313,0.00180243085380295,0.0170192532786415,"Hspa12b"
"ENSMUSG00000074802",170.113128469656,1.13938924342894,0.389640693358716,2.92420494791591,0.00345337292967432,0.0277278684892727,"Gas2l3"
"ENSMUSG00000074825",473.09898155113,-0.733328569818567,0.205912837713827,-3.56135429903467,0.000368946827509753,0.00505850734724615,"Itpripl1"
"ENSMUSG00000074934",107.408308415756,1.37630420841229,0.418690363388753,3.28716476126391,0.00101201604160159,0.0109840015693878,"Grem1"
"ENSMUSG00000074971",1498.02901184822,-0.970314355242,0.320131092070674,-3.03099067624393,0.00243752774755935,0.0212836916960644,"Fibin"
"ENSMUSG00000074981",84.6145277896519,-1.84703200785397,0.616999380445498,-2.99357190038074,0.00275732531799447,0.023379030282853,"Dcdc5"
"ENSMUSG00000075033",801.424296154912,-1.12114580077644,0.187187346403212,-5.98943156318606,2.10575715671352e-09,1.75767891881478e-07,"Nxpe3"
"ENSMUSG00000075054",1017.40387889406,0.580550523318384,0.170767293749236,3.39965874361689,0.000674700024736771,0.00802875548207251,"Yae1d1"
"ENSMUSG00000075225",807.355905231324,-1.00543707707945,0.326951329835543,-3.07518882882411,0.00210369318349735,0.0191064965547433,"Ccdc162"
"ENSMUSG00000075254",13642.3622125108,-0.83987617288258,0.176064117104584,-4.77028588615638,1.83964638348877e-06,6.58936956469818e-05,"Heg1"
"ENSMUSG00000075304",198.875614913744,0.796383564251785,0.282495818807266,2.81909858919052,0.00481587239145324,0.0357290532696479,"Sp5"
"ENSMUSG00000075324",202.070988170773,-0.987579180304477,0.31537010299312,-3.13149271580135,0.00173920100433759,0.0165976634308179,"Fign"
"ENSMUSG00000075334",347.389591936232,1.02847679875871,0.234042940244825,4.39439360009259,1.1108239333722e-05,0.000288442871652535,"Rprm"
"ENSMUSG00000075585",323.878253523802,-0.68026979554839,0.228061776426822,-2.98283125829579,0.00285595404541956,0.0240554545126924,"6330403L08Rik"
"ENSMUSG00000075592",1127.49436906755,-1.06235473285827,0.239432690471012,-4.43696610838064,9.12356515852049e-06,0.000245101491063111,"Nynrin"
"ENSMUSG00000075595",4385.99824196176,-0.442861829251437,0.14528012098085,-3.04833053731977,0.00230116660797729,0.0204122847326288,"Zfp652"
"ENSMUSG00000075705",3070.2461462193,0.693642210061341,0.165831257910017,4.18281944431563,2.87916048557814e-05,0.00063501484043029,"Msrb1"
"ENSMUSG00000076434",91.1359750065103,1.31609048211127,0.415450709864305,3.16786191685925,0.00153564438923123,0.0150407275293947,"Wfdc3"
"ENSMUSG00000076514",589.376195959701,1.28673053243972,0.270267731231783,4.76094769647589,1.92685985399558e-06,6.85724129315358e-05,"Igkv17-121"
"ENSMUSG00000076571",23.0679205433787,-3.5701397524314,1.17758968114738,-3.03173491546975,0.00243152635725649,0.0212474720576915,"Igkv5-37"
"ENSMUSG00000076609",56660.1063370491,0.353229957246061,0.123121854402994,2.86894604502862,0.00411842046216348,0.0316862969666454,"Igkc"
"ENSMUSG00000078249",525.807032824741,0.859685315208634,0.262902605288008,3.2699764015912,0.00107556456707655,0.0115266712602415,"Hmga1b"
"ENSMUSG00000078252",86.7549888916353,1.43208126718446,0.507460455411155,2.82205490479875,0.00477170072149032,0.0354602468342032,"Krtap17-1"
"ENSMUSG00000078451",284.825596706675,-0.721698090928566,0.265260847727881,-2.72071094211733,0.00651416955705682,0.0451944229657554,"Ppil6"
"ENSMUSG00000078453",842.197002592815,0.615965620044093,0.167152896912858,3.68504304394566,0.000228663992432992,0.00345686777535529,"Abracl"
"ENSMUSG00000078490",550.800640760165,-0.965824876806542,0.351446503824977,-2.74814193993954,0.00599340570327992,0.042287595927763,"Cfap74"
"ENSMUSG00000078566",916.791460503039,0.467288026472971,0.162832063874821,2.86975436749487,0.00410790775625639,0.0316332465852806,"Bnip3"
"ENSMUSG00000078607",1367.70645368861,-0.591313190851877,0.208919572352289,-2.83033889163232,0.00464987228387342,0.0347282476385446,"1810010H24Rik"
"ENSMUSG00000078812",9372.1768616996,0.466201859653417,0.131811869031681,3.53687314411243,0.000404894092780427,0.00542236354386981,"Eif5a"
"ENSMUSG00000078925",53.040967912931,-1.58962300141512,0.508015758623925,-3.12908206966053,0.00175353324076884,0.0166919516583472,"D030018L15Rik"
"ENSMUSG00000078945",621.938249820021,1.00328199263109,0.190030441972811,5.2795856401504,1.29476352421306e-07,6.90476130151235e-06,"Naip2"
"ENSMUSG00000078949",15.7387474371097,4.93105171243326,1.41598634111042,3.48241474459868,0.000496913420873628,0.00637283436030679,"R3hdml"
"ENSMUSG00000078963",60.9978224178518,2.19477316302614,0.52355575481508,4.19205240863284,2.76442111873055e-05,0.000619056930580875,"Hsbp1l1"
"ENSMUSG00000078965",124.160605388405,1.39073523338987,0.346473675530815,4.01397084860542,5.9705723619082e-05,0.00114816227390194,"Gm12033"
"ENSMUSG00000078994",43.2926555235019,2.79152883956217,1.02704417322132,2.71802217698832,0.00656734361466305,0.0454926691260005,"Zfp429"
"ENSMUSG00000079025",15.6573959299454,7.36842414751524,1.90325248046726,3.87149063150373,0.000108171815543323,0.0018890415295029,"Gsdmc"
"ENSMUSG00000079037",9109.00218947017,0.395607105077079,0.137153224447597,2.8844170938776,0.00392138996661963,0.0306152104211446,"Prnp"
"ENSMUSG00000079105",7510.47693252684,-1.26256603740587,0.259846399262153,-4.8588937194858,1.18043474764372e-06,4.66863050040649e-05,"C7"
"ENSMUSG00000079293",4695.39339658528,1.38176043139027,0.164022064936386,8.42423506816703,3.63114622155424e-17,1.13807767101871e-14,"Clec7a"
"ENSMUSG00000079316",1633.47083341204,0.644286892068045,0.160642731175512,4.01068188615471,6.0543638668174e-05,0.00116052800944949,"Rab9"
"ENSMUSG00000079343",29.0721054511555,-2.7528575433697,0.740653163437472,-3.71679711809143,0.000201764333941447,0.00313709297290162,"C1s2"
"ENSMUSG00000079355",371.667475510562,-1.49655721492625,0.324289538116262,-4.61487972636881,3.93323025317311e-06,0.000125477068701674,"Ackr4"
"ENSMUSG00000079427",220.602083392162,0.764556703617911,0.2654674297301,2.88003957545841,0.00397625255505908,0.0308851095200568,"Mthfsl"
"ENSMUSG00000079435",4441.97625725033,0.497758588002212,0.149617339316185,3.32687768862339,0.000878249131473249,0.00977545478149163,"Rpl36a"
"ENSMUSG00000079442",1427.22090057191,0.695510714928064,0.178304658189493,3.9006872954991,9.59199836827708e-05,0.0017084850533327,"St6galnac4"
"ENSMUSG00000079445",1669.95190033417,1.85263709581985,0.203257242627768,9.11474086663985,7.88587008419663e-20,3.3543111679565e-17,"B3gnt7"
"ENSMUSG00000079465",9012.22751621726,-0.662489558038797,0.150582727362476,-4.39950563814722,1.08497758679373e-05,0.000282965322453577,"Col4a3"
"ENSMUSG00000079481",1111.76647906602,-0.989774317287858,0.227717700040584,-4.34649707559606,1.38328894856221e-05,0.000348553696277348,"Nhsl2"
"ENSMUSG00000079507",64.2819413216311,-1.91072806335885,0.475999429271699,-4.01413939987775,5.96630797009488e-05,0.00114816227390194,"H2-Q1"
"ENSMUSG00000079523",4812.78875762079,0.398239168107733,0.133336562434405,2.98672142761778,0.00281986545758835,0.0238414086132588,"Tmsb10"
"ENSMUSG00000079547",1938.54852467013,0.829993384754185,0.143920717049539,5.76701813171548,8.06863745538356e-09,6.03122209792583e-07,"H2-DMb1"
"ENSMUSG00000079553",90.0890434350429,1.3242766726587,0.450308781977855,2.94081911270349,0.00327345630327945,0.0266253451828694,"Kifc1"
"ENSMUSG00000079588",172.528341911254,1.1356428245164,0.380831625984951,2.98200765647881,0.00286364837117153,0.0240964533733453,"Tmem182"
"ENSMUSG00000079620",2209.26145991684,0.941983293573178,0.278035570132558,3.38799561913633,0.000704053888507847,0.00830774287859491,NA
"ENSMUSG00000079659",2980.51029260335,0.785781379539861,0.186095780082681,4.22245673271444,2.41653798247295e-05,0.000553480141754862,"Tmem243"
"ENSMUSG00000079685",265.919800207467,1.00208389451343,0.2486850479183,4.02953013420673,5.58884514165255e-05,0.00109239298091491,"Ulbp1"
"ENSMUSG00000080242",1234.74317233316,0.490062218375013,0.173855788215115,2.81878574999557,0.00482056824785075,0.035749045972542,"Atp6v0c-ps2"
"ENSMUSG00000080875",96.0574877067792,1.09030342177051,0.396473770355183,2.75000139553686,0.00595950108935455,0.0421315737876213,"Gm7332"
"ENSMUSG00000080893",659.511879137612,0.651662059240859,0.183769389027913,3.54608600860004,0.0003909985688189,0.00529181017571943,"Ndufa12-ps"
"ENSMUSG00000081406",1490.24917623906,0.401172868503122,0.14860808939447,2.69953587410869,0.00694362692055284,0.0473826947806251,"Rps6-ps4"
"ENSMUSG00000081723",361.729999331763,0.763565916479863,0.247086222149536,3.09028123801154,0.00199967050906111,0.0183577151307178,"Gm15931"
"ENSMUSG00000081824",375.824965890455,0.985749634841522,0.231487938996844,4.25831963044503,2.0596930979944e-05,0.000484163384153551,"Ndufs5-ps"
"ENSMUSG00000082536",19242.9122428412,0.530064200765643,0.12711187241342,4.17006051993048,3.04518760657789e-05,0.000665878538451824,"Gm13456"
"ENSMUSG00000083563",1238.15709709311,0.540826079229706,0.152371771564224,3.549384992231,0.000386132093017466,0.00524183118674546,"Gm13340"
"ENSMUSG00000083773",297.134314471942,-1.10271102305688,0.367389714795131,-3.00147494241036,0.00268675150687446,0.0228892778589949,"Gm13394"
"ENSMUSG00000083863",318.965507036373,0.773860668009647,0.244883795924013,3.16011382088252,0.00157707516501885,0.0153622943419093,"Gm13341"
"ENSMUSG00000084106",1823.48074580536,0.517248882389342,0.175252262956851,2.95145337162746,0.00316282296250731,0.02601444294522,"Gm6136"
"ENSMUSG00000084319",8488.35440297046,0.647606359979554,0.143077650384605,4.52625800213194,6.0037277038896e-06,0.000174400968178842,"Tpt1-ps3"
"ENSMUSG00000084416",872.387989296666,0.542441066812679,0.178695533146363,3.03556030339261,0.00240089206943309,0.0210978538221456,"Rpl10a-ps1"
"ENSMUSG00000084803",52.6462417942197,-2.13266812811373,0.677041277849795,-3.14998242778763,0.00163280283097963,0.0157814971745604,"5830444B04Rik"
"ENSMUSG00000084883",721.035443007811,-0.744453679614206,0.192017637088937,-3.87700677344237,0.000105749415321823,0.00185035583224718,"Ccdc85c"
"ENSMUSG00000084902",405.513120373527,-1.30023529454662,0.386461038442849,-3.36446669963316,0.000766917384286504,0.00887369110769326,"Cdhr18"
"ENSMUSG00000084960",188.65586876647,-2.43435515189315,0.432808753646283,-5.62455156321225,1.85990494024254e-08,1.24914292321176e-06,"B430010I23Rik"
"ENSMUSG00000084989",328.22894033101,-0.919272901322014,0.337135433368927,-2.72671695210409,0.00639678851965856,0.0446400886342578,"Crocc2"
"ENSMUSG00000085180",154.643091635236,-1.27137491593323,0.432021267792649,-2.94285261100487,0.00325203204729936,0.0264801971399284,"AI838599"
"ENSMUSG00000085295",46.9750813745991,4.89041905229001,0.79707446116329,6.13546072615687,8.49127420423908e-10,7.58483068293656e-08,"4930430E12Rik"
"ENSMUSG00000085316",26.4303872686118,2.55648479168678,0.822482572626808,3.10825405518563,0.00188196212648166,0.0175659631084613,"D330050G23Rik"
"ENSMUSG00000085338",177.174643696338,-1.01685369683243,0.297962370492048,-3.41269166020269,0.000643246771847796,0.00776598966645096,"2410004I01Rik"
"ENSMUSG00000085882",193.545080379188,-1.05585285673768,0.362819145674151,-2.91013544716833,0.00361272153242197,0.028710529438042,"2610507I01Rik"
"ENSMUSG00000085939",861.993808668964,0.741517459157292,0.191689366526478,3.86832860160173,0.000109583923685532,0.00190078766160296,"Cd63-ps"
"ENSMUSG00000086043",245.479471651173,-0.759509900885547,0.255971845426659,-2.96716187524288,0.00300562670455442,0.0250095580236911,"Gm12473"
"ENSMUSG00000086196",21.8327572602537,2.770619114035,0.862896498543351,3.21083596782704,0.00132349458323559,0.0134571603469003,"Gm13571"
"ENSMUSG00000086583",2491.94474800713,0.389612671184442,0.140804965586567,2.76703786376702,0.0056568184635276,0.0404236247403682,"Gm15500"
"ENSMUSG00000086763",128.303252783274,1.08677506782174,0.369268993230932,2.94304446824242,0.00325001731335995,0.0264801971399284,"Plxna4os1"
"ENSMUSG00000086843",171.637654718019,-0.954356689947955,0.339826199958096,-2.80836701250709,0.00497934435004362,0.0368042973990605,"E030013I19Rik"
"ENSMUSG00000086868",326.955732659182,-1.22427595419077,0.256651410134919,-4.77018986004081,1.84052360077492e-06,6.58936956469818e-05,"Gm15883"
"ENSMUSG00000087013",80.4814642464506,-1.20260896580429,0.428578406325607,-2.80604190051196,0.00501541701062088,0.0370402748634733,"2610027K06Rik"
"ENSMUSG00000087090",17.5072718758667,6.04139319397189,1.86763417035375,3.23478403312121,0.00121734772379401,0.0126074881655536,"Nctc1"
"ENSMUSG00000087178",128.994825374764,-1.05960187812386,0.335839941431294,-3.15507998723444,0.00160454108996827,0.0155704109572424,"A230056P14Rik"
"ENSMUSG00000087364",22.7497884964242,4.38913708292903,1.08487325195585,4.04576025357444,5.21535879779287e-05,0.00103640027722547,"Gm13398"
"ENSMUSG00000087461",88.2215547320144,2.02570970100719,0.422851359038651,4.79059522384561,1.66287283119013e-06,6.0885086090971e-05,"C230014O12Rik"
"ENSMUSG00000087516",161.564720962521,-1.28890263547692,0.346247432794446,-3.72249008483507,0.00019726765771661,0.00308327795722418,"Tbx3os1"
"ENSMUSG00000087687",546.710507038469,0.564797595413847,0.19919407877865,2.83541357693401,0.00457663957976926,0.0343103928210566,"Pet100"
"ENSMUSG00000089901",204.424108716001,1.45129535647856,0.542079761316808,2.67727271896871,0.00742241916498325,0.0497380038943832,"Gm8113"
"ENSMUSG00000089929",213.399134359299,1.98856195501315,0.309367494103761,6.42783095481322,1.29437565683418e-10,1.33664861903714e-08,"Bcl2a1b"
"ENSMUSG00000090035",1237.54644373674,-0.434478221098361,0.158488545937164,-2.74138562209169,0.00611806573566702,0.0429973423948431,"Galnt4"
"ENSMUSG00000090176",71.6538103820913,5.47735445727774,0.857335745701753,6.38880915060222,1.67182552956794e-10,1.70669503347035e-08,"Cd200r2"
"ENSMUSG00000090509",4232.7821052133,1.34685200348921,0.188246274511291,7.15473390900188,8.38353808120892e-13,1.34929646685403e-10,"Sfta2"
"ENSMUSG00000090642",60.310565646642,1.47335238631001,0.488842089264133,3.01396385186039,0.00257858527387409,0.0222113914743301,"Gm17182"
"ENSMUSG00000090877",242.582816814228,1.36100484116025,0.404065743354979,3.36827574112013,0.000756399046863186,0.0087948401644948,"Hspa1b"
"ENSMUSG00000090958",1766.56109166066,-0.813931129260439,0.182846281940905,-4.45145025986088,8.5292290704761e-06,0.000231572457969689,"Lrrc32"
"ENSMUSG00000091537",814.738476907377,0.546755679981965,0.180607259335245,3.02731840344841,0.00246733914151318,0.0214705376342586,"Tma7"
"ENSMUSG00000091549",1304.44166407448,0.797275467647571,0.233052022766859,3.42101929939115,0.000623869049140083,0.00759742369658321,"Gm6548"
"ENSMUSG00000091561",735.923737286214,-0.538791240080035,0.179080024002611,-3.00866187103135,0.00262400975963504,0.0225128323781371,"Gm6665"
"ENSMUSG00000091712",226.13680026497,-0.893521642111396,0.333355365526123,-2.68038776187442,0.00735369206286512,0.0494061019697168,"Sec14l5"
"ENSMUSG00000092203",223.195149211866,1.01819381547893,0.333934540525347,3.04908205625303,0.00229541775585865,0.020411913225706,"1110038B12Rik"
"ENSMUSG00000092243",21.7523322053274,-3.60206071338692,1.00701373964015,-3.57697275776404,0.000347596383055587,0.00483630014274771,"H2-T9"
"ENSMUSG00000092586",160.213467281796,2.02924518003253,0.643373306171347,3.15407114433823,0.00161009829245953,0.015607382525659,"Ly6g6c"
"ENSMUSG00000092618",50.9944480820136,3.41165878969131,0.601430594993335,5.67257272591714,1.40668770777678e-08,9.77839529160788e-07,"Btnl6"
"ENSMUSG00000093674",8351.26687062029,0.652645877557528,0.145188147156979,4.4951732654311,6.95133209626455e-06,0.000197433303497243,"Rpl41"
"ENSMUSG00000094345",367.262529947294,-1.1542620432174,0.400896422929332,-2.87920264985967,0.00398682060359659,0.0309038181599429,"Igkv14-126"
"ENSMUSG00000094430",90.2572017713309,2.76938932270677,0.48828578337788,5.67165667521302,1.41423179668896e-08,9.79273296428224e-07,"Smbd1"
"ENSMUSG00000094530",752.669446088888,0.596047617593727,0.203938239171259,2.92268688802982,0.00347025293428233,0.0278383783883942,"Gm21399"
"ENSMUSG00000095098",1252.2529380577,-0.524292936550934,0.174267286396498,-3.0085562665964,0.00262492190560646,0.0225128323781371,"Ccdc85b"
"ENSMUSG00000095115",5289.04692975485,-0.586423538513748,0.167136344036608,-3.50865361985724,0.000450381050281356,0.00592049812553672,"Itpripl2"
"ENSMUSG00000095127",98.4167020746987,1.14414413499365,0.396696774670825,2.88417806255938,0.00392436786254806,0.0306152104211446,"Ighv1-82"
"ENSMUSG00000095416",82.6678994891373,1.5452691213196,0.413315227478263,3.73871809840557,0.000184960990095282,0.00293718052271308,"Ighv1-12"
"ENSMUSG00000095682",119.444771567775,1.82634624332088,0.577198485960081,3.16415633052647,0.00155533227880252,0.0151919142486643,"Igkv3-1"
"ENSMUSG00000096001",31.9839609782667,4.5880637544845,0.953944872174464,4.80956907292375,1.51256022800587e-06,5.67686732632875e-05,"Gpr15lg"
"ENSMUSG00000096054",7213.80059401013,-0.777864264740164,0.163427412382063,-4.75969271863437,1.93887916135944e-06,6.88068468732057e-05,"Syne1"
"ENSMUSG00000096108",56.2333793528803,-2.41091478010644,0.78413739725659,-3.07460757329181,0.00210779692766142,0.0191340407076582,"Ighv11-2"
"ENSMUSG00000096141",244.427225662925,-1.0478994228784,0.294122624976925,-3.56279773771436,0.000366923384745076,0.00504191145552484,"Dnah7a"
"ENSMUSG00000096336",515.460903618846,-0.850234925101779,0.255844889768578,-3.32324372736485,0.000889771363774949,0.00987314621977606,"Igkv1-135"
"ENSMUSG00000096580",19.6152114507425,4.57169844650632,1.66342719230364,2.74836101493272,0.00598940216045785,0.0422760448820938,"Igkv1-132"
"ENSMUSG00000096617",213.616298682339,1.17758377570004,0.324779404649638,3.62579572116151,0.00028807301964108,0.00414032541905703,"Gm5559"
"ENSMUSG00000096929",255.112615125219,-0.77592786387315,0.26116355131623,-2.97104193890218,0.00296791248038645,0.0247487673003091,"A330023F24Rik"
"ENSMUSG00000097099",462.844641140094,-1.19491889366802,0.220230822397275,-5.42575685211086,5.77094753457244e-08,3.41384032136214e-06,"Gm9917"
"ENSMUSG00000097336",2068.06941093103,-1.18807924949178,0.148202333749546,-8.01660283905899,1.08709912199287e-15,2.73535574850742e-13,"Fendrr"
"ENSMUSG00000097391",57.1403580005096,3.32910130922155,0.840596187547295,3.96040495845603,7.48227685146065e-05,0.0013808974788362,"Mirg"
"ENSMUSG00000097451",1738.71241041641,3.9820052612567,0.246991619636975,16.1220257882004,1.78655442826597e-58,1.59583974304858e-54,"Rian"
"ENSMUSG00000097814",395.207599670774,1.03174057115525,0.322501722254482,3.19917848482409,0.00137819815795125,0.0138556612784463,"Panct2"
"ENSMUSG00000097855",95.6978803335881,1.06642945145159,0.383308606400862,2.78216933729979,0.00539968579475682,0.0390548124385954,"A930007I19Rik"
"ENSMUSG00000098188",1888.67984142298,0.499289258425326,0.161297913191066,3.09544772494292,0.00196516009794795,0.0181153690143654,"Sowahc"
"ENSMUSG00000098470",21.2338313895867,-2.72356628769027,0.891122993154423,-3.05633039278821,0.00224064206544865,0.0200245475233817,"C1rb"
"ENSMUSG00000098557",2765.1318156108,-0.6058252761511,0.145416008543444,-4.16615255926316,3.0978343370796e-05,0.000674912322340575,"Kctd12"
"ENSMUSG00000098814",663.784334629149,-1.23209802140912,0.352289896412265,-3.49739812000532,0.000469820124657344,0.00609537874146947,"Igkv19-93"
"ENSMUSG00000099974",296.695665703976,1.1767471257882,0.243092597674223,4.84073615176551,1.29359030997324e-06,5.04392095886668e-05,"Bcl2a1d"
"ENSMUSG00000100444",61.3296325542383,-1.83553646215022,0.545692353900217,-3.36368367456703,0.000769096398735812,0.00888739143817288,"C530043A13Rik"
"ENSMUSG00000100801",8615.38403578708,0.501548078309717,0.181708631320419,2.76017751421673,0.00577699617888309,0.0410852057069054,"Gm15459"
"ENSMUSG00000100862",2769.97136135875,0.521339859685453,0.140548091397377,3.70933432465794,0.000207804882761437,0.00321701406458671,"Atp6-ps"
"ENSMUSG00000101111",4250.99655732737,0.647874845220215,0.131437604022594,4.92914375637011,8.25907873327194e-07,3.54683753773806e-05,"Gm28437"
"ENSMUSG00000101249",2795.0770881809,0.556743415883535,0.132516095484526,4.20132674335057,2.65355283913341e-05,0.00060083297175055,"Gm29216"
"ENSMUSG00000101337",138.841003271062,-1.21917249752767,0.361118323554085,-3.3761025625305,0.000735205069832359,0.00860710260324711,"Dnah7c"
"ENSMUSG00000101872",810.466119945955,-0.703890124037374,0.231587477907149,-3.03941357450935,0.00237039202953638,0.0209121252383543,"Gm29237"
"ENSMUSG00000102037",184.740408904544,1.29605430780052,0.299396285540105,4.32889240914418,1.49861119206875e-05,0.000372360068794273,"Bcl2a1a"
"ENSMUSG00000102070",3749.36108115097,0.582714858080019,0.126619994947056,4.60207614384814,4.18300213115937e-06,0.000131334504522253,"Gm28661"
"ENSMUSG00000102353",66.0850776629913,1.78043740012581,0.518472545961124,3.43400516381307,0.000594732866032326,0.00732751907011552,"Gm38345"
"ENSMUSG00000102483",66.801119873303,1.83721968174188,0.645754516300612,2.84507445997732,0.00444010424788342,0.0335028817498696,"Catspere1"
"ENSMUSG00000102697",378.761736088135,-1.36273638841154,0.334273554903685,-4.07671013282576,4.56773767253302e-05,0.000927302653634118,"Pcdhac2"
"ENSMUSG00000102715",32.834395252585,5.34733629711006,1.20561571997413,4.43535714450107,9.191977049278e-06,0.000246359348423371,"Gm6209"
"ENSMUSG00000102748",275.728932560067,-0.839177301882114,0.253518817777786,-3.31011839372676,0.000932565167008288,0.0102841214250636,"Pcdhgb2"
"ENSMUSG00000102752",425.579407973312,-0.620651447150328,0.219560151505576,-2.82679458405532,0.00470164770352533,0.0350270793258882,"Gm7694"
"ENSMUSG00000102895",22.7740400901214,4.30762513173792,1.21716145926946,3.53907454013813,0.000401532454245184,0.0053894645342526,"5830415G21Rik"
"ENSMUSG00000102918",1535.76420201508,-0.603317572527971,0.164610140364479,-3.66513005330113,0.00024721292579296,0.00366815524858075,"Pcdhgc3"
"ENSMUSG00000102983",14.9464724214556,4.74388855408007,1.43704056970508,3.30115144560856,0.000962888923857932,0.0105404476867169,"Gm38320"
"ENSMUSG00000104068",16.2311527739202,4.98044811993084,1.47815343445608,3.36937154414115,0.000753397986971269,0.00877409063705458,"Gm37199"
"ENSMUSG00000104213",1577.30726547736,-0.862897819938522,0.223896654857399,-3.85400050075829,0.00011620335692392,0.00198467779296925,"Ighd"
"ENSMUSG00000104802",3251.10577472138,0.577115679173808,0.197908218826841,2.91607737462765,0.00354462583522986,0.0282825996187501,"Gm5869"
"ENSMUSG00000105112",45.2942210397988,-1.94321583687634,0.565500818883923,-3.43627413433545,0.000589773885146733,0.00728148614937553,"Gm42778"
"ENSMUSG00000105357",62.3819186980075,1.70895217731038,0.524677973048766,3.25714488713927,0.00112538973839657,0.0119035451015125,"Gm42647"
"ENSMUSG00000106139",96.2400572378988,-1.76575825055479,0.451850113514702,-3.90784067048228,9.31246822696622e-05,0.00166201043830921,"Gm30648"
"ENSMUSG00000106373",84.339456969633,2.542139501518,0.57199545486007,4.44433514273272,8.81640808899706e-06,0.000238644137136261,"Gm6522"
"ENSMUSG00000106847",4462.33831644769,-0.645032837871753,0.171744702127168,-3.75576556296997,0.000172812405602459,0.0027713587307791,"Peg13"
"ENSMUSG00000106957",9797.03798246333,1.69632558821853,0.132804438132118,12.7731091827743,2.31710330460768e-37,6.89917508946937e-34,"Gm43085"
"ENSMUSG00000107002",592.351992321958,0.540543313800588,0.190231876185842,2.84149704370532,0.00449022682756489,0.0338250110916801,"Ncbp2as2"
"ENSMUSG00000107176",5437.6362630532,0.634358474143841,0.145899340402438,4.34791872529426,1.37435511751701e-05,0.000346791725627704,"Gm9794"
"ENSMUSG00000107257",476.267939336148,0.55367072496396,0.203604505417115,2.71934417084573,0.00654115076691825,0.0453571317296598,"Gm43028"
"ENSMUSG00000107811",22.6307304471956,-3.43499688718191,0.881441437703969,-3.8970222413523,9.73826788386948e-05,0.00173115732373269,"Gm44000"
"ENSMUSG00000107881",4700.06763500883,0.437266292103331,0.125042140363229,3.49695143439754,0.000470607498625467,0.00610116325322494,"Gm44250"
"ENSMUSG00000108481",47.399719517207,2.00298742949093,0.617929841853636,3.24144796678288,0.00118924142204034,0.012417482139765,"Gm33248"
"ENSMUSG00000108841",314.945633659648,-1.02299782025006,0.372556187279754,-2.745888687877,0.00603472349822635,0.0424823558945725,"Frmpd2"
"ENSMUSG00000109244",914.995783176622,1.43201706825907,0.168786365949528,8.4841987100266,2.1721029773983e-17,6.92939637343227e-15,"Gm44751"
"ENSMUSG00000109491",20.9343342233645,5.24842871457769,1.40665687285643,3.73113643835539,0.00019061794797702,0.00300298910106655,"Gm15396"
"ENSMUSG00000109564",799.555942417657,-1.08854274732424,0.203547587425475,-5.34785384141575,8.90032917927916e-08,4.96888689961944e-06,"Muc16"
"ENSMUSG00000109572",107.535937281949,-1.05051780350693,0.360675581247328,-2.91263910873564,0.00358388531273146,0.0285575874718767,"Cfap99"
"ENSMUSG00000110397",88.2903852357529,-1.77624402217799,0.445552010140486,-3.98661431606587,6.70228424840818e-05,0.00126437495351438,"Gm45540"
"ENSMUSG00000110545",502.254580651188,0.72607186588784,0.25511353510336,2.84607347702531,0.00442619804236141,0.033477573254355,"Gm7730"
"ENSMUSG00000110945",256.113361040384,1.20145002632219,0.336711752926613,3.56818559459088,0.0003594618555628,0.00497812872064296,"Gm9856"
"ENSMUSG00000111094",20.6305536286687,3.15619695940299,1.07630575455677,2.93243527319311,0.00336315018905915,0.0271744360594942,"Gm34425"
"ENSMUSG00000111171",107.06927098742,1.23874064123419,0.419475990824494,2.9530668460891,0.00314633822764932,0.0259152157167711,"Gm47815"
"ENSMUSG00000111679",16.1063301653695,4.84408450045421,1.53358564222255,3.15866578760735,0.00158493133350198,0.0154129957032056,"Gm47063"
"ENSMUSG00000111877",206.102980459674,0.733984705423883,0.271775386365993,2.70070338318071,0.00691930169841495,0.047252800016125,"Gm6477"
"ENSMUSG00000112023",805.619753284525,1.36510304636436,0.355709632374015,3.83768928958608,0.000124197490670125,0.00210911423081919,"Lilrb4b"
"ENSMUSG00000112121",208.333617461806,-0.841582042197547,0.31322351741038,-2.68684180918293,0.00721311048363597,0.0488083487637491,"C230072F16Rik"
"ENSMUSG00000112164",473.618995476057,2.17250998415711,0.340359647286104,6.38298341615955,1.7367072051495e-10,1.76285648977249e-08,"Gm19990"
"ENSMUSG00000112449",29.4344573362514,3.72099256784031,0.879845617218429,4.22914258481388,2.34583641112842e-05,0.000538667962529683,"Srp54b"
"ENSMUSG00000112527",110.721737643021,1.09303860723246,0.371478063183171,2.94240418361798,0.00325674551809274,0.0265064959821079,NA
"ENSMUSG00000112532",56.8867192909804,-1.98735111364681,0.662968259848779,-2.99765650032796,0.00272064130517834,0.0231559108704197,"Gm36283"
"ENSMUSG00000112825",424.482009689511,0.676750632678132,0.237238408871351,2.85261832558116,0.00433606661948639,0.0329493109983515,"Gm9118"
"ENSMUSG00000113035",593.541931699087,0.8640322197307,0.310920041303025,2.77895312283394,0.0054534394401936,0.0393321338712389,"5830428M24Rik"
"ENSMUSG00000113178",56.4769898434735,2.66581383990482,0.744835073865508,3.57906593478461,0.00034482446955238,0.00480147244626131,"Mylf-ps"
"ENSMUSG00000114245",208.801220972493,-0.801185572205714,0.281315526826309,-2.84799627395038,0.00439954396627747,0.0333465646828795,"Percc1"
"ENSMUSG00000114511",40.2576766607035,6.29566130759821,1.23568545939669,5.09487366685693,3.48973886059626e-07,1.67415048315029e-05,"0710001A04Rik"
"ENSMUSG00000114665",30.9828396294946,2.18581307421034,0.688978499280329,3.17254177959621,0.00151110815224302,0.0148492558524871,"Lncbate6"
"ENSMUSG00000115149",602.792963028626,4.44633766220505,0.405579816250161,10.9629165063346,5.7612221657251e-28,4.67837427230358e-25,"9330188P03Rik"
"ENSMUSG00000115230",89.8533813929285,1.8874904036948,0.589196621255013,3.20349834945483,0.00135768818294813,0.013690176907628,"AU022793"
"ENSMUSG00000115783",314.378074383046,1.03205900994929,0.236651117410555,4.36109924703553,1.29410646391378e-05,0.000331220801974493,"Bc1"
"ENSMUSG00000115801",145.718078919456,-1.80347661618984,0.395605187429682,-4.55877898848434,5.14518817686719e-06,0.000152689014584273,"Gm55330"
"ENSMUSG00000117813",304.7741159448,0.762215345307669,0.275402753622354,2.76763879548153,0.0056463996898456,0.0403803420019272,"Gm5823"
"ENSMUSG00000117975",1541.44031342734,-0.605867841954467,0.173786396631957,-3.48627886702529,0.000489790134946468,0.00631320401213466,"Itprip"
"ENSMUSG00000118314",21.9456581223287,2.31810635327844,0.825135654873508,2.80936393862873,0.00496394965504753,0.0367056956073776,"1700001K23Rik"
"ENSMUSG00000118462",292.844649407315,-0.970133978682617,0.307292480860748,-3.15703780308976,0.00159380682482248,0.0154746515899204,"Lhb"
